rep,pt,ci_l,ci_u,pi_l,pi_u,ri_l,ri_u,cov_ci,cov_pi,cov_ri,w_ci,w_pi,w_ri,f,y,yhat,yhat_te
0,0,4.049305493739932,7.818284339189998,2.709904028386659,9.15768580454327,3.268724416698579,8.598865416231352,True,True,True,3.768978845450066,6.447781776156611,5.330140999532773,6.937787399778101,5.5077483642771465,5.933794916464965,5.933794916464965
0,1,7.184747895622793,10.953726741072858,5.84534643026952,12.293128206426132,6.404166818581439,11.734307818114212,True,True,True,3.7689788454500652,6.447781776156613,5.330140999532773,9.460714491770982,10.481219583925121,9.069237318347826,9.069237318347826
0,2,3.7618202566685426,7.530799102118609,2.4224187913152697,8.870200567471882,2.9812391796271895,8.311380179159961,True,True,True,3.768978845450066,6.447781776156612,5.330140999532771,6.1273895751068865,8.26758926406852,5.646309679393576,5.646309679393576
0,3,5.782658819773325,9.55163766522339,4.443257354420052,10.891039130576665,5.002077742731972,10.332218742264745,True,True,True,3.7689788454500652,6.447781776156613,5.330140999532773,7.139375929717264,6.240055848372931,7.667148242498358,7.667148242498358
0,4,4.679892244363566,8.448871089813633,3.3404907790102936,9.788272555166905,3.8993111673222134,9.229452166854985,True,True,True,3.768978845450066,6.447781776156612,5.330140999532771,7.161950064874223,7.188751877447994,6.5643816670885995,6.5643816670885995
0,5,6.194372039208663,9.963350884658729,4.8549705738553905,11.302752350012003,5.41379096216731,10.743931961700083,True,True,True,3.7689788454500652,6.447781776156613,5.330140999532773,6.753915260683961,5.463344938134611,8.078861461933696,8.078861461933696
0,6,6.246186603080452,10.015165448530517,4.906785137727179,11.35456691388379,5.4656055260390985,10.795746525571872,True,True,True,3.7689788454500652,6.447781776156611,5.330140999532773,7.963068889201557,6.31369064111832,8.130676025805485,8.130676025805485
0,7,4.712068333584014,8.48104717903408,3.3726668682307412,9.820448644387353,3.931487256542661,9.261628256075433,True,True,True,3.768978845450066,6.447781776156612,5.330140999532771,6.28369213548002,6.553985398205182,6.596557756309047,6.596557756309047
0,8,5.769514811168278,9.538493656618344,4.4301133458150055,10.877895121971617,4.988933734126926,10.319074733659697,True,True,True,3.768978845450066,6.447781776156612,5.330140999532771,8.464276449579383,8.282696041942277,7.654004233893311,7.654004233893311
0,9,9.637354645165894,13.406333490615959,8.29795317981262,14.745734955969233,8.85677356812454,14.186914567657313,True,True,True,3.7689788454500643,6.447781776156614,5.330140999532773,10.540480256513593,12.036990335432497,11.521844067890926,11.521844067890926
0,10,2.2245491767013785,5.993528022151445,0.8851477113481057,7.3329294875047175,1.4439680996600255,6.774109099192797,True,True,True,3.768978845450066,6.447781776156612,5.330140999532771,4.374633041019439,2.790029388208853,4.109038599426412,4.109038599426412
0,11,5.739849833606782,9.508828679056847,4.400448368253509,10.84823014441012,4.959268756565429,10.289409756098202,True,True,True,3.7689788454500652,6.447781776156611,5.330140999532773,6.558051883049937,6.71880758533693,7.624339256331815,7.624339256331815
0,12,6.361047662029589,10.130026507479654,5.021646196676316,11.469427972832928,5.580466584988235,10.910607584521008,True,True,True,3.7689788454500652,6.447781776156613,5.330140999532773,7.49837826552985,8.495757291066646,8.245537084754622,8.245537084754622
0,13,4.116923496955938,7.885902342406004,2.7775220316026648,9.225303807759277,3.3363424199145846,8.666483419447356,True,True,True,3.768978845450066,6.447781776156612,5.330140999532771,5.52193736507948,6.587175757926703,6.001412919680971,6.001412919680971
0,14,7.812068990349657,11.581047835799723,6.4726675249963845,12.920449301152996,7.031487913308304,12.361628912841077,True,True,True,3.7689788454500652,6.447781776156611,5.330140999532773,9.265290350860527,8.706465936662449,9.69655841307469,9.69655841307469
0,15,8.595772793655886,12.36475163910595,7.256371328302612,13.704153104459223,7.815191716614532,13.145332716147305,True,True,True,3.7689788454500643,6.447781776156611,5.330140999532773,11.049430149401157,10.193842633973787,10.480262216380918,10.480262216380918
0,16,3.998740729050361,7.767719574500427,2.6593392636970883,9.1071210398537,3.218159652009008,8.54830065154178,True,True,True,3.768978845450066,6.447781776156612,5.330140999532771,6.421887899234889,5.794560944780631,5.883230151775394,5.883230151775394
0,17,6.02478087978654,9.793759725236606,4.685379414433267,11.13316119058988,5.244199802745188,10.574340802277959,True,True,True,3.768978845450066,6.447781776156612,5.330140999532771,7.404844072415859,7.931009669795934,7.909270302511573,7.909270302511573
0,18,6.058791735444623,9.827770580894688,4.71939027009135,11.167172046247963,5.278210658403269,10.608351657936042,True,True,True,3.7689788454500652,6.447781776156613,5.330140999532773,7.236007393026887,8.813704939368822,7.943281158169656,7.943281158169656
0,19,10.03550698337208,13.804485828822145,8.696105518018808,15.143887294175418,9.254925906330726,14.5850669058635,True,True,True,3.7689788454500643,6.44778177615661,5.330140999532773,11.526858042968335,11.190535248149837,11.919996406097113,11.919996406097113
0,20,10.390196442718393,14.159175288168457,9.050794977365118,15.498576753521732,9.609615365677039,14.939756365209812,True,True,True,3.7689788454500643,6.447781776156614,5.330140999532773,11.054634812112159,9.783611670669341,12.274685865443425,12.274685865443425
0,21,5.192414028093512,8.961392873543577,3.853012562740239,10.30079433889685,4.411832951052158,9.741973950584931,True,True,True,3.7689788454500652,6.447781776156611,5.330140999532773,7.170848933135526,6.360089154442252,7.076903450818545,7.076903450818545
0,22,5.2632344952152215,9.032213340665287,3.9238330298619486,10.37161480601856,4.482653418173868,9.812794417706641,True,True,True,3.7689788454500652,6.447781776156611,5.330140999532773,6.917661279549262,6.421798880870614,7.1477239179402545,7.1477239179402545
0,23,5.535803765297021,9.304782610747086,4.196402299943748,10.644184076100359,4.755222688255667,10.08536368778844,True,True,True,3.7689788454500652,6.447781776156611,5.330140999532773,7.565833718039687,7.06695774332251,7.420293188022054,7.420293188022054
0,24,10.90402882081292,14.673007666262984,9.564627355459645,16.01240913161626,10.123447743771566,15.453588743304339,True,True,True,3.7689788454500643,6.447781776156614,5.330140999532773,13.91457065307417,14.067329040741607,12.788518243537952,12.788518243537952
0,25,6.936682834946908,10.705661680396974,5.597281369593635,12.045063145750248,6.156101757905555,11.486242757438328,True,True,True,3.7689788454500652,6.447781776156613,5.330140999532773,8.850359894461757,8.98493380076701,8.821172257671941,8.821172257671941
0,26,4.4271108997098345,8.1960897451599,3.0877094343565616,9.535491210513173,3.6465298226684815,8.976670822201253,True,True,True,3.768978845450066,6.447781776156612,5.330140999532771,5.7039778688407825,6.143515697231688,6.311600322434868,6.311600322434868
0,27,11.485887347405127,15.254866192855191,10.146485882051852,16.594267658208466,10.705306270363772,16.035447269896544,True,True,True,3.7689788454500643,6.447781776156614,5.330140999532771,13.161845108573601,12.736939771403238,13.370376770130159,13.370376770130159
0,28,6.742281578053675,10.51126042350374,5.4028801127004025,11.850661888857015,5.961700501012322,11.291841500545095,True,True,True,3.7689788454500652,6.447781776156613,5.330140999532773,9.410755045590784,8.54322968505175,8.626771000778708,8.626771000778708
0,29,6.1751024188841415,9.944081264334207,4.835700953530869,11.283482729687481,5.394521341842788,10.724662341375561,True,True,True,3.7689788454500652,6.447781776156613,5.330140999532773,8.341483410150357,8.249080942015501,8.059591841609175,8.059591841609175
0,30,7.2976390399251025,11.066617885375168,5.95823757457183,12.406019350728442,6.517057962883749,11.847198962416522,True,True,True,3.7689788454500652,6.447781776156613,5.330140999532773,9.260872010737861,9.849213942246477,9.182128462650136,9.182128462650136
0,31,6.2233507139521675,9.992329559402233,4.883949248598895,11.331731024755506,5.442769636910814,10.772910636443587,True,True,True,3.7689788454500652,6.447781776156611,5.330140999532773,8.444798067282715,8.222927713740972,8.1078401366772,8.1078401366772
0,32,2.581432152618694,6.35041099806876,1.2420306872654212,7.689812463422033,1.800851075577341,7.130992075110113,True,True,True,3.768978845450066,6.447781776156612,5.330140999532771,4.0642819964940795,4.9532748336875025,4.465921575343727,4.465921575343727
0,33,3.4221327231385334,7.1911115685886,2.0827312577852606,8.530513033941872,2.6415516460971804,7.971692645629952,True,True,True,3.768978845450066,6.447781776156612,5.330140999532771,5.076068981359253,4.406295694893952,5.3066221458635665,5.3066221458635665
0,34,10.31664342965408,14.085622275104145,8.977241964300806,15.42502374045742,9.536062352612726,14.866203352145499,True,True,True,3.7689788454500643,6.447781776156614,5.330140999532773,12.11648167894132,11.874926556965653,12.201132852379112,12.201132852379112
0,35,6.257260986156271,10.026239831606336,4.917859520802998,11.365641296959609,5.476679909114917,10.80682090864769,True,True,True,3.7689788454500652,6.447781776156611,5.330140999532773,8.45253702733141,9.402504372159875,8.141750408881304,8.141750408881304
0,36,-0.7102384065388712,3.0587404389111947,-2.0496398718921442,4.398141904264468,-1.4908194835802244,3.839321515952548,True,True,True,3.768978845450066,6.447781776156612,5.330140999532772,0.9267398224253834,0.13337909288939798,1.1742510161861617,1.1742510161861617
0,37,6.728596939977922,10.497575785427987,5.389195474624649,11.83697725078126,5.948015862936568,11.278156862469341,True,True,True,3.7689788454500652,6.447781776156611,5.330140999532773,8.380301147753972,6.954132573569673,8.613086362702955,8.613086362702955
0,38,6.210460841560372,9.979439687010437,4.871059376207099,11.31884115236371,5.429879764519018,10.760020764051792,True,True,True,3.7689788454500652,6.447781776156611,5.330140999532773,6.8985198206612335,5.282379286101353,8.094950264285405,8.094950264285405
0,39,11.151996210769491,14.920975056219556,9.812594745416217,16.26037652157283,10.371415133728137,15.70155613326091,True,True,True,3.7689788454500643,6.447781776156614,5.330140999532773,14.338565461007446,15.13889696104991,13.036485633494523,13.036485633494523
0,40,1.5270262941822057,5.296005139632271,0.1876248288289326,6.635406604985544,0.7464452171408524,6.076586216673625,True,True,True,3.7689788454500652,6.447781776156612,5.330140999532772,3.0999647864478215,4.210823984858751,3.4115157169072385,3.4115157169072385
0,41,5.157521991962826,8.926500837412892,3.818120526609553,10.265902302766165,4.376940914921473,9.707081914454244,True,True,True,3.768978845450066,6.447781776156612,5.330140999532771,7.078729036046385,5.738692273915223,7.042011414687859,7.042011414687859
0,42,11.007195851436148,14.776174696886212,9.667794386082875,16.115576162239485,10.226614774394793,15.556755773927566,True,True,True,3.7689788454500643,6.44778177615661,5.330140999532773,12.547864678044267,13.123733254878406,12.89168527416118,12.89168527416118
0,43,1.9136359826527622,5.682614828102828,0.5742345172994892,7.022016293456101,1.133054905611409,6.463195905144181,True,True,True,3.768978845450066,6.447781776156612,5.330140999532771,2.76083317662555,0.7174323309187525,3.798125405377795,3.798125405377795
0,44,5.73210959011775,9.501088435567816,4.392708124764477,10.840489900921089,4.951528513076397,10.281669512609168,True,True,True,3.768978845450066,6.447781776156612,5.330140999532771,6.810681955782746,7.417256173350745,7.616599012842783,7.616599012842783
0,45,7.998215747682207,11.767194593132272,6.658814282328934,13.106596058485547,7.217634670640853,12.547775670173626,True,True,True,3.7689788454500652,6.447781776156613,5.330140999532773,9.371052395208153,9.391284260193654,9.88270517040724,9.88270517040724
0,46,0.5063612172994929,4.275340062749558,-0.8330402480537802,5.614741528102831,-0.27421985974186036,5.055921139790912,True,True,True,3.7689788454500652,6.447781776156612,5.330140999532772,2.5802396484045644,1.7743706527963372,2.3908506400245257,2.3908506400245257
0,47,7.3663977983109925,11.135376643761058,6.02699633295772,12.474778109114332,6.585816721269639,11.915957720802412,True,True,True,3.7689788454500652,6.447781776156613,5.330140999532773,8.750582287276696,8.302305475932839,9.250887221036026,9.250887221036026
0,48,2.0192548073896495,5.788233652839716,0.6798533420363766,7.1276351181929885,1.2386737303482964,6.568814729881069,True,True,True,3.768978845450066,6.447781776156612,5.330140999532773,2.841090798526377,2.790793695922993,3.9037442301146825,3.9037442301146825
0,49,15.17527700349563,18.944255848945694,13.835875538142357,20.283657314298967,14.394695926454276,19.72483692598705,True,True,True,3.7689788454500643,6.44778177615661,5.330140999532773,17.879817717321707,19.177524501613586,17.059766426220662,17.059766426220662
0,50,5.755414404482886,9.524393249932952,4.4160129391296135,10.863794715286225,4.974833327441534,10.304974326974305,True,True,True,3.768978845450066,6.447781776156612,5.330140999532771,7.126871886076359,6.221346442216452,7.639903827207919,7.639903827207919
0,51,12.60985906510426,16.378837910554324,11.270457599750987,17.718239375907597,11.829277988062906,17.15941898759568,True,True,True,3.7689788454500643,6.44778177615661,5.330140999532773,14.904264934644445,14.211578985225112,14.494348487829292,14.494348487829292
0,52,8.392332823593408,12.161311669043473,7.0529313582401345,13.500713134396747,7.611751746552054,12.941892746084827,True,True,True,3.7689788454500643,6.447781776156613,5.330140999532773,9.258082220169928,9.365704712875148,10.27682224631844,10.27682224631844
0,53,7.658887248350337,11.427866093800402,6.319485782997064,12.767267559153677,6.878306171308983,12.208447170841756,True,True,True,3.7689788454500652,6.447781776156613,5.330140999532773,9.347846375548695,10.436915721348836,9.54337667107537,9.54337667107537
0,54,-0.06244631856300975,3.706532526887056,-1.4018477839162828,5.045933992240329,-0.843027395604363,4.487113603928409,True,True,True,3.7689788454500657,6.447781776156612,5.330140999532772,2.2652477281830805,2.8720706543427172,1.822043104162023,1.822043104162023
0,55,9.163981049822503,12.932959895272568,7.824579584469229,14.27236136062584,8.383399972781149,13.713540972313922,True,True,True,3.7689788454500643,6.447781776156611,5.330140999532773,11.674409503432994,11.420567256216913,11.048470472547535,11.048470472547535
0,56,9.680220642426136,13.4491994878762,8.340819177072863,14.788600953229473,8.899639565384781,14.229780564917554,True,True,True,3.7689788454500643,6.44778177615661,5.330140999532773,12.247169423712752,10.795713550554803,11.564710065151168,11.564710065151168
0,57,7.869086238044219,11.638065083494284,6.529684772690946,12.97746654884756,7.088505161002866,12.418646160535639,True,True,True,3.7689788454500652,6.447781776156613,5.330140999532773,8.614875813149517,10.443081354399514,9.753575660769252,9.753575660769252
0,58,8.208966739547996,11.97794558499806,6.869565274194723,13.317347050351334,7.428385662506642,12.758526662039415,True,True,True,3.7689788454500643,6.447781776156611,5.330140999532773,10.006544108593138,8.80668672753509,10.093456162273029,10.093456162273029
0,59,10.861930112873978,14.630908958324042,9.522528647520705,15.970310423677315,10.081349035832623,15.411490035365397,True,True,True,3.7689788454500643,6.44778177615661,5.330140999532773,14.070948459130333,13.232163110721872,12.74641953559901,12.74641953559901
0,60,10.006635464049847,13.775614309499911,8.667233998696574,15.115015774853184,9.226054387008492,14.556195386541265,True,True,True,3.7689788454500643,6.44778177615661,5.330140999532773,12.304392957038052,11.900505021869852,11.891124886774879,11.891124886774879
0,61,13.229180843869102,16.998159689319166,11.88977937851583,18.33756115467244,12.448599766827748,17.77874076636052,True,True,True,3.7689788454500643,6.44778177615661,5.330140999532773,14.175838825091075,15.541326356533808,15.113670266594134,15.113670266594134
0,62,5.014324899547349,8.783303744997415,3.674923434194076,10.122705210350688,4.233743822505996,9.563884822038768,True,True,True,3.768978845450066,6.447781776156612,5.330140999532771,7.053144605818693,5.837094577921347,6.898814322272382,6.898814322272382
0,63,10.420587750746607,14.189566596196672,9.081186285393333,15.528968061549946,9.640006673705253,14.970147673238026,True,True,True,3.7689788454500643,6.447781776156614,5.330140999532773,11.51885497697376,11.557283035101666,12.30507717347164,12.30507717347164
0,64,11.981078628501304,15.750057473951369,10.641677163148032,17.08945893930464,11.20049755145995,16.530638550992723,True,True,True,3.7689788454500643,6.44778177615661,5.330140999532773,13.627124667881944,14.746793885168474,13.865568051226337,13.865568051226337
0,65,4.258182307688959,8.027161153139025,2.9187808423356865,9.3665626184923,3.4776012306476063,8.807742230180379,True,True,True,3.7689788454500652,6.447781776156613,5.330140999532773,5.971089980987756,6.289260793248815,6.142671730413992,6.142671730413992
0,66,8.101031338973057,11.870010184423121,6.761629873619783,13.209411649776396,7.320450261931702,12.650591261464475,True,True,True,3.7689788454500643,6.447781776156613,5.330140999532773,10.456760807536341,9.900010194794246,9.985520761698089,9.985520761698089
0,67,7.488030271075492,11.257009116525557,6.148628805722219,12.596410581878832,6.7074491940341385,12.037590193566912,True,True,True,3.7689788454500652,6.447781776156613,5.330140999532773,9.135196383437044,9.333710838344274,9.372519693800525,9.372519693800525
0,68,5.293811930073269,9.062790775523334,3.954410464719996,10.402192240876609,4.513230853031915,9.843371852564688,True,True,True,3.7689788454500652,6.447781776156613,5.330140999532773,6.8580790221631105,8.156574945523962,7.178301352798302,7.178301352798302
0,69,7.489039971737355,11.25801881718742,6.149638506384082,12.597420282540693,6.708458894696001,12.038599894228774,True,True,True,3.7689788454500652,6.447781776156611,5.330140999532773,9.844830232857328,9.504552151808255,9.373529394462388,9.373529394462388
0,70,6.958379538851683,10.727358384301748,5.61897807349841,12.066759849655021,6.17779846181033,11.507939461343103,True,True,True,3.7689788454500652,6.447781776156611,5.330140999532773,10.499610657083663,10.918962836699954,8.842868961576716,8.842868961576716
0,71,8.854498863564192,12.623477709014256,7.515097398210918,13.96287917436753,8.073917786522838,13.40405878605561,True,True,True,3.7689788454500643,6.447781776156611,5.330140999532773,10.314082680571099,8.663744157504924,10.738988286289224,10.738988286289224
0,72,10.467274343818634,14.236253189268698,9.12787287846536,15.575654654621971,9.68669326677728,15.016834266310052,True,True,True,3.7689788454500643,6.44778177615661,5.330140999532773,12.08829426716541,9.740426725019084,12.351763766543666,12.351763766543666
0,73,8.94700617950097,12.715985024951035,7.607604714147697,14.055386490304308,8.166425102459616,13.49656610199239,True,True,True,3.7689788454500643,6.447781776156611,5.330140999532773,10.601853537968152,10.948289304099434,10.831495602226003,10.831495602226003
0,74,4.174121517338099,7.943100362788165,2.834720051984826,9.282501828141438,3.393540440296746,8.723681439829518,True,True,True,3.768978845450066,6.447781776156612,5.330140999532771,6.020876680048073,4.6785900105054985,6.058610940063132,6.058610940063132
0,75,8.666718411896685,12.43569725734675,7.327316946543411,13.775098722700022,7.886137334855331,13.216278334388104,True,True,True,3.7689788454500643,6.447781776156611,5.330140999532773,10.925533775315667,12.25565203991439,10.551207834621717,10.551207834621717
0,76,8.574697611715624,12.343676457165689,7.235296146362351,13.683077922518962,7.79411653467427,13.124257534207043,True,True,True,3.7689788454500643,6.447781776156611,5.330140999532773,10.855273440245174,10.131842104763392,10.459187034440657,10.459187034440657
0,77,11.93371598903864,15.702694834488705,10.594314523685366,17.04209629984198,11.153134911997286,16.483275911530058,True,True,True,3.7689788454500643,6.447781776156614,5.330140999532771,13.578455806537173,12.789373736357348,13.818205411763673,13.818205411763673
0,78,6.870106384133877,10.639085229583943,5.5307049187806046,11.978486694937217,6.089525307092524,11.419666306625297,True,True,True,3.7689788454500652,6.447781776156613,5.330140999532773,8.386218624500478,9.529033687969726,8.75459580685891,8.75459580685891
0,79,5.25694244452564,9.025921289975706,3.917540979172367,10.365322755328979,4.476361367484287,9.806502367017059,True,True,True,3.768978845450066,6.447781776156612,5.330140999532771,7.827691529049602,8.585818276171354,7.141431867250673,7.141431867250673
0,80,6.8126536359164875,10.581632481366553,5.473252170563215,11.921033946719827,6.032072558875134,11.362213558407907,True,True,True,3.7689788454500652,6.447781776156613,5.330140999532773,8.94480532742504,9.424688218174493,8.69714305864152,8.69714305864152
0,81,10.283720098509239,14.052698943959303,8.944318633155966,15.392100409312576,9.503139021467884,14.833280021000657,True,True,True,3.7689788454500643,6.44778177615661,5.330140999532773,12.833645764133909,13.729294677939912,12.168209521234271,12.168209521234271
0,82,5.022915597683039,8.791894443133105,3.6835141323297664,10.13129590848638,4.242334520641686,9.572475520174459,True,True,True,3.7689788454500652,6.447781776156613,5.330140999532773,7.0411241869338355,8.003563592332638,6.907405020408072,6.907405020408072
0,83,4.191933760529139,7.960912605979205,2.852532295175866,9.300314071332478,3.411352683487786,8.741493683020558,True,True,True,3.768978845450066,6.447781776156612,5.330140999532771,6.0481019129576215,5.947537844204103,6.076423183254172,6.076423183254172
0,84,12.731766044679915,16.50074489012998,11.392364579326642,17.840146355483252,11.95118496763856,17.281325967171334,True,True,True,3.7689788454500643,6.44778177615661,5.330140999532773,14.9651725532283,14.380226179731297,14.616255467404947,14.616255467404947
0,85,7.230155943733723,10.999134789183788,5.89075447838045,12.338536254537061,6.44957486669237,11.779715866225143,True,True,True,3.7689788454500652,6.447781776156611,5.330140999532773,8.404944384630841,8.753812730562275,9.114645366458756,9.114645366458756
0,86,3.17910144335288,6.948080288802946,1.839699977999607,8.287481754156218,2.398520366311527,7.7286613658442995,True,True,True,3.768978845450066,6.447781776156611,5.330140999532773,5.005003106192717,4.36234941905748,5.063590866077913,5.063590866077913
0,87,7.284662964580316,11.053641810030381,5.945261499227043,12.393043275383654,6.5040818875389625,11.834222887071736,True,True,True,3.7689788454500652,6.447781776156611,5.330140999532773,8.995040177902089,10.32166593042824,9.169152387305349,9.169152387305349
0,88,12.724746033574192,16.493724879024256,11.38534456822092,17.83312634437753,11.944164956532838,17.27430595606561,True,True,True,3.7689788454500643,6.44778177615661,5.330140999532773,15.415471528827785,13.712977669589085,14.609235456299224,14.609235456299224
0,89,0.770164236986467,4.539143082436532,-0.5692372283668061,5.878544547789806,-0.0104168400548863,5.319724159477886,True,True,True,3.7689788454500652,6.447781776156612,5.330140999532772,1.6318944615334339,1.4134341714114886,2.6546536597115,2.6546536597115
0,90,5.735961092222846,9.504939937672912,4.396559626869573,10.844341403026185,4.955380015181493,10.285521014714265,True,True,True,3.768978845450066,6.447781776156612,5.330140999532771,7.853593114125372,8.705484173408763,7.620450514947879,7.620450514947879
0,91,5.923940809263074,9.69291965471314,4.5845393439098014,11.032321120066413,5.143359732221722,10.473500731754493,True,True,True,3.768978845450066,6.447781776156612,5.330140999532771,7.326996577056926,7.188333419041131,7.808430231988107,7.808430231988107
0,92,8.975242923753154,12.744221769203218,7.63584145839988,14.083623234556491,8.1946618467118,13.524802846244572,True,True,True,3.7689788454500643,6.447781776156611,5.330140999532773,10.543352683018032,12.256014497928378,10.859732346478186,10.859732346478186
0,93,10.90729526795064,14.676274113400705,9.567893802597368,16.015675578753978,10.126714190909286,15.45685519044206,True,True,True,3.7689788454500643,6.44778177615661,5.330140999532773,13.760807816032408,14.661679393154635,12.791784690675673,12.791784690675673
0,94,1.7268291346897133,5.495807980139779,0.38742766933644024,6.835209445493052,0.9462480576483601,6.276389057181133,True,True,True,3.768978845450066,6.447781776156612,5.330140999532773,3.5812732386643535,2.7851038730573343,3.611318557414746,3.611318557414746
0,95,5.805894272445016,9.574873117895082,4.466492807091743,10.914274583248355,5.025313195403664,10.355454194936435,True,True,True,3.768978845450066,6.447781776156612,5.330140999532771,8.038936033869525,7.437430158616687,7.690383695170049,7.690383695170049
0,96,4.09175122895008,7.860730074400146,2.752349763596807,9.200131539753418,3.3111701519087267,8.6413111514415,True,True,True,3.768978845450066,6.447781776156611,5.330140999532773,5.3555270188414905,6.007913451378599,5.976240651675113,5.976240651675113
0,97,3.344813715527888,7.113792560977954,2.005412250174615,8.453194026331227,2.564232638486535,7.894373638019307,True,True,True,3.768978845450066,6.447781776156612,5.330140999532771,5.403344720032665,3.032037942224088,5.229303138252921,5.229303138252921
0,98,3.863688242468048,7.632667087918114,2.5242867771147752,8.972068553271388,3.083107165426695,8.413248164959468,True,True,True,3.768978845450066,6.447781776156613,5.330140999532773,6.201134218380307,6.231024959931307,5.748177665193081,5.748177665193081
0,99,10.174782287846444,13.943761133296508,8.835380822493171,15.283162598649781,9.39420121080509,14.724342210337863,True,True,True,3.7689788454500643,6.44778177615661,5.330140999532773,12.395836758416253,12.002044074665612,12.059271710571476,12.059271710571476
0,100,7.858765875179388,11.627744720629453,6.519364409826115,12.967146185982728,7.078184798138034,12.408325797670807,True,True,True,3.7689788454500652,6.447781776156613,5.330140999532773,10.678256056176727,9.378908832156505,9.74325529790442,9.74325529790442
0,101,6.700260359400057,10.469239204850123,5.3608588940467845,11.808640670203395,5.919679282358704,11.249820281891477,True,True,True,3.7689788454500652,6.447781776156611,5.330140999532773,9.773280447588448,9.151990299967906,8.58474978212509,8.58474978212509
0,102,9.697278746961619,13.466257592411683,8.357877281608346,14.805659057764956,8.916697669920264,14.246838669453037,True,True,True,3.7689788454500643,6.44778177615661,5.330140999532773,11.417014202162168,11.609823793756766,11.58176816968665,11.58176816968665
0,103,10.26392941865062,14.032908264100683,8.924527953297346,15.372309729453956,9.483348341609265,14.813489341142038,True,True,True,3.7689788454500643,6.44778177615661,5.330140999532773,12.683256286075434,13.122188957496943,12.148418841375651,12.148418841375651
0,104,12.669572360020082,16.438551205470148,11.330170894666807,17.77795267082342,11.888991282978727,17.2191322825115,True,True,True,3.768978845450066,6.447781776156614,5.330140999532771,14.122100972821583,14.4887160963952,14.554061782745114,14.554061782745114
0,105,11.368640630709775,15.13761947615984,10.0292391653565,16.477020941513114,10.58805955366842,15.918200553201194,True,True,True,3.7689788454500643,6.447781776156614,5.330140999532773,13.975472302489678,11.323477091348215,13.253130053434807,13.253130053434807
0,106,9.06265822322015,12.831637068670215,7.723256757866877,14.171038534023488,8.282077146178796,13.61221814571157,True,True,True,3.7689788454500643,6.447781776156611,5.330140999532773,10.768422436580373,10.670999083582604,10.947147645945183,10.947147645945183
0,107,8.735812379138448,12.504791224588512,7.396410913785174,13.844192689941785,7.9552313020970935,13.285372301629867,True,True,True,3.7689788454500643,6.447781776156611,5.330140999532773,10.999814314662707,11.734133855735761,10.62030180186348,10.62030180186348
0,108,5.0057355791314775,8.774714424581543,3.6663341137782046,10.114115889934816,4.225154502090124,9.555295501622897,True,True,True,3.7689788454500652,6.447781776156611,5.330140999532773,7.140663079929516,7.506503517902564,6.8902250018565105,6.8902250018565105
0,109,3.98170852078892,7.750687366238986,2.642307055435647,9.090088831592258,3.2011274437475667,8.53126844328034,True,True,True,3.768978845450066,6.447781776156611,5.330140999532773,5.5958334759034,6.924189958270427,5.866197943513953,5.866197943513953
0,110,9.917499628498527,13.686478473948592,8.578098163145253,15.025879939301866,9.136918551457173,14.467059550989946,True,True,True,3.7689788454500643,6.447781776156614,5.330140999532773,11.761309116903433,13.46544879660493,11.80198905122356,11.80198905122356
0,111,6.401394377394982,10.170373222845047,5.061992912041709,11.50977468819832,5.620813300353628,10.950954299886401,True,True,True,3.7689788454500652,6.447781776156611,5.330140999532773,8.396094150953076,8.660576797994024,8.285883800120015,8.285883800120015
0,112,11.483039701982001,15.252018547432066,10.143638236628728,16.59142001278534,10.702458624940647,16.03259962447342,True,True,True,3.7689788454500643,6.44778177615661,5.330140999532773,13.991994280760292,14.006477568095942,13.367529124707033,13.367529124707033
0,113,8.19623921226968,11.965218057719744,6.856837746916406,13.304619523073018,7.415658135228325,12.745799134761098,True,True,True,3.7689788454500643,6.447781776156613,5.330140999532773,9.57113990285217,9.605445241067894,10.080728634994712,10.080728634994712
0,114,5.674757400082609,9.443736245532675,4.3353559347293364,10.78313771088595,4.894176323041256,10.224317322574029,True,True,True,3.7689788454500652,6.447781776156613,5.330140999532773,7.427330920936813,6.864546433195517,7.559246822807642,7.559246822807642
0,115,7.17309965593791,10.942078501387975,5.833698190584637,12.281479966741248,6.392518578896556,11.72265957842933,True,True,True,3.7689788454500652,6.447781776156611,5.330140999532773,8.74072179016243,8.848726490953824,9.057589078662943,9.057589078662943
0,116,6.400523511121393,10.169502356571458,5.06112204576812,11.508903821924733,5.6199424340800395,10.950083433612813,True,True,True,3.7689788454500652,6.447781776156613,5.330140999532773,9.047920126167572,9.026333152947515,8.285012933846426,8.285012933846426
0,117,9.416230877307305,13.185209722757369,8.07682941195403,14.524611188110644,8.63564980026595,13.965790799798723,True,True,True,3.7689788454500643,6.447781776156614,5.330140999532773,12.485468612070445,13.535526454929334,11.300720300032337,11.300720300032337
0,118,3.1212332574679627,6.890212102918029,1.7818317921146898,8.2296135682713,2.3406521804266096,7.670793179959382,True,True,True,3.768978845450066,6.447781776156611,5.330140999532773,4.070224999022237,3.8596256239164055,5.005722680192996,5.005722680192996
0,119,11.20896807185196,14.977946917302024,9.869566606498687,16.317348382655297,10.428386994810605,15.758527994343378,True,True,True,3.7689788454500643,6.44778177615661,5.330140999532773,13.184197645458056,15.204099712345675,13.093457494576992,13.093457494576992
0,120,5.04450989180626,8.813488737256325,3.7051084264529868,10.152890202609598,4.263928814764906,9.59406981429768,True,True,True,3.7689788454500652,6.447781776156611,5.330140999532773,8.566098824967353,9.473244154550132,6.928999314531293,6.928999314531293
0,121,-1.6835553577936846,2.085423487656381,-3.022956823146958,3.424824953009654,-2.464136434835038,2.866004564697734,True,True,True,3.7689788454500657,6.447781776156612,5.330140999532772,0.5020339885528815,1.1868963343172036,0.2009340649313482,0.2009340649313482
0,122,0.6094464230974113,4.378425268547477,-0.7299550422558618,5.7178267339007505,-0.171134653943942,5.15900634558883,True,True,True,3.7689788454500652,6.447781776156612,5.330140999532772,1.455164741971777,1.359622853989292,2.493935845822444,2.493935845822444
0,123,1.6069243446881052,5.375903190138171,0.2675228793348321,6.715304655491444,0.8263432676467519,6.156484267179524,True,True,True,3.768978845450066,6.447781776156612,5.330140999532771,4.536990142576568,3.726129878116641,3.491413767413138,3.491413767413138
0,124,11.195101128697763,14.964079974147827,9.855699663344488,16.303481439501102,10.414520051656408,15.744661051189182,True,True,True,3.7689788454500643,6.447781776156614,5.330140999532773,13.120166561452216,14.159256674715568,13.079590551422795,13.079590551422795
0,125,7.3814720181890445,11.15045086363911,6.042070552835772,12.489852328992384,6.600890941147691,11.931031940680464,True,True,True,3.7689788454500652,6.447781776156613,5.330140999532773,8.65830984109615,9.501755354137789,9.265961440914078,9.265961440914078
0,126,7.134655120363235,10.9036339658133,5.7952536550099625,12.243035431166575,6.354074043321882,11.684215042854655,True,True,True,3.7689788454500652,6.447781776156613,5.330140999532773,9.765909533086324,9.702337147363878,9.019144543088268,9.019144543088268
0,127,10.847298970731979,14.616277816182043,9.507897505378704,15.955679281535318,10.066717893690624,15.396858893223397,True,True,True,3.7689788454500643,6.447781776156614,5.330140999532773,13.31447078982263,14.189440776669828,12.73178839345701,12.73178839345701
0,128,5.7100032615045935,9.478982106954659,4.370601796151321,10.818383572307933,4.92942218446324,10.259563183996013,True,True,True,3.7689788454500652,6.447781776156613,5.330140999532773,8.217341633462382,8.640897427001542,7.5944926842296265,7.5944926842296265
0,129,11.254767582534855,15.02374642798492,9.91536611718158,16.363147893338194,10.4741865054935,15.804327505026274,True,True,True,3.7689788454500643,6.447781776156614,5.330140999532773,12.925107377159087,13.150541446522764,13.139257005259887,13.139257005259887
0,130,0.07664545631713149,3.845624301767197,-1.2627560090361416,5.18502576712047,-0.7039356207242218,4.62620537880855,True,True,True,3.7689788454500652,6.447781776156612,5.330140999532772,1.9684568752601446,3.2858204293084015,1.9611348790421643,1.9611348790421643
0,131,5.1218968872249455,8.890875732675012,3.7824954218716726,10.230277198028285,4.341315810183593,9.671456809716364,True,True,True,3.768978845450066,6.447781776156612,5.330140999532771,6.854778279479543,8.39223931578498,7.006386309949979,7.006386309949979
0,132,8.639764017595128,12.408742863045193,7.300362552241855,13.748144328398467,7.859182940553774,13.189323940086547,True,True,True,3.7689788454500643,6.447781776156613,5.330140999532773,10.77272529214009,10.552613847726784,10.52425344032016,10.52425344032016
0,133,0.8033707010135489,4.572349546463615,-0.5360307643397242,5.911751011816888,0.02278962397219564,5.352930623504967,True,True,True,3.768978845450066,6.447781776156612,5.330140999532771,2.5053552791114435,0.2762031563471865,2.6878601237385817,2.6878601237385817
0,134,9.01458156628965,12.783560411739714,7.675180100936376,14.122961877092987,8.234000489248295,13.564141488781068,True,True,True,3.7689788454500643,6.447781776156611,5.330140999532773,10.776911698035935,12.509265811651785,10.899070989014682,10.899070989014682
0,135,11.303935672373953,15.072914517824017,9.96453420702068,16.41231598317729,10.523354595332599,15.853495594865372,True,True,True,3.7689788454500643,6.44778177615661,5.330140999532773,14.158146923082187,13.988914149828528,13.188425095098985,13.188425095098985
0,136,3.557336863478536,7.326315708928602,2.217935398125263,8.665717174281875,2.776755786437183,8.106896785969955,True,True,True,3.768978845450066,6.447781776156612,5.330140999532771,3.7583652602198034,4.054770279567174,5.441826286203569,5.441826286203569
0,137,4.790400177475349,8.559379022925414,3.450998712122076,9.898780488278689,4.009819100433996,9.339960099966769,True,True,True,3.7689788454500652,6.447781776156613,5.330140999532773,6.538889323666039,5.357307252691963,6.674889600200382,6.674889600200382
0,138,7.189500621513434,10.9584794669635,5.850099156160161,12.297880932316772,6.408919544472081,11.739060544004854,True,True,True,3.7689788454500652,6.447781776156611,5.330140999532773,8.2582732105998,9.984898212032697,9.073990044238467,9.073990044238467
0,139,6.171966226416386,9.940945071866452,4.8325647610631135,11.280346537219724,5.391385149375033,10.721526148907806,True,True,True,3.7689788454500652,6.447781776156611,5.330140999532773,8.883507347039671,9.145403522387056,8.05645564914142,8.05645564914142
0,140,7.269427792083646,11.038406637533711,5.930026326730373,12.377808102886984,6.488846715042293,11.818987714575066,True,True,True,3.7689788454500652,6.447781776156611,5.330140999532773,8.192832821492061,8.665673845677611,9.15391721480868,9.15391721480868
0,141,4.598399773221741,8.367378618671808,3.2589983078684686,9.70678008402508,3.8178186961803884,9.14795969571316,True,True,True,3.768978845450066,6.447781776156612,5.330140999532771,5.718252526615649,5.99060397000867,6.4828891959467745,6.4828891959467745
0,142,11.992109677617323,15.761088523067388,10.652708212264049,17.100489988420662,11.211528600575969,16.54166960010874,True,True,True,3.7689788454500643,6.447781776156614,5.330140999532771,14.057612984730733,15.643975964617473,13.876599100342355,13.876599100342355
0,143,5.635101586604919,9.404080432054984,4.295700121251646,10.743481897408259,4.8545205095635655,10.184661509096339,True,True,True,3.7689788454500652,6.447781776156613,5.330140999532773,7.778237412538889,7.151119157034368,7.519591009329952,7.519591009329952
0,144,12.09898793044272,15.867966775892784,10.759586465089445,17.20736824124606,11.318406853401365,16.648547852934136,True,True,True,3.7689788454500643,6.447781776156614,5.330140999532771,15.120829728104965,15.324284461173953,13.983477353167752,13.983477353167752
0,145,6.60284123309489,10.371820078544955,5.263439767741617,11.71122154389823,5.822260156053536,11.15240115558631,True,True,True,3.7689788454500652,6.447781776156613,5.330140999532773,8.12162078776386,8.764003432049556,8.487330655819923,8.487330655819923
0,146,10.606161511722581,14.375140357172645,9.266760046369306,15.71454182252592,9.825580434681227,15.155721434214,True,True,True,3.7689788454500643,6.447781776156614,5.330140999532773,12.75603286349997,13.803497151997016,12.490650934447613,12.490650934447613
0,147,12.208939399777725,15.977918245227789,10.86953793442445,17.317319710581064,11.42835832273637,16.75849932226914,True,True,True,3.7689788454500643,6.447781776156614,5.330140999532771,14.40613264616564,13.487498543238118,14.093428822502757,14.093428822502757
0,148,10.432135101646374,14.201113947096438,9.0927336362931,15.540515412449711,9.65155402460502,14.981695024137792,True,True,True,3.7689788454500643,6.44778177615661,5.330140999532773,12.505634228876218,13.349042773439505,12.316624524371406,12.316624524371406
0,149,8.713308793948723,12.482287639398788,7.3739073285954495,13.82168910475206,7.932727716907369,13.262868716440142,True,True,True,3.7689788454500643,6.447781776156611,5.330140999532773,10.09426452807367,9.686978405719529,10.597798216673755,10.597798216673755
0,150,3.574645979637374,7.34362482508744,2.2352445142841013,8.683026290440713,2.794064902596021,8.124205902128793,True,True,True,3.768978845450066,6.447781776156612,5.330140999532771,5.708892650546081,8.06676306898036,5.459135402362407,5.459135402362407
0,151,5.776062351769031,9.545041197219097,4.436660886415758,10.88444266257237,4.995481274727679,10.32562227426045,True,True,True,3.768978845450066,6.447781776156612,5.330140999532771,7.619924812550848,9.434258564257663,7.660551774494064,7.660551774494064
0,152,12.262966944679698,16.031945790129765,10.923565479326424,17.371347255483037,11.482385867638344,16.812526867171115,True,True,True,3.768978845450066,6.447781776156614,5.330140999532771,14.226576028656908,14.170944320823066,14.14745636740473,14.14745636740473
0,153,10.505646135400765,14.27462498085083,9.16624467004749,15.614026446204104,9.72506505835941,15.055206057892184,True,True,True,3.7689788454500643,6.447781776156614,5.330140999532773,12.621770047095001,14.476050021792211,12.390135558125797,12.390135558125797
0,154,3.939485220680499,7.708464066130565,2.6000837553272262,9.047865531483838,3.158904143639146,8.489045143171918,True,True,True,3.768978845450066,6.447781776156612,5.330140999532771,5.101073171762792,6.255066580371015,5.823974643405532,5.823974643405532
0,155,6.046622218785643,9.81560106423571,4.70722075343237,11.155002529588982,5.2660411417442905,10.596182141277062,True,True,True,3.768978845450066,6.447781776156612,5.330140999532771,7.942300799063352,8.362299421481424,7.931111641510676,7.931111641510676
0,156,6.65491188937983,10.423890734829895,5.315510424026557,11.76329220018317,5.874330812338476,11.20447181187125,True,True,True,3.7689788454500652,6.447781776156613,5.330140999532773,9.738024488093949,9.918666887301997,8.539401312104863,8.539401312104863
0,157,7.629149872906573,11.398128718356638,6.2897484075533,12.73753018370991,6.848568795865219,12.178709795397992,True,True,True,3.7689788454500652,6.447781776156611,5.330140999532773,9.298063362978953,8.508456934719746,9.513639295631606,9.513639295631606
0,158,4.288455788207892,8.057434633657957,2.949054322854619,9.396836099011232,3.5078747111665387,8.838015710699311,True,True,True,3.7689788454500652,6.447781776156613,5.330140999532773,6.41351359255998,6.619532655859925,6.172945210932925,6.172945210932925
0,159,5.087752691625215,8.85673153707528,3.748351226271942,10.196133002428553,4.307171614583861,9.637312614116635,True,True,True,3.7689788454500652,6.447781776156611,5.330140999532773,7.158078784973,7.872826090103822,6.972242114350248,6.972242114350248
0,160,11.463063811626704,15.232042657076768,10.12366234627343,16.57144412243004,10.68248273458535,16.012623734118122,True,True,True,3.7689788454500643,6.44778177615661,5.330140999532773,13.954425583890217,13.21000103353551,13.347553234351736,13.347553234351736
0,161,10.805186626652137,14.574165472102202,9.465785161298864,15.913566937455474,10.024605549610783,15.354746549143556,True,True,True,3.7689788454500643,6.44778177615661,5.330140999532773,11.847495883714299,10.427651986577274,12.68967604937717,12.68967604937717
0,162,9.2075740998512,12.976552945301265,7.868172634497927,14.315954410654538,8.426993022809846,13.757134022342619,True,True,True,3.7689788454500643,6.447781776156611,5.330140999532773,10.375438744810523,9.707286561721846,11.092063522576233,11.092063522576233
0,163,2.9229083592738796,6.691887204723946,1.5835068939206067,8.031288670077219,2.1423272822325266,7.472468281765298,True,True,True,3.768978845450066,6.447781776156612,5.330140999532771,4.1470811462554105,4.7295365355921355,4.807397781998913,4.807397781998913
0,164,8.606394599685435,12.3753734451355,7.266993134332162,13.714774910488774,7.825813522644081,13.155954522176854,True,True,True,3.7689788454500643,6.447781776156613,5.330140999532773,11.960204100698839,12.724389172186534,10.490884022410468,10.490884022410468
0,165,7.509493093328206,11.27847193877827,6.170091627974933,12.617873404131544,6.728912016286852,12.059053015819625,True,True,True,3.7689788454500652,6.447781776156611,5.330140999532773,8.865413069181518,8.78471019058581,9.393982516053239,9.393982516053239
0,166,13.860994586799084,17.629973432249148,12.521593121445811,18.96937489760242,13.08041350975773,18.410554509290503,True,True,True,3.7689788454500643,6.44778177615661,5.330140999532773,16.593763594335066,17.185628924677907,15.745484009524116,15.745484009524116
0,167,6.90788431533169,10.676863160781755,5.568482849978417,12.01626462613503,6.127303238290336,11.45744423782311,True,True,True,3.7689788454500652,6.447781776156613,5.330140999532773,8.687337874430973,7.809100236684131,8.792373738056723,8.792373738056723
0,168,10.821018755405467,14.589997600855531,9.481617290052192,15.929399066208806,10.040437678364112,15.370578677896885,True,True,True,3.7689788454500643,6.447781776156614,5.330140999532773,12.52153736486724,13.206744561760315,12.705508178130499,12.705508178130499
0,169,5.717826085610799,9.486804931060865,4.378424620257526,10.826206396414138,4.937245008569446,10.267386008102218,True,True,True,3.768978845450066,6.447781776156612,5.330140999532771,8.028756440979421,7.725114617228137,7.602315508335832,7.602315508335832
0,170,7.208764183367749,10.977743028817814,5.869362718014476,12.317144494171089,6.4281831063263954,11.758324105859169,True,True,True,3.7689788454500652,6.447781776156613,5.330140999532773,9.213039549238072,9.812205568449052,9.093253606092782,9.093253606092782
0,171,3.4401356720500837,7.20911451750015,2.100734206696811,8.548515982853424,2.6595545950087307,7.989695594541503,True,True,True,3.768978845450066,6.447781776156613,5.330140999532773,4.8557849447074,4.425173890465058,5.324625094775117,5.324625094775117
0,172,9.606475604756612,13.375454450206677,8.267074139403338,14.714855915559951,8.825894527715258,14.156035527248031,True,True,True,3.7689788454500643,6.447781776156614,5.330140999532773,11.616176675004237,12.065595871229162,11.490965027481645,11.490965027481645
0,173,12.095443215557538,15.864422061007602,10.756041750204265,17.203823526360875,11.314862138516183,16.645003138048956,True,True,True,3.7689788454500643,6.44778177615661,5.330140999532773,14.748439543951168,16.702730201902526,13.97993263828257,13.97993263828257
0,174,11.15918023356276,14.928159079012824,9.819778768209485,16.2675605443661,10.378599156521405,15.708740156054178,True,True,True,3.7689788454500643,6.447781776156614,5.330140999532773,13.143349421077344,12.945465775826971,13.043669656287792,13.043669656287792
0,175,6.746878829561589,10.515857675011654,5.407477364208316,11.855259140364929,5.966297752520235,11.296438752053009,True,True,True,3.7689788454500652,6.447781776156613,5.330140999532773,9.912033153181298,9.735460170458742,8.631368252286622,8.631368252286622
0,176,6.028831446538955,9.797810291989022,4.6894299811856825,11.137211757342294,5.248250369497603,10.578391369030374,True,True,True,3.768978845450066,6.447781776156612,5.330140999532771,8.429167250772398,9.302500750310504,7.9133208692639885,7.9133208692639885
0,177,8.5306276974718,12.299606542921865,7.1912262321185265,13.639008008275137,7.750046620430446,13.080187619963219,True,True,True,3.7689788454500643,6.447781776156611,5.330140999532773,11.146083696015449,12.388256767869049,10.415117120196832,10.415117120196832
0,178,6.209646984000453,9.978625829450518,4.87024551864718,11.318027294803791,5.429065906959099,10.759206906491873,True,True,True,3.7689788454500652,6.447781776156611,5.330140999532773,8.258767340402315,8.81869172597423,8.094136406725486,8.094136406725486
0,179,6.647551901691082,10.416530747141147,5.308150436337809,11.755932212494422,5.866970824649728,11.197111824182501,True,True,True,3.7689788454500652,6.447781776156613,5.330140999532773,7.643518900220512,7.5743380665280915,8.532041324416115,8.532041324416115
0,180,12.067835738378005,15.836814583828069,10.728434273024732,17.176216049181342,11.28725466133665,16.617395660869423,True,True,True,3.7689788454500643,6.44778177615661,5.330140999532773,14.761860818061699,14.664635651392992,13.952325161103037,13.952325161103037
0,181,5.441730187861054,9.210709033311119,4.102328722507781,10.550110498664392,4.6611491108197,9.991290110352473,True,True,True,3.7689788454500652,6.447781776156611,5.330140999532773,7.380029133366382,8.42238905988776,7.326219610586087,7.326219610586087
0,182,6.254024522999138,10.023003368449203,4.914623057645865,11.362404833802476,5.473443445957784,10.803584445490557,True,True,True,3.7689788454500652,6.447781776156611,5.330140999532773,9.040077521933062,9.586651787625502,8.13851394572417,8.13851394572417
0,183,4.774587143353413,8.54356598880348,3.43518567800014,9.882967454156752,3.99400606631206,9.324147065844832,True,True,True,3.768978845450066,6.447781776156612,5.330140999532771,7.56326582985553,6.378441770841833,6.659076566078446,6.659076566078446
0,184,8.67498878642089,12.443967631870954,7.335587321067616,13.783369097224227,7.894407709379536,13.224548708912309,True,True,True,3.7689788454500643,6.447781776156611,5.330140999532773,10.48800908523874,11.933082814979251,10.559478209145922,10.559478209145922
0,185,9.818688932178013,13.587667777628077,8.47928746682474,14.92706924298135,9.038107855136658,14.368248854669432,True,True,True,3.7689788454500643,6.44778177615661,5.330140999532773,11.4832831736862,10.666124572873976,11.703178354903045,11.703178354903045
0,186,7.933371845514389,11.702350690964455,6.5939703801611165,13.041752156317727,7.152790768473036,12.482931768005809,True,True,True,3.7689788454500652,6.447781776156611,5.330140999532773,8.201528024331722,6.782006877129367,9.817861268239422,9.817861268239422
0,187,8.844942511156969,12.613921356607033,7.505541045803695,13.953322821960306,8.064361434115614,13.394502433648388,True,True,True,3.7689788454500643,6.447781776156611,5.330140999532773,10.279274372060259,9.826322664690716,10.729431933882001,10.729431933882001
0,188,2.557184273905883,6.326163119355949,1.2177828085526103,7.665564584709222,1.7766031968645302,7.106744196397303,True,True,True,3.768978845450066,6.447781776156612,5.330140999532773,4.28707497432686,2.9518362642100637,4.441673696630916,4.441673696630916
0,189,4.108807338606975,7.877786184057041,2.769405873253702,9.217187649410313,3.328226261565622,8.658367261098395,True,True,True,3.768978845450066,6.447781776156611,5.330140999532773,5.832283785975735,3.6047225998820984,5.993296761332008,5.993296761332008
0,190,13.559988865515031,17.328967710965095,12.220587400161758,18.668369176318368,12.779407788473677,18.10954878800645,True,True,True,3.7689788454500643,6.44778177615661,5.330140999532773,15.358071531771998,15.386539037693211,15.444478288240063,15.444478288240063
0,191,3.6599740073323197,7.428952852782386,2.320572541979047,8.768354318135659,2.8793929302909667,8.209533929823738,True,True,True,3.768978845450066,6.447781776156612,5.330140999532771,6.40252871894313,7.320907679381092,5.544463430057353,5.544463430057353
0,192,5.462502668617335,9.2314815140674,4.123101203264062,10.570882979420674,4.681921591575982,10.012062591108753,True,True,True,3.768978845450066,6.447781776156612,5.330140999532771,7.08048217338427,6.944583981984014,7.346992091342368,7.346992091342368
0,193,14.364127739553282,18.133106585003347,13.02472627420001,19.47250805035662,13.583546662511928,18.9136876620447,True,True,True,3.7689788454500643,6.44778177615661,5.330140999532773,16.07121480315812,17.377809435028585,16.248617162278315,16.248617162278315
0,194,8.53595131224724,12.304930157697305,7.196549846893967,13.64433162305058,7.755370235205886,13.085511234738659,True,True,True,3.7689788454500643,6.447781776156613,5.330140999532773,9.824445410283811,9.12033067947334,10.420440734972273,10.420440734972273
0,195,3.2482555348345583,7.017234380284624,1.9088540694812854,8.356635845637896,2.4676744577932053,7.797815457325978,True,True,True,3.768978845450066,6.447781776156611,5.330140999532773,4.952471709073038,5.843689160202387,5.132744957559591,5.132744957559591
0,196,10.048849015383192,13.817827860833257,8.709447550029918,15.157229326186531,9.268267938341838,14.598408937874611,True,True,True,3.7689788454500643,6.447781776156614,5.330140999532773,12.694659907945837,13.460282669349438,11.933338438108224,11.933338438108224
0,197,10.01254567495673,13.781524520406794,8.673144209603457,15.120925985760067,9.231964597915375,14.562105597448149,True,True,True,3.7689788454500643,6.44778177615661,5.330140999532773,12.388590635442167,11.63836912920434,11.897035097681762,11.897035097681762
0,198,7.619712063407657,11.388690908857722,6.280310598054384,12.728092374210995,6.839130986366303,12.169271985899076,True,True,True,3.7689788454500652,6.447781776156611,5.330140999532773,8.882405205546753,8.171985196156191,9.50420148613269,9.50420148613269
0,199,8.405212158967904,12.174191004417969,7.0658106936146305,13.513592469771243,7.62463108192655,12.954772081459323,True,True,True,3.7689788454500643,6.447781776156613,5.330140999532773,9.770488547928117,9.51263063687422,10.289701581692936,10.289701581692936
1,0,2.8218258576501887,6.148586661103088,1.6395777003266745,7.330834818426602,2.132831135869486,6.837581382883791,True,True,True,3.326760803452899,5.691257118099928,4.704750247014305,4.926328612117127,4.507436280847107,4.485206259376638,4.485206259376638
1,1,12.224968868506254,15.551729671959153,11.04272071118274,16.73397782928267,11.53597414672555,16.240724393739857,True,True,True,3.326760803452899,5.691257118099928,4.7047502470143066,13.857043132703323,14.59595152692424,13.888349270232704,13.888349270232704
1,2,11.58123865393772,14.90799945739062,10.398990496614207,16.090247614714134,10.892243932157019,15.596994179171322,True,True,True,3.326760803452899,5.6912571180999265,4.704750247014303,13.284560392118404,13.6090990036717,13.24461905566417,13.24461905566417
1,3,8.77275698846381,12.099517791916709,7.590508831140296,13.281765949240222,8.083762266683106,12.788512513697412,True,True,True,3.326760803452899,5.6912571180999265,4.7047502470143066,9.575193095494484,11.14856027166839,10.43613739019026,10.43613739019026
1,4,8.926416510432633,12.253177313885532,7.744168353109119,13.435425471209046,8.237421788651929,12.942172035666236,True,True,True,3.326760803452899,5.6912571180999265,4.7047502470143066,10.188334478212592,10.724301223040293,10.589796912159082,10.589796912159082
1,5,6.977789382224875,10.304550185677774,5.795541224901362,11.486798343001288,6.2887946604441725,10.993544907458478,True,True,True,3.326760803452899,5.6912571180999265,4.704750247014306,9.004268875949823,9.061788316734432,8.641169783951325,8.641169783951325
1,6,2.9664342244675055,6.2931950279204045,1.7841860671439913,7.475443185243918,2.2774395026868026,6.982189749701107,True,True,True,3.326760803452899,5.6912571180999265,4.704750247014305,4.409379204909067,3.4593466542961355,4.629814626193955,4.629814626193955
1,7,7.952014604258137,11.278775407711036,6.769766446934623,12.46102356503455,7.263019882477434,11.96777012949174,True,True,True,3.326760803452899,5.6912571180999265,4.704750247014306,11.051551065542405,10.870291131643137,9.615395005984587,9.615395005984587
1,8,0.4170278044731026,3.7437886079260023,-0.7652203528504113,4.926036765249516,-0.27196691730760003,4.432783329706705,True,False,True,3.3267608034529,5.691257118099927,4.704750247014305,0.9250183526705993,-1.660475884392573,2.0804082061995524,2.0804082061995524
1,9,4.924793192269267,8.251553995722167,3.742545034945753,9.433802153045681,4.2357984704885645,8.94054871750287,True,True,True,3.3267608034529,5.691257118099928,4.704750247014305,6.9222843127422085,8.589433610297016,6.588173593995717,6.588173593995717
1,10,5.265151213413498,8.591912016866397,4.082903056089984,9.77416017418991,4.576156491632795,9.2809067386471,True,True,True,3.326760803452899,5.6912571180999265,4.704750247014306,6.056136045100624,5.533548198003483,6.928531615139947,6.928531615139947
1,11,2.842943539201526,6.169704342654425,1.660695381878012,7.351952499977939,2.1539488174208232,6.858699064435128,True,True,True,3.326760803452899,5.6912571180999265,4.704750247014305,4.260494553253578,5.863885834996729,4.506323940927976,4.506323940927976
1,12,11.780477796398154,15.107238599851053,10.59822963907464,16.28948675717457,11.09148307461745,15.796233321631757,True,True,True,3.326760803452899,5.691257118099928,4.7047502470143066,13.410179103576331,12.832979279851994,13.443858198124603,13.443858198124603
1,13,5.8311814995020175,9.157942302954917,4.648933342178504,10.34019046027843,5.142186777721315,9.84693702473562,True,True,True,3.326760803452899,5.6912571180999265,4.704750247014306,8.989444721362474,9.374848285479528,7.494561901228467,7.494561901228467
1,14,4.256029402894593,7.582790206347492,3.073781245571079,8.765038363671007,3.56703468111389,8.271784928128195,True,True,True,3.326760803452899,5.691257118099928,4.704750247014305,4.525355459971479,4.992368937404455,5.919409804621043,5.919409804621043
1,15,11.494917052360144,14.821677855813043,10.31266889503663,16.003926013136557,10.805922330579442,15.510672577593745,True,True,True,3.326760803452899,5.6912571180999265,4.704750247014303,14.08811980506161,14.620044975724573,13.158297454086593,13.158297454086593
1,16,6.94932905534297,10.276089858795869,5.767080898019456,11.458338016119383,6.260334333562267,10.965084580576573,True,True,True,3.326760803452899,5.6912571180999265,4.704750247014306,8.565811758133757,7.9484450781677225,8.61270945706942,8.61270945706942
1,17,5.248731774379085,8.575492577831984,4.066483617055571,9.757740735155497,4.559737052598382,9.264487299612686,True,True,True,3.326760803452899,5.6912571180999265,4.704750247014304,7.477242612740375,7.527240539573016,6.912112176105534,6.912112176105534
1,18,3.020175838351946,6.346936641804845,1.837927681028432,7.529184799128359,2.3311811165712433,7.035931363585548,True,True,True,3.326760803452899,5.6912571180999265,4.704750247014305,4.496910029969331,4.209462911075082,4.683556240078396,4.683556240078396
1,19,10.235410568440876,13.562171371893776,9.053162411117363,14.74441952921729,9.546415846660175,14.251166093674478,True,True,True,3.326760803452899,5.6912571180999265,4.704750247014303,12.369517090210511,12.298578437321963,11.898790970167326,11.898790970167326
1,20,9.335010232348747,12.661771035801646,8.152762075025233,13.84401919312516,8.646015510568045,13.350765757582348,True,True,True,3.326760803452899,5.6912571180999265,4.704750247014303,11.087891438623098,10.297256652712122,10.998390634075196,10.998390634075196
1,21,2.8647704577264737,6.191531261179373,1.6825223004029595,7.373779418502886,2.175775735945771,6.880525982960076,True,False,True,3.326760803452899,5.6912571180999265,4.704750247014305,3.3773839271635584,1.2717622218148046,4.528150859452923,4.528150859452923
1,22,5.5302581340740256,8.857018937526925,4.348009976750511,10.03926709485044,4.841263412293323,9.546013659307627,True,True,True,3.3267608034529,5.691257118099928,4.704750247014305,6.909413302573965,6.897034834235393,7.193638535800475,7.193638535800475
1,23,5.524144984391127,8.850905787844026,4.341896827067613,10.03315394516754,4.835150262610424,9.53990050962473,True,True,True,3.326760803452899,5.6912571180999265,4.704750247014306,6.508567742225879,7.354518206136791,7.187525386117576,7.187525386117576
1,24,1.8952810411958259,5.222041844648725,0.7130328838723119,6.404290001972239,1.2062863194151232,5.911036566429428,True,True,True,3.326760803452899,5.6912571180999265,4.704750247014305,2.890917977883567,2.0700506345382017,3.5586614429222756,3.5586614429222756
1,25,3.9812589461538206,7.30801974960672,2.7990107888303064,8.490267906930233,3.2922642243731177,7.9970144713874225,True,True,True,3.326760803452899,5.6912571180999265,4.704750247014305,7.10462624377453,8.073777688648097,5.64463934788027,5.64463934788027
1,26,8.480423637155441,11.80718444060834,7.298175479831928,12.989432597931854,7.7914289153747385,12.496179162389044,True,True,True,3.326760803452899,5.6912571180999265,4.704750247014306,11.561290645336701,11.821800397990593,10.14380403888189,10.14380403888189
1,27,5.286862196200395,8.613622999653295,4.10461403887688,9.795871156976808,4.597867474419692,9.302617721433997,True,True,True,3.3267608034529,5.691257118099928,4.704750247014305,7.039652995064478,6.827642986096477,6.950242597926844,6.950242597926844
1,28,2.3597016105803057,5.686462414033205,1.1774534532567915,6.8687105713567185,1.6707068887996028,6.375457135813908,True,True,True,3.326760803452899,5.6912571180999265,4.704750247014305,4.379758662837443,4.512256744911005,4.023082012306755,4.023082012306755
1,29,5.092121658845926,8.418882462298825,3.9098735015224118,9.601130619622339,4.403126937065223,9.107877184079527,True,True,True,3.326760803452899,5.6912571180999265,4.704750247014304,6.854963151340232,5.661610077606927,6.7555020605723755,6.7555020605723755
1,30,2.9619150290166294,6.288675832469528,1.7796668716931152,7.470923989793043,2.2729203072359265,6.977670554250231,True,True,True,3.326760803452899,5.691257118099928,4.704750247014305,3.740370136392303,4.338803954705965,4.625295430743079,4.625295430743079
1,31,-0.04622451662755567,3.2805362868253436,-1.2284726739510696,4.462784444148857,-0.7352192384082583,3.9695310086060465,True,True,True,3.326760803452899,5.6912571180999265,4.704750247014305,0.9231505080788982,-0.46688512406599103,1.617155885098894,1.617155885098894
1,32,7.181466724420224,10.508227527873123,5.99921856709671,11.690475685196636,6.492472002639521,11.197222249653827,True,True,True,3.326760803452899,5.6912571180999265,4.704750247014306,7.698206182383534,7.075147152743839,8.844847126146673,8.844847126146673
1,33,12.694900667641656,16.021661471094557,11.512652510318143,17.20390962841807,12.005905945860952,16.71065619287526,True,True,True,3.326760803452901,5.691257118099928,4.7047502470143066,14.052773892150537,13.675829206382346,14.358281069368106,14.358281069368106
1,34,10.027599217594053,13.354360021046952,8.84535106027054,14.536608178370466,9.33860449581335,14.043354742827656,True,True,True,3.326760803452899,5.6912571180999265,4.7047502470143066,12.292150360935318,11.889300147256957,11.690979619320503,11.690979619320503
1,35,10.86106522669793,14.187826030150829,9.678817069374416,15.370074187474343,10.172070504917226,14.876820751931533,True,True,True,3.326760803452899,5.6912571180999265,4.7047502470143066,12.349890349566806,11.976733075490342,12.52444562842438,12.52444562842438
1,36,1.7193814843637176,5.046142287816617,0.5371333270402037,6.228390445140131,1.030386762583015,5.73513700959732,True,True,True,3.3267608034529,5.691257118099927,4.704750247014305,3.44879297135832,2.8449666257006165,3.3827618860901674,3.3827618860901674
1,37,4.784705493340179,8.111466296793079,3.602457336016665,9.293714454116593,4.095710771559476,8.800461018573781,True,True,True,3.3267608034529,5.691257118099928,4.704750247014305,5.601427032318297,5.0478409020051735,6.448085895066629,6.448085895066629
1,38,12.933306420744856,16.260067224197755,11.751058263421342,17.44231538152127,12.244311698964154,16.949061945978457,True,True,True,3.326760803452899,5.6912571180999265,4.704750247014303,14.471314925147606,13.991164811407998,14.596686822471305,14.596686822471305
1,39,3.569933897254077,6.896694700706976,2.387685739930563,8.07894285803049,2.880939175473374,7.585689422487679,True,True,True,3.326760803452899,5.691257118099928,4.704750247014305,5.9696072642063935,6.492601461722375,5.233314298980527,5.233314298980527
1,40,12.97891305040698,16.30567385385988,11.796664893083467,17.487922011183393,12.289918328626278,16.99466857564058,True,True,True,3.326760803452899,5.6912571180999265,4.704750247014303,14.548732400075554,12.927304441524615,14.64229345213343,14.64229345213343
1,41,7.905872341126338,11.232633144579237,6.723624183802825,12.414881301902751,7.216877619345635,11.921627866359941,True,True,True,3.326760803452899,5.6912571180999265,4.704750247014306,10.62090803515507,8.547972045604137,9.569252742852788,9.569252742852788
1,42,10.285412773083833,13.612173576536732,9.103164615760319,14.794421733860245,9.596418051303129,14.301168298317435,True,True,True,3.326760803452899,5.6912571180999265,4.7047502470143066,11.558259139855165,12.133107572643095,11.948793174810282,11.948793174810282
1,43,10.634028737999712,13.96078954145261,9.451780580676198,15.143037698776125,9.945034016219008,14.649784263233315,True,True,True,3.326760803452899,5.6912571180999265,4.7047502470143066,11.984634935580214,11.088208137403536,12.297409139726161,12.297409139726161
1,44,4.796096459986729,8.122857263439629,3.613848302663215,9.305105420763143,4.107101738206026,8.811851985220331,True,True,True,3.3267608034529,5.691257118099928,4.704750247014305,6.526356148015044,6.489024729937263,6.459476861713179,6.459476861713179
1,45,3.5564479400102673,6.883208743463166,2.374199782686753,8.06545690078668,2.8674532182295644,7.572203465243869,True,True,True,3.326760803452899,5.6912571180999265,4.704750247014305,4.593722830819447,4.332870648772137,5.219828341736717,5.219828341736717
1,46,4.192511973158222,7.519272776611121,3.010263815834708,8.701520933934635,3.5035172513775192,8.208267498391823,True,True,True,3.326760803452899,5.6912571180999265,4.704750247014304,5.52128225814875,6.7509305268360125,5.855892374884672,5.855892374884672
1,47,9.011949473321861,12.33871027677476,7.8297013159983475,13.520958434098274,8.322954751541157,13.027704998555464,True,True,True,3.326760803452899,5.6912571180999265,4.7047502470143066,10.082271940024278,10.660176252552356,10.67532987504831,10.67532987504831
1,48,8.362950887731232,11.689711691184131,7.1807027304077184,12.871959848507645,7.673956165950529,12.378706412964835,True,True,True,3.326760803452899,5.6912571180999265,4.704750247014306,9.256228857365063,9.235255947091261,10.026331289457682,10.026331289457682
1,49,7.986034488409569,11.312795291862468,6.803786331086055,12.495043449185982,7.297039766628866,12.00179001364317,True,True,True,3.326760803452899,5.6912571180999265,4.704750247014304,8.558905012195792,7.967939701250114,9.649414890136018,9.649414890136018
1,50,7.07124454500762,10.398005348460519,5.888996387684106,11.580253505784032,6.382249823226917,11.08700007024122,True,True,True,3.326760803452899,5.6912571180999265,4.704750247014304,8.163157809553704,9.483225562660012,8.734624946734069,8.734624946734069
1,51,9.963599680300222,13.29036048375312,8.781351522976708,14.472608641076635,9.274604958519518,13.979355205533825,True,True,True,3.326760803452899,5.6912571180999265,4.7047502470143066,11.726854729312118,10.576860323911735,11.626980082026671,11.626980082026671
1,52,8.41235569232208,11.73911649577498,7.230107534998567,12.921364653098493,7.7233609705413775,12.428111217555681,True,True,True,3.326760803452899,5.6912571180999265,4.704750247014304,11.093175882593771,11.322665551726777,10.07573609404853,10.07573609404853
1,53,2.716564249391576,6.043325052844475,1.5343160920680616,7.225573210167989,2.027569527610873,6.732319774625178,True,True,True,3.326760803452899,5.6912571180999265,4.704750247014305,3.8043949195284146,4.694588744233367,4.379944651118025,4.379944651118025
1,54,5.300571392262715,8.627332195715615,4.118323234939201,9.809580353039129,4.6115766704820125,9.316326917496317,True,True,True,3.3267608034529,5.691257118099928,4.704750247014305,7.534472825990554,9.481743751136474,6.963951793989165,6.963951793989165
1,55,9.396542391534975,12.723303194987874,8.214294234211462,13.905551352311388,8.707547669754273,13.412297916768576,True,True,True,3.326760803452899,5.6912571180999265,4.704750247014303,10.288242015430102,10.368077114636742,11.059922793261425,11.059922793261425
1,56,4.7585977432458755,8.085358546698775,3.5763495859223613,9.267606704022288,4.069603021465173,8.774353268479476,False,True,True,3.326760803452899,5.6912571180999265,4.704750247014304,4.695038056843401,4.552543729420851,6.421978144972325,6.421978144972325
1,57,6.433891600517422,9.76065240397032,5.251643443193908,10.942900561293834,5.744896878736719,10.449647125751024,True,True,True,3.326760803452899,5.6912571180999265,4.704750247014306,8.20170073062787,9.623588394290067,8.097272002243871,8.097272002243871
1,58,11.148051309017884,14.474812112470783,9.96580315169437,15.657060269794297,10.459056587237182,15.163806834251485,True,True,True,3.326760803452899,5.6912571180999265,4.704750247014303,13.378176679076978,13.897718978114948,12.811431710744333,12.811431710744333
1,59,9.337766429974094,12.664527233426993,8.15551827265058,13.846775390750507,8.64877170819339,13.353521955207697,True,True,True,3.326760803452899,5.6912571180999265,4.7047502470143066,12.121981622574996,13.517573362696064,11.001146831700543,11.001146831700543
1,60,6.773266707701069,10.100027511153968,5.591018550377555,11.282275668477482,6.084271985920366,10.78902223293467,True,True,True,3.326760803452899,5.6912571180999265,4.704750247014304,7.126056209771394,7.552137701949823,8.436647109427518,8.436647109427518
1,61,9.85877913604374,13.185539939496639,8.676530978720226,14.367788096820153,9.169784414263038,13.874534661277341,True,True,True,3.326760803452899,5.6912571180999265,4.704750247014303,11.845603886874192,11.176267594699851,11.52215953777019,11.52215953777019
1,62,1.2656413267800672,4.5924021302329665,0.08339316945655328,5.774650287556481,0.5766466049993646,5.281396852013669,True,True,True,3.326760803452899,5.691257118099928,4.704750247014305,2.811390615643197,1.675845380953062,2.929021728506517,2.929021728506517
1,63,4.845664644750574,8.172425448203473,3.66341648742706,9.354673605526987,4.156669922969871,8.861420169984175,True,True,True,3.326760803452899,5.6912571180999265,4.704750247014304,6.026123418692214,6.178587729027893,6.5090450464770235,6.5090450464770235
1,64,1.4094632270643535,4.736224030517253,0.2272150697408395,5.9184721878407665,0.7204685052836508,5.425218752297956,True,True,True,3.326760803452899,5.6912571180999265,4.704750247014305,1.8769278892732788,2.2394642666352644,3.072843628790803,3.072843628790803
1,65,8.565651015647234,11.892411819100133,7.38340285832372,13.074659976423646,7.876656293866531,12.581406540880835,True,True,True,3.326760803452899,5.6912571180999265,4.704750247014304,9.852488835525659,8.708020514085,10.229031417373683,10.229031417373683
1,66,10.382139962482794,13.708900765935693,9.19989180515928,14.891148923259207,9.69314524070209,14.397895487716397,True,True,True,3.326760803452899,5.6912571180999265,4.7047502470143066,11.870766450281614,12.259745135049121,12.045520364209244,12.045520364209244
1,67,3.77468320422809,7.101444007680989,2.592435046904576,8.283692165004503,3.085688482447387,7.790438729461692,True,True,True,3.326760803452899,5.6912571180999265,4.704750247014305,5.960735727514783,6.973713388484818,5.4380636059545395,5.4380636059545395
1,68,3.2965868976477033,6.623347701100602,2.114338740324189,7.805595858424116,2.6075921758670004,7.312342422881305,True,True,True,3.326760803452899,5.6912571180999265,4.704750247014305,5.181128414805217,5.790859012403613,4.959967299374153,4.959967299374153
1,69,9.639366630123533,12.966127433576432,8.457118472800019,14.148375590899946,8.95037190834283,13.655122155357134,True,True,True,3.326760803452899,5.6912571180999265,4.704750247014303,11.573234062808057,10.91970874298927,11.302747031849982,11.302747031849982
1,70,8.793850172237939,12.120610975690838,7.611602014914425,13.302859133014351,8.104855450457237,12.80960569747154,True,True,True,3.326760803452899,5.6912571180999265,4.704750247014303,10.525652818256292,11.331719597415606,10.457230573964388,10.457230573964388
1,71,9.428217772356215,12.754978575809114,8.2459696150327,13.937226733132627,8.73922305057551,13.443973297589817,True,True,True,3.326760803452899,5.6912571180999265,4.7047502470143066,12.407847061530612,12.613969328448992,11.091598174082664,11.091598174082664
1,72,8.817994727284688,12.144755530737587,7.635746569961174,13.327003688061101,8.129000005503986,12.83375025251829,True,True,True,3.326760803452899,5.6912571180999265,4.704750247014303,11.097628274751026,9.870107072516396,10.481375129011138,10.481375129011138
1,73,6.2962491935675935,9.623009997020493,5.11400103624408,10.805258154344006,5.607254471786891,10.312004718801195,True,True,True,3.326760803452899,5.6912571180999265,4.704750247014304,7.590244500041868,6.495012166731993,7.959629595294043,7.959629595294043
1,74,9.486889265074439,12.813650068527338,8.304641107750925,13.995898225850851,8.797894543293737,13.50264479030804,True,True,True,3.326760803452899,5.6912571180999265,4.704750247014303,10.802591736014433,10.311947392115494,11.150269666800888,11.150269666800888
1,75,12.009333506097859,15.336094309550758,10.827085348774345,16.518342466874273,11.320338784317155,16.02508903133146,True,True,True,3.326760803452899,5.691257118099928,4.7047502470143066,13.6350779613336,14.33746361395247,13.672713907824308,13.672713907824308
1,76,4.683702847269186,8.010463650722086,3.5014546899456716,9.1927118080456,3.994708125488483,8.699458372502788,True,True,True,3.3267608034529,5.691257118099928,4.704750247014305,6.1002079983954705,6.654441906416264,6.347083248995635,6.347083248995635
1,77,11.5910121622527,14.917772965705598,10.408764004929186,16.100021123029112,10.902017440471997,15.6067676874863,True,True,True,3.326760803452899,5.6912571180999265,4.704750247014303,12.565429800801828,12.52042141390418,13.254392563979149,13.254392563979149
1,78,8.052917339974838,11.379678143427737,6.870669182651325,12.561926300751251,7.3639226181941355,12.068672865208441,True,True,True,3.326760803452899,5.6912571180999265,4.704750247014306,10.209622488030782,9.18087836715602,9.716297741701288,9.716297741701288
1,79,7.605432601405845,10.932193404858744,6.423184444082331,12.114441562182257,6.916437879625142,11.621188126639446,True,True,True,3.326760803452899,5.6912571180999265,4.704750247014304,9.92884233829476,10.706792939465736,9.268813003132294,9.268813003132294
1,80,8.238867762631465,11.565628566084364,7.056619605307951,12.747876723407877,7.549873040850762,12.254623287865066,True,True,True,3.326760803452899,5.6912571180999265,4.704750247014304,9.825149183911225,12.372667728787299,9.902248164357914,9.902248164357914
1,81,11.55758405162255,14.88434485507545,10.375335894299036,16.066593012398965,10.868589329841846,15.573339576856153,True,True,True,3.326760803452899,5.691257118099928,4.7047502470143066,13.142853987319985,13.221816175309796,13.220964453349,13.220964453349
1,82,14.39320980290886,17.71997060636176,13.210961645585346,18.902218763685273,13.704215081128158,18.40896532814246,True,True,True,3.326760803452899,5.6912571180999265,4.704750247014303,15.787623519214828,17.165758055642492,16.05659020463531,16.05659020463531
1,83,12.957959912745759,16.28472071619866,11.775711755422245,17.466968873522173,12.268965190965055,16.97371543797936,True,True,True,3.326760803452901,5.691257118099928,4.7047502470143066,15.372823261600992,17.123002984845275,14.621340314472208,14.621340314472208
1,84,12.020795809496441,15.34755661294934,10.838547652172927,16.529804770272854,11.33180108771574,16.036551334730042,True,False,True,3.326760803452899,5.6912571180999265,4.704750247014303,15.159613469222574,16.637760767177774,13.68417621122289,13.68417621122289
1,85,13.054309998049062,16.381070801501963,11.872061840725548,17.563318958825477,12.365315276268358,17.070065523282665,True,True,True,3.326760803452901,5.691257118099928,4.7047502470143066,16.20082168547369,16.249503043147993,14.717690399775512,14.717690399775512
1,86,9.061259242494852,12.388020045947751,7.879011085171339,13.570268203271265,8.37226452071415,13.077014767728453,True,True,True,3.326760803452899,5.6912571180999265,4.704750247014303,10.491121821620652,11.264051489266816,10.724639644221302,10.724639644221302
1,87,5.050582353229796,8.377343156682695,3.868334195906282,9.559591314006209,4.361587631449093,9.066337878463397,True,True,True,3.326760803452899,5.6912571180999265,4.704750247014304,7.2918657301721925,9.098716682452888,6.7139627549562455,6.7139627549562455
1,88,3.6681942471815345,6.994955050634434,2.4859460898580203,8.177203207957948,2.9791995254008317,7.683949772415136,True,True,True,3.326760803452899,5.691257118099928,4.704750247014305,5.577691356221852,4.0547315249092355,5.331574648907984,5.331574648907984
1,89,8.332352649904587,11.659113453357486,7.1501044925810735,12.841361610681,7.643357928123884,12.34810817513819,True,True,True,3.326760803452899,5.6912571180999265,4.704750247014306,9.060302465982666,8.713851071407731,9.995733051631037,9.995733051631037
1,90,3.610278336302512,6.937039139755411,2.428030178978998,8.119287297078925,2.9212836145218093,7.626033861536114,True,True,True,3.326760803452899,5.6912571180999265,4.704750247014305,5.753581124060047,6.253719225089108,5.273658738028962,5.273658738028962
1,91,11.81956660146685,15.146327404919749,10.637318444143336,16.328575562243262,11.130571879686148,15.83532212670045,True,True,True,3.326760803452899,5.6912571180999265,4.704750247014303,13.747301684355138,12.830861331865705,13.4829470031933,13.4829470031933
1,92,1.5165287668740477,4.843289570326947,0.33428060955053374,6.025537727650461,0.827534045093345,5.53228429210765,True,True,True,3.326760803452899,5.6912571180999265,4.704750247014305,2.477284244226275,2.2834983355098104,3.1799091686004974,3.1799091686004974
1,93,12.19764992727751,15.52441073073041,11.015401769953996,16.706658888053923,11.508655205496808,16.21340545251111,True,True,True,3.326760803452899,5.6912571180999265,4.704750247014303,13.36332503575369,13.238704490178165,13.86103032900396,13.86103032900396
1,94,16.615054339166253,19.941815142619152,15.43280618184274,21.124063299942666,15.926059617385551,20.630809864399854,True,True,True,3.326760803452899,5.6912571180999265,4.704750247014303,19.093314175039943,19.731875146014616,18.278434740892703,18.278434740892703
1,95,5.163713091366059,8.490473894818958,3.981464934042545,9.672722052142472,4.474718369585356,9.17946861659966,True,False,True,3.326760803452899,5.6912571180999265,4.704750247014304,5.522777485109726,3.5424990549063464,6.827093493092509,6.827093493092509
1,96,7.116435662435057,10.443196465887956,5.934187505111543,11.62544462321147,6.427440940654354,11.13219118766866,True,True,True,3.326760803452899,5.6912571180999265,4.704750247014306,9.919315954808033,9.326408585554649,8.779816064161507,8.779816064161507
1,97,5.335270178174111,8.66203098162701,4.153022020850598,9.844279138950524,4.6462754563934086,9.351025703407714,True,True,True,3.326760803452899,5.6912571180999265,4.704750247014306,7.326639978385906,7.011779921945534,6.998650579900561,6.998650579900561
1,98,5.058048834267545,8.384809637720444,3.875800676944031,9.567057795043958,4.369054112486842,9.073804359501146,True,True,True,3.326760803452899,5.6912571180999265,4.704750247014304,6.271892949632715,6.637897296067669,6.721429235993995,6.721429235993995
1,99,5.3556658037743325,8.682426607227232,4.173417646450819,9.864674764550745,4.66667108199363,9.371421329007934,True,True,True,3.326760803452899,5.6912571180999265,4.704750247014304,6.945117768101875,5.88406486958943,7.019046205500782,7.019046205500782
1,100,2.3858449849861527,5.712605788439052,1.2035968276626385,6.894853945762566,1.6968502632054498,6.401600510219755,False,False,True,3.326760803452899,5.691257118099928,4.704750247014305,2.3078414337033557,1.0908506654732182,4.049225386712602,4.049225386712602
1,101,5.873006411965015,9.199767215417914,4.690758254641501,10.382015372741428,5.184011690184312,9.888761937198616,True,False,True,3.326760803452899,5.6912571180999265,4.704750247014304,6.169611420207138,4.2912773221517675,7.536386813691465,7.536386813691465
1,102,0.43004151259393475,3.7568023160468345,-0.7522066447295792,4.939050473370348,-0.2589532091867679,4.445797037827537,True,True,True,3.3267608034529,5.691257118099927,4.704750247014305,1.1132864886361555,1.3408902999961752,2.0934219143203845,2.0934219143203845
1,103,11.784642928079048,15.111403731531947,10.602394770755534,16.29365188885546,11.095648206298346,15.80039845331265,True,True,True,3.326760803452899,5.6912571180999265,4.704750247014303,14.066892595486886,14.524557447232995,13.448023329805498,13.448023329805498
1,104,10.330844638642079,13.657605442094978,9.148596481318565,14.839853599418491,9.641849916861375,14.346600163875681,True,True,True,3.326760803452899,5.6912571180999265,4.7047502470143066,12.899174076577086,14.152074663671243,11.994225040368528,11.994225040368528
1,105,8.895999443554981,12.22276024700788,7.713751286231467,13.405008404331394,8.207004721774279,12.911754968788582,True,True,True,3.326760803452899,5.6912571180999265,4.704750247014303,10.575124006987677,11.032826745953564,10.55937984528143,10.55937984528143
1,106,5.932493215463762,9.259254018916662,4.750245058140248,10.441502176240176,5.2434984936830595,9.948248740697364,True,True,True,3.3267608034529,5.691257118099928,4.704750247014305,7.954451620314238,7.988507734014867,7.595873617190212,7.595873617190212
1,107,11.835288562364601,15.1620493658175,10.653040405041088,16.344297523141016,11.146293840583898,15.851044087598204,True,True,True,3.326760803452899,5.691257118099928,4.7047502470143066,13.597159424938955,14.268040804419563,13.49866896409105,13.49866896409105
1,108,3.8878248805716584,7.2145856840245575,2.7055767232481442,8.396833841348071,3.1988301587909556,7.90358040580526,True,True,True,3.326760803452899,5.6912571180999265,4.704750247014305,5.632618766642283,6.291271510235559,5.551205282298108,5.551205282298108
1,109,-0.0655652389959891,3.2611955644569104,-1.247813396319503,4.443443721780424,-0.7545599607766917,3.9501902862376133,True,True,True,3.3267608034528995,5.691257118099927,4.704750247014305,0.2803908252755543,0.035202015145286314,1.5978151627304606,1.5978151627304606
1,110,7.297493264792491,10.62425406824539,6.1152451074689775,11.806502225568904,6.608498543011788,11.313248790026094,True,True,True,3.326760803452899,5.6912571180999265,4.704750247014306,9.548991543916447,11.02552654383748,8.96087366651894,8.96087366651894
1,111,9.379115310488247,12.705876113941146,8.196867153164733,13.88812427126466,8.690120588707543,13.39487083572185,True,True,True,3.326760803452899,5.6912571180999265,4.7047502470143066,10.549353732600657,9.391303068464739,11.042495712214697,11.042495712214697
1,112,1.2371424044473767,4.563903207900276,0.054894247123862705,5.74615136522379,0.548147682666674,5.252897929680978,True,True,True,3.3267608034529,5.691257118099927,4.704750247014305,2.299811701055351,3.0476667508980864,2.9005228061738264,2.9005228061738264
1,113,10.7185156384616,14.045276441914499,9.536267481138086,15.227524599238013,10.029520916680898,14.734271163695201,True,True,True,3.326760803452899,5.6912571180999265,4.704750247014303,13.291970741195255,12.914806129996737,12.38189604018805,12.38189604018805
1,114,4.710117234987943,8.036878038440843,3.527869077664429,9.219126195764357,4.02112251320724,8.725872760221545,True,True,True,3.3267608034529,5.691257118099928,4.704750247014305,6.670377319528722,7.323662785820581,6.373497636714393,6.373497636714393
1,115,2.2138586883425857,5.540619491795485,1.0316105310190715,6.722867649118999,1.5248639665618828,6.229614213576188,True,True,True,3.326760803452899,5.691257118099928,4.704750247014305,5.414602082900856,5.830900359378241,3.877239090069035,3.877239090069035
1,116,9.337208211029301,12.6639690144822,8.154960053705787,13.846217171805714,8.648213489248597,13.352963736262904,True,False,True,3.326760803452899,5.6912571180999265,4.7047502470143066,10.279110368147277,7.89021903014225,11.00058861275575,11.00058861275575
1,117,6.7586034075167944,10.085364210969693,5.576355250193281,11.267612368293207,6.069608685736092,10.774358932750395,True,True,True,3.326760803452899,5.6912571180999265,4.704750247014304,8.418487736553763,8.980481269278743,8.421983809243244,8.421983809243244
1,118,6.848439288877227,10.175200092330126,5.666191131553713,11.35744824965364,6.159444567096524,10.864194814110828,True,True,True,3.326760803452899,5.6912571180999265,4.704750247014304,8.716593982042308,8.61432555078543,8.511819690603676,8.511819690603676
1,119,9.81460757918125,13.141368382634148,8.632359421857736,14.323616539957662,9.125612857400547,13.83036310441485,True,True,True,3.326760803452899,5.6912571180999265,4.704750247014303,11.520314865924195,11.422806071450582,11.477987980907699,11.477987980907699
1,120,2.6587700410081627,5.985530844461062,1.4765218836846485,7.1677790017845755,1.9697753192274599,6.674525566241765,True,True,True,3.326760803452899,5.6912571180999265,4.704750247014305,4.558121500156143,4.029194395477886,4.322150442734612,4.322150442734612
1,121,9.18392870173442,12.510689505187319,8.001680544410906,13.692937662510833,8.494933979953718,13.19968422696802,True,True,True,3.326760803452899,5.6912571180999265,4.704750247014303,11.892355780047776,12.434754416786229,10.84730910346087,10.84730910346087
1,122,9.046881054858257,12.373641858311156,7.864632897534744,13.55589001563467,8.357886333077555,13.062636580091858,True,True,True,3.326760803452899,5.6912571180999265,4.704750247014303,10.337071948165246,10.815250842047584,10.710261456584707,10.710261456584707
1,123,3.4729681821519254,6.799728985604824,2.290720024828411,7.981977142928338,2.7839734603712225,7.488723707385527,True,True,True,3.326760803452899,5.6912571180999265,4.704750247014305,4.169633022787484,4.567017006798217,5.136348583878375,5.136348583878375
1,124,7.53947127237271,10.866232075825609,6.357223115049196,12.048480233149123,6.850476550592007,11.555226797606313,True,False,True,3.326760803452899,5.6912571180999265,4.704750247014306,10.549470823779245,12.654164683527595,9.20285167409916,9.20285167409916
1,125,2.6918528540447753,6.018613657497674,1.509604696721261,7.200861814821188,2.0028581322640724,6.707608379278377,True,True,True,3.326760803452899,5.6912571180999265,4.704750247014305,4.302236293570367,5.81417254425259,4.355233255771225,4.355233255771225
1,126,11.93978370347623,15.26654450692913,10.757535546152717,16.448792664252643,11.250788981695528,15.955539228709831,True,True,True,3.326760803452899,5.6912571180999265,4.704750247014303,13.872591367464459,13.202677631721802,13.60316410520268,13.60316410520268
1,127,7.473678543646148,10.800439347099047,6.291430386322634,11.982687504422561,6.784683821865445,11.48943406887975,True,True,True,3.326760803452899,5.6912571180999265,4.704750247014304,9.73988924673115,8.10576523214113,9.137058945372598,9.137058945372598
1,128,9.730091353780875,13.056852157233774,8.547843196457361,14.239100314557287,9.041096632000173,13.745846879014476,True,True,True,3.326760803452899,5.6912571180999265,4.704750247014303,11.431418345012592,11.081691853202363,11.393471755507324,11.393471755507324
1,129,8.404599633432658,11.731360436885558,7.222351476109145,12.913608594209071,7.715604911651956,12.420355158666261,True,True,True,3.326760803452899,5.6912571180999265,4.704750247014306,11.366390508434822,10.862567918468747,10.067980035159108,10.067980035159108
1,130,5.726804050177264,9.053564853630164,4.544555892853749,10.235813010953677,5.037809328396561,9.742559575410866,True,True,True,3.3267608034529,5.691257118099928,4.704750247014305,7.475057104903327,8.03419062394984,7.390184451903713,7.390184451903713
1,131,8.214645744186177,11.541406547639076,7.032397586862663,12.72365470496259,7.525651022405474,12.23040126941978,True,True,True,3.326760803452899,5.6912571180999265,4.704750247014306,9.57731424871526,9.352899906088743,9.878026145912626,9.878026145912626
1,132,11.11981701667624,14.44657782012914,9.937568859352726,15.628825977452653,10.430822294895538,15.135572541909841,True,True,True,3.326760803452899,5.6912571180999265,4.704750247014303,12.677304608684604,11.89979083462659,12.78319741840269,12.78319741840269
1,133,12.009145831387594,15.335906634840493,10.82689767406408,16.518154792164008,11.32015110960689,16.024901356621196,True,True,True,3.326760803452899,5.691257118099928,4.7047502470143066,12.852541148115378,12.636998217949085,13.672526233114043,13.672526233114043
1,134,8.181322722857553,11.508083526310452,6.999074565534039,12.690331683633966,7.49232800107685,12.197078248091156,True,True,True,3.326760803452899,5.6912571180999265,4.704750247014306,10.156900031519042,10.70106122167958,9.844703124584003,9.844703124584003
1,135,8.235101924805399,11.561862728258298,7.052853767481885,12.744110885581811,7.546107203024696,12.250857450039,True,True,True,3.326760803452899,5.6912571180999265,4.704750247014304,9.491623880643088,9.155790597783003,9.898482326531848,9.898482326531848
1,136,9.426626814380652,12.753387617833551,8.244378657057139,13.935635775157065,8.737632092599949,13.442382339614255,True,True,True,3.326760803452899,5.6912571180999265,4.7047502470143066,11.838554931051476,13.230983024492883,11.090007216107102,11.090007216107102
1,137,11.89470514645468,15.221465949907579,10.712456989131166,16.403714107231092,11.205710424673978,15.91046067168828,True,True,True,3.326760803452899,5.6912571180999265,4.704750247014303,12.316081664930635,13.322289110951582,13.558085548181129,13.558085548181129
1,138,9.905069671550372,13.231830475003271,8.722821514226858,14.414078632326785,9.21607494976967,13.920825196783973,True,True,True,3.326760803452899,5.6912571180999265,4.704750247014303,11.930432739443987,10.948223401587645,11.568450073276821,11.568450073276821
1,139,10.362845477749973,13.689606281202872,9.18059732042646,14.871854438526386,9.67385075596927,14.378601002983576,True,True,True,3.326760803452899,5.6912571180999265,4.7047502470143066,12.222028890826355,12.220456360668056,12.026225879476423,12.026225879476423
1,140,5.412547163927586,8.739307967380485,4.230299006604072,9.921556124703999,4.723552442146883,9.428302689161189,True,True,True,3.326760803452899,5.6912571180999265,4.704750247014306,6.581914537310151,7.737764832646143,7.075927565654036,7.075927565654036
1,141,9.930983962448012,13.257744765900911,8.748735805124499,14.439992923224425,9.241989240667309,13.946739487681615,True,True,True,3.326760803452899,5.6912571180999265,4.7047502470143066,11.613625717309066,12.510756467142018,11.594364364174462,11.594364364174462
1,142,7.253473841350138,10.580234644803037,6.071225684026624,11.76248280212655,6.564479119569435,11.26922936658374,True,True,True,3.326760803452899,5.6912571180999265,4.704750247014306,9.495115109779535,8.806167219043825,8.916854243076587,8.916854243076587
1,143,4.29384156942153,7.620602372874429,3.1115934120980158,8.802850530197944,3.604846847640827,8.309597094655132,True,True,True,3.326760803452899,5.691257118099928,4.704750247014305,4.997490181342986,5.41201173902794,5.9572219711479795,5.9572219711479795
1,144,7.881669316934998,11.208430120387897,6.699421159611484,12.39067827771141,7.192674595154295,11.8974248421686,True,True,True,3.326760803452899,5.6912571180999265,4.704750247014306,8.92712548131438,7.878796539241375,9.545049718661447,9.545049718661447
1,145,3.1522013723681557,6.478962175821055,1.9699532150446415,7.6612103331445685,2.463206650587453,7.167956897601758,True,True,True,3.326760803452899,5.6912571180999265,4.704750247014305,4.400023595749138,4.315140396799986,4.815581774094605,4.815581774094605
1,146,11.356607306899106,14.683368110352005,10.174359149575592,15.865616267675518,10.667612585118402,15.372362832132708,True,True,True,3.326760803452899,5.6912571180999265,4.7047502470143066,12.813318074310214,12.907551410558181,13.019987708625555,13.019987708625555
1,147,3.5275104428662596,6.854271246319159,2.3452622855427454,8.036519403642673,2.8385157210855567,7.5432659680998615,True,True,True,3.326760803452899,5.691257118099928,4.704750247014305,4.166069867151177,4.121834495002306,5.190890844592709,5.190890844592709
1,148,10.004984327644536,13.331745131097435,8.822736170321022,14.513993288420949,9.315989605863834,14.020739852878137,True,True,True,3.326760803452899,5.6912571180999265,4.704750247014303,11.574625377728003,9.865855186941117,11.668364729370985,11.668364729370985
1,149,5.928914984598638,9.255675788051537,4.746666827275124,10.43792394537505,5.239920262817935,9.944670509832239,True,True,True,3.326760803452899,5.6912571180999265,4.704750247014304,7.671713978704011,6.921397645990707,7.5922953863250875,7.5922953863250875
1,150,12.015953790593457,15.342714594046356,10.833705633269943,16.52496275136987,11.326959068812755,16.031709315827058,True,True,True,3.326760803452899,5.6912571180999265,4.704750247014303,14.211727862380156,12.714754982800242,13.679334192319907,13.679334192319907
1,151,12.640838968875915,15.967599772328814,11.458590811552401,17.149847929652328,11.951844247095213,16.656594494109516,True,True,True,3.326760803452899,5.6912571180999265,4.704750247014303,15.15639734120456,13.674344173491871,14.304219370602365,14.304219370602365
1,152,5.757239823604628,9.084000627057527,4.5749916662811145,10.266248784381041,5.068245101823925,9.77299534883823,True,True,True,3.326760803452899,5.6912571180999265,4.704750247014304,7.5361611814559275,6.677331666634883,7.420620225331078,7.420620225331078
1,153,2.3415836059369894,5.6683444093898885,1.1593354486134753,6.850592566713402,1.6525888841562866,6.357339131170591,True,True,True,3.326760803452899,5.6912571180999265,4.704750247014305,3.575605826498931,2.7098432754482737,4.004964007663439,4.004964007663439
1,154,6.606267018348564,9.933027821801463,5.424018861025051,11.115275979124977,5.9172722965678615,10.622022543582165,True,True,True,3.326760803452899,5.6912571180999265,4.704750247014304,7.871436950970894,7.5290086927803115,8.269647420075014,8.269647420075014
1,155,6.456619341355353,9.783380144808252,5.274371184031839,10.965628302131766,5.76762461957465,10.472374866588954,True,True,True,3.326760803452899,5.6912571180999265,4.704750247014304,6.795065165495024,7.454663060965342,8.119999743081802,8.119999743081802
1,156,9.563925249693161,12.89068605314606,8.381677092369648,14.072934210469574,8.874930527912458,13.579680774926764,True,True,True,3.326760803452899,5.6912571180999265,4.7047502470143066,11.015560362554908,10.9577922899069,11.227305651419611,11.227305651419611
1,157,6.051412453478628,9.378173256931527,4.869164296155114,10.56042141425504,5.362417731697925,10.06716797871223,True,True,True,3.326760803452899,5.6912571180999265,4.704750247014306,7.995505572655249,6.969287225589559,7.7147928552050775,7.7147928552050775
1,158,4.2260677838158145,7.5528285872687135,3.0438196264923003,8.735076744592227,3.5370730620351116,8.241823309049416,False,True,True,3.326760803452899,5.6912571180999265,4.704750247014304,3.997678917023319,3.8909075870692122,5.889448185542264,5.889448185542264
1,159,11.149956164706923,14.476716968159822,9.96770800738341,15.658965125483336,10.46096144292622,15.165711689940526,True,True,True,3.326760803452899,5.6912571180999265,4.7047502470143066,12.809043196142628,12.878835097843549,12.813336566433373,12.813336566433373
1,160,6.600666196865333,9.927427000318232,5.4184180395418196,11.109675157641746,5.91167147508463,10.616421722098934,True,True,True,3.326760803452899,5.6912571180999265,4.704750247014304,7.489067386498686,6.5874181295610335,8.264046598591783,8.264046598591783
1,161,4.223817475241221,7.55057827869412,3.041569317917707,8.732826436017634,3.534822753460518,8.239573000474824,True,True,True,3.326760803452899,5.6912571180999265,4.704750247014306,6.296989878132139,5.947989896670166,5.8871978769676705,5.8871978769676705
1,162,14.958599293962031,18.28536009741493,13.776351136638517,19.467608254738444,14.26960457218133,18.974354819195632,False,True,True,3.326760803452899,5.6912571180999265,4.704750247014303,18.49675266632896,19.00544749487073,16.62197969568848,16.62197969568848
1,163,11.444911287725285,14.771672091178184,10.262663130401771,15.953920248501698,10.755916565944581,15.460666812958888,True,True,True,3.326760803452899,5.6912571180999265,4.7047502470143066,12.080499084857372,13.517463349277088,13.108291689451734,13.108291689451734
1,164,3.908084427215625,7.234845230668524,2.725836269892111,8.417093387992038,3.2190897054349223,7.923839952449227,True,True,True,3.326760803452899,5.6912571180999265,4.704750247014305,5.586499232556673,5.0041842247378305,5.571464828942075,5.571464828942075
1,165,7.43135724173003,10.758118045182929,6.249109084406516,11.940366202506443,6.742362519949327,11.447112766963631,True,True,True,3.326760803452899,5.6912571180999265,4.704750247014304,8.532849705479133,9.570752212284297,9.09473764345648,9.09473764345648
1,166,4.752872865179478,8.079633668632377,3.570624707855964,9.261881825955891,4.063878143398775,8.768628390413081,True,True,True,3.326760803452899,5.6912571180999265,4.704750247014306,5.479090293651088,5.248419194611705,6.416253266905928,6.416253266905928
1,167,2.516780074722994,5.843540878175893,1.3345319173994796,7.0257890354994075,1.827785352942291,6.532535599956596,True,True,True,3.326760803452899,5.691257118099928,4.704750247014305,3.8929346859373113,5.507346883141688,4.180160476449443,4.180160476449443
1,168,4.574972979747057,7.901733783199956,3.3927248224235425,9.08398194052347,3.8859782579663538,8.590728504980659,True,True,True,3.326760803452899,5.691257118099928,4.704750247014305,6.412418864798469,4.74895831424473,6.238353381473506,6.238353381473506
1,169,3.725664972686312,7.052425776139211,2.543416815362798,8.234673933462725,3.036670250905609,7.741420497919914,True,True,True,3.326760803452899,5.6912571180999265,4.704750247014305,4.884461285452939,5.175719021700879,5.3890453744127615,5.3890453744127615
1,170,2.1250038024516673,5.451764605904566,0.9427556451281531,6.63401276322808,1.4360090806709644,6.140759327685269,True,True,True,3.326760803452899,5.6912571180999265,4.704750247014305,2.451313935968486,4.158505691696001,3.788384204178117,3.788384204178117
1,171,3.5945068509934677,6.921267654446367,2.4122586936699535,8.103515811769881,2.905512129212765,7.61026237622707,True,True,True,3.326760803452899,5.691257118099928,4.704750247014305,4.658115764523289,5.352314305055308,5.257887252719917,5.257887252719917
1,172,3.605789170846088,6.932549974298987,2.423541013522574,8.114798131622502,2.916794449065385,7.62154469607969,True,True,True,3.326760803452899,5.691257118099928,4.704750247014305,4.268644150818147,5.887586891114998,5.269169572572538,5.269169572572538
1,173,8.579970507292346,11.906731310745245,7.3977223499688325,13.088979468068759,7.890975785511643,12.595726032525949,True,True,True,3.326760803452899,5.6912571180999265,4.704750247014306,9.900331634383122,11.040825745888762,10.243350909018796,10.243350909018796
1,174,3.7241214886608374,7.050882292113736,2.541873331337323,8.233130449437251,3.0351267668801345,7.739877013894439,True,True,True,3.326760803452899,5.691257118099928,4.704750247014305,4.336350036837505,4.865869543405314,5.387501890387287,5.387501890387287
1,175,5.23598730959782,8.56274811305072,4.053739152274305,9.744996270374234,4.546992587817117,9.251742834831422,True,True,True,3.3267608034529,5.691257118099928,4.704750247014305,7.563801609531045,7.432860983612485,6.8993677113242695,6.8993677113242695
1,176,10.118534900561514,13.445295704014413,8.936286743238,14.627543861337927,9.429540178780812,14.134290425795115,True,True,True,3.326760803452899,5.6912571180999265,4.704750247014303,12.443233243861725,11.893942196440022,11.781915302287963,11.781915302287963
1,177,6.368045894325753,9.694806697778652,5.18579773700224,10.877054855102166,5.6790511725450505,10.383801419559354,True,True,True,3.326760803452899,5.6912571180999265,4.704750247014304,7.339208693080346,6.385883471666929,8.031426296052203,8.031426296052203
1,178,6.524714401507405,9.851475204960304,5.342466244183891,11.033723362283817,5.835719679726702,10.540469926741007,True,True,True,3.326760803452899,5.6912571180999265,4.704750247014306,7.726705034372989,6.2936144869661845,8.188094803233854,8.188094803233854
1,179,12.081853510802576,15.408614314255475,10.899605353479062,16.59086247157899,11.392858789021872,16.09760903603618,True,True,True,3.326760803452899,5.691257118099928,4.7047502470143066,14.570917036719168,14.902797880272374,13.745233912529025,13.745233912529025
1,180,7.804998648212379,11.131759451665278,6.6227504908888655,12.314007608988792,7.116003926431676,11.82075417344598,True,True,True,3.326760803452899,5.6912571180999265,4.704750247014304,9.488310165836332,10.611999773501976,9.468379049938829,9.468379049938829
1,181,10.935166179344549,14.261926982797448,9.752918022021035,15.444175140120961,10.246171457563847,14.95092170457815,True,True,True,3.326760803452899,5.6912571180999265,4.704750247014303,12.093815928211693,13.357281197380878,12.598546581070998,12.598546581070998
1,182,5.6649189858607585,8.991679789313658,4.482670828537245,10.173927946637171,4.975924264080056,9.68067451109436,True,True,True,3.326760803452899,5.6912571180999265,4.704750247014304,6.543580057507272,6.592791271150116,7.328299387587208,7.328299387587208
1,183,9.95411585165307,13.280876655105969,8.771867694329556,14.463124812429482,9.265121129872366,13.969871376886672,True,True,True,3.326760803452899,5.6912571180999265,4.7047502470143066,11.73062679331537,11.265594714661496,11.61749625337952,11.61749625337952
1,184,5.911129837297007,9.237890640749907,4.728881679973492,10.42013879807342,5.222135115516304,9.926885362530609,True,True,True,3.3267608034529,5.691257118099928,4.704750247014305,7.547053381104133,8.230717521620097,7.574510239023456,7.574510239023456
1,185,4.4745490597467645,7.801309863199664,3.2923009024232504,8.983558020523178,3.7855543379660617,8.490304584980366,False,True,True,3.326760803452899,5.691257118099928,4.704750247014305,4.440613846751945,5.541978482016134,6.137929461473214,6.137929461473214
1,186,6.316299916059108,9.643060719512007,5.134051758735593,10.825308876835521,5.627305194278405,10.33205544129271,True,True,True,3.3267608034529,5.691257118099928,4.704750247014305,9.01740856019939,9.391056159598419,7.979680317785557,7.979680317785557
1,187,5.337040080040482,8.663800883493382,4.154791922716967,9.846049040816895,4.648045358259779,9.352795605274084,True,True,True,3.3267608034529,5.691257118099928,4.704750247014305,6.992986411934902,7.605276366366826,7.000420481766931,7.000420481766931
1,188,5.681860959107501,9.0086217625604,4.499612801783988,10.190869919883914,4.9928662373267985,9.697616484341104,True,True,True,3.326760803452899,5.6912571180999265,4.704750247014306,7.926208473229924,7.170696487858592,7.345241360833951,7.345241360833951
1,189,1.52127906789148,4.84803987134438,0.3390309105679661,6.0302880286678935,0.8322843461107774,5.537034593125082,True,True,True,3.3267608034529,5.691257118099927,4.704750247014305,2.3696631685469094,2.2133845141909503,3.18465946961793,3.18465946961793
1,190,11.610749676024797,14.937510479477696,10.428501518701284,16.119758636801212,10.921754954244093,15.6265052012584,True,True,True,3.326760803452899,5.691257118099928,4.7047502470143066,14.468415883390836,14.554317403759983,13.274130077751247,13.274130077751247
1,191,2.1931580052845465,5.5199188087374464,1.0109098479610328,6.70216696606096,1.504163283503844,6.208913530518149,True,True,True,3.3267608034529,5.691257118099927,4.704750247014305,2.8040132146810652,2.7936543071212734,3.8565384070109965,3.8565384070109965
1,192,3.1708512173125527,6.497612020765452,1.9886030599890385,7.6798601780889655,2.48185649553185,7.186606742546155,True,True,True,3.326760803452899,5.6912571180999265,4.704750247014305,4.957311993188391,7.031599989841597,4.834231619039002,4.834231619039002
1,193,4.323573457504657,7.650334260957556,3.1413253001811428,8.83258241828107,3.634578735723954,8.339328982738259,True,True,True,3.326760803452899,5.691257118099928,4.704750247014305,5.4906907314144515,4.074499369694728,5.9869538592311065,5.9869538592311065
1,194,8.964683840499632,12.29144464395253,7.782435683176118,13.473692801276044,8.27568911871893,12.980439365733233,True,True,True,3.326760803452899,5.6912571180999265,4.704750247014303,10.89348725092286,10.803204983285331,10.628064242226081,10.628064242226081
1,195,4.955233445123482,8.281994248576382,3.7729852877999677,9.464242405899896,4.266238723342779,8.970988970357084,True,True,True,3.3267608034529,5.691257118099928,4.704750247014305,5.478650811175888,5.570383328635489,6.618613846849931,6.618613846849931
1,196,3.8137416255072383,7.140502428960137,2.631493468183724,8.322750586283652,3.1247469037265354,7.82949715074084,True,True,True,3.326760803452899,5.691257118099928,4.704750247014305,6.30632639929415,5.446927806453025,5.477122027233688,5.477122027233688
1,197,10.778122653395203,14.104883456848102,9.595874496071689,15.287131614171615,10.089127931614499,14.793878178628805,True,True,True,3.326760803452899,5.6912571180999265,4.7047502470143066,13.42105360242433,13.40741364328161,12.441503055121652,12.441503055121652
1,198,4.140449218048145,7.467210021501044,2.958201060724631,8.649458178824558,3.4514544962674423,8.156204743281748,True,True,True,3.326760803452899,5.6912571180999265,4.704750247014306,4.5175571988292855,5.022527450512335,5.803829619774595,5.803829619774595
1,199,9.141130430879294,12.467891234332193,7.95888227355578,13.650139391655706,8.452135709098592,13.156885956112895,True,True,True,3.326760803452899,5.6912571180999265,4.704750247014303,9.965353634564519,10.410067692937172,10.804510832605743,10.804510832605743
2,0,1.2515505826273128,4.226434023222304,0.1943508999073349,5.283633705942282,0.6354320488405221,4.842552557009094,True,True,True,2.9748834405949918,5.089282806034948,4.207120508168572,2.073775067772306,2.3113704274251243,2.7389923029248084,2.7389923029248084
2,1,11.058446741159583,14.033330181754573,10.001247058439604,15.090529864474552,10.442328207372793,14.649448715541364,True,True,True,2.97488344059499,5.089282806034948,4.207120508168572,12.625409037882175,10.795577078363097,12.545888461457078,12.545888461457078
2,2,2.5951038098482844,5.569987250443276,1.5379041271283067,6.627186933163253,1.9789852760614939,6.186105784230067,True,True,True,2.9748834405949918,5.089282806034946,4.207120508168574,4.830732953088901,2.7997868345844017,4.08254553014578,4.08254553014578
2,3,9.781462452187116,12.756345892782106,8.724262769467137,13.813545575502085,9.165343918400325,13.372464426568897,True,True,True,2.97488344059499,5.089282806034948,4.207120508168572,11.864050732842985,11.87460504443656,11.26890417248461,11.26890417248461
2,4,10.980781820917466,13.955665261512456,9.923582138197487,15.012864944232435,10.364663287130675,14.571783795299247,True,True,True,2.97488344059499,5.089282806034948,4.207120508168572,12.130755127903718,12.722895671195001,12.468223541214961,12.468223541214961
2,5,2.1005523211937893,5.07543576178878,1.0433526384738112,6.132635444508758,1.4844337874069984,5.691554295575571,True,True,True,2.974883440594991,5.089282806034947,4.207120508168573,3.338457008683864,4.872399207941551,3.5879940414912848,3.5879940414912848
2,6,3.9142512334662047,6.8891346740611965,2.857051550746227,7.946334356781174,3.2981326996794142,7.505253207847987,True,True,True,2.9748834405949918,5.089282806034946,4.207120508168574,5.021376117257846,3.765350154168842,5.401692953763701,5.401692953763701
2,7,7.330369263038311,10.305252703633302,6.273169580318333,11.362452386353281,6.714250729251521,10.921371237420093,True,True,True,2.974883440594991,5.089282806034948,4.207120508168572,9.466817586868906,9.380464014156251,8.817810983335807,8.817810983335807
2,8,7.298149622941767,10.273033063536758,6.240949940221789,11.330232746256737,6.682031089154977,10.889151597323549,True,True,True,2.974883440594991,5.089282806034948,4.207120508168572,9.177452267298001,9.043602319407764,8.785591343239263,8.785591343239263
2,9,8.428794733171474,11.403678173766464,7.371595050451495,12.460877856486443,7.812676199384683,12.019796707553255,True,True,True,2.97488344059499,5.089282806034948,4.207120508168572,9.662695624143822,10.231964098959054,9.916236453468969,9.916236453468969
2,10,4.864061786871318,7.83894522746631,3.80686210415134,8.896144910186287,4.247943253084527,8.4550637612531,True,True,True,2.9748834405949918,5.089282806034946,4.207120508168574,7.223669626344651,6.475478781573447,6.351503507168814,6.351503507168814
2,11,5.842847179249538,8.817730619844529,4.78564749652956,9.874930302564508,5.226728645462748,9.43384915363132,True,True,True,2.974883440594991,5.089282806034948,4.207120508168572,8.309564510023833,8.073522307946376,7.330288899547034,7.330288899547034
2,12,5.589129657616785,8.564013098211776,4.531929974896807,9.621212780931755,4.973011123829995,9.180131631998567,True,True,True,2.974883440594991,5.089282806034948,4.207120508168572,6.980342519220596,7.711806958206775,7.076571377914281,7.076571377914281
2,13,7.950903090275042,10.925786530870033,6.893703407555064,11.982986213590012,7.334784556488252,11.541905064656824,True,True,True,2.974883440594991,5.089282806034948,4.207120508168572,9.746620640735053,8.707303657963138,9.438344810572538,9.438344810572538
2,14,4.509264271579772,7.484147712174764,3.4520645888597943,8.541347394894741,3.8931457377929815,8.100266245961555,True,True,True,2.9748834405949918,5.089282806034946,4.207120508168574,5.032651046906327,5.3735252779185005,5.996705991877268,5.996705991877268
2,15,7.460613990402922,10.435497430997913,6.403414307682944,11.492697113717892,6.844495456616132,11.051615964784704,True,True,True,2.974883440594991,5.089282806034948,4.207120508168572,9.448723556081859,7.6730372775641795,8.948055710700418,8.948055710700418
2,16,10.81601160200694,13.79089504260193,9.758811919286961,14.848094725321909,10.199893068220149,14.40701357638872,True,True,True,2.97488344059499,5.089282806034948,4.207120508168572,12.599635916694288,13.098237931559135,12.303453322304435,12.303453322304435
2,17,11.717956557351934,14.692839997946924,10.660756874631955,15.750039680666903,11.101838023565143,15.308958531733715,True,True,True,2.97488344059499,5.089282806034948,4.207120508168572,13.595899558642516,13.903900976759559,13.20539827764943,13.20539827764943
2,18,9.997716796622697,12.972600237217687,8.940517113902718,14.029799919937666,9.381598262835906,13.588718771004478,True,True,True,2.97488344059499,5.089282806034948,4.207120508168572,11.818945777748842,11.427491226906945,11.485158516920192,11.485158516920192
2,19,9.808126269359208,12.783009709954198,8.75092658663923,13.840209392674177,9.192007735572417,13.39912824374099,True,True,True,2.97488344059499,5.089282806034948,4.207120508168572,11.635839576860945,13.607637687686255,11.295567989656703,11.295567989656703
2,20,9.660379425001626,12.635262865596616,8.603179742281647,13.692462548316595,9.044260891214835,13.251381399383407,True,True,True,2.97488344059499,5.089282806034948,4.207120508168572,11.871339540068803,12.047871221183634,11.14782114529912,11.14782114529912
2,21,10.553459494185343,13.528342934780333,9.496259811465364,14.585542617500312,9.937340960398553,14.144461468567124,True,True,True,2.97488344059499,5.089282806034948,4.207120508168572,11.69643283915656,10.17553978514683,12.040901214482838,12.040901214482838
2,22,10.271162572258083,13.246046012853073,9.213962889538104,14.303245695573052,9.655044038471292,13.862164546639864,True,True,True,2.97488344059499,5.089282806034948,4.207120508168572,11.964034829284486,11.719360890517736,11.758604292555578,11.758604292555578
2,23,7.743748066621859,10.71863150721685,6.686548383901881,11.775831189936829,7.127629532835069,11.334750041003641,True,True,True,2.974883440594991,5.089282806034948,4.207120508168572,8.371634650920951,9.288701346066693,9.231189786919355,9.231189786919355
2,24,5.671843083465028,8.64672652406002,4.6146434007450505,9.703926206779997,5.055724549678237,9.26284505784681,True,True,True,2.9748834405949918,5.089282806034946,4.207120508168574,6.434521583881065,7.549783897768773,7.159284803762524,7.159284803762524
2,25,8.277524505964747,11.252407946559737,7.220324823244768,12.309607629279716,7.661405972177956,11.868526480346528,True,True,True,2.97488344059499,5.089282806034948,4.207120508168572,9.722705416513044,11.134130408333979,9.764966226262242,9.764966226262242
2,26,8.320870571374567,11.295754011969557,7.2636708886545875,12.352953694689536,7.704752037587776,11.911872545756347,True,True,True,2.97488344059499,5.089282806034948,4.207120508168572,8.539857082134825,9.72007444319784,9.808312291672062,9.808312291672062
2,27,1.4479575862432166,4.422841026838208,0.3907579035232387,5.480040709558185,0.8318390524564259,5.038959560624999,True,True,True,2.9748834405949918,5.089282806034946,4.207120508168574,3.244036618024123,1.898858556437884,2.9353993065407122,2.9353993065407122
2,28,9.713528108309447,12.688411548904437,8.656328425589468,13.745611231624416,9.097409574522656,13.304530082691228,True,True,True,2.97488344059499,5.089282806034948,4.207120508168572,11.903662709819232,12.948146704175821,11.200969828606942,11.200969828606942
2,29,4.9477378611890455,7.922621301784037,3.890538178469068,8.979820984504014,4.3316193274022545,8.538739835570828,True,True,True,2.9748834405949918,5.089282806034946,4.207120508168574,6.35371039647708,4.61123551589062,6.435179581486541,6.435179581486541
2,30,9.473345822929886,12.448229263524876,8.416146140209907,13.505428946244855,8.857227289143095,13.064347797311667,True,True,True,2.97488344059499,5.089282806034948,4.207120508168572,10.74952627722678,10.94991240454553,10.960787543227381,10.960787543227381
2,31,10.493822523296942,13.468705963891932,9.436622840576963,14.52590564661191,9.87770398951015,14.084824497678722,True,True,True,2.97488344059499,5.089282806034948,4.207120508168572,11.817302405019559,11.391881942300543,11.981264243594437,11.981264243594437
2,32,8.030227019911242,11.005110460506232,6.973027337191263,12.062310143226211,7.4141084861244515,11.621228994293023,True,True,True,2.97488344059499,5.089282806034948,4.207120508168572,9.720884335726758,10.060256496116148,9.517668740208737,9.517668740208737
2,33,1.6379947574082607,4.612878198003252,0.5807950746882828,5.67007788072323,1.02187622362147,5.228996731790042,True,True,True,2.9748834405949918,5.089282806034948,4.207120508168572,3.745962204765225,3.3254323356599667,3.1254364777057564,3.1254364777057564
2,34,11.302207148207382,14.277090588802372,10.245007465487403,15.33429027152235,10.68608861442059,14.893209122589163,True,True,True,2.97488344059499,5.089282806034948,4.207120508168572,11.778955175670825,11.362864310544042,12.789648868504877,12.789648868504877
2,35,9.12527787952059,12.10016132011558,8.068078196800611,13.15736100283556,8.5091593457338,12.716279853902371,True,True,True,2.97488344059499,5.089282806034948,4.207120508168572,10.880677068814975,10.46432932288209,10.612719599818085,10.612719599818085
2,36,12.749732454637224,15.724615895232214,11.692532771917245,16.78181557795219,12.133613920850433,16.340734429019005,True,True,True,2.97488344059499,5.089282806034946,4.207120508168572,14.451448101685413,15.135206260641304,14.237174174934719,14.237174174934719
2,37,10.598430246535411,13.573313687130401,9.541230563815432,14.63051336985038,9.98231171274862,14.189432220917192,True,True,True,2.97488344059499,5.089282806034948,4.207120508168572,11.756543532531122,11.336683307682787,12.085871966832906,12.085871966832906
2,38,10.496943978327582,13.471827418922572,9.439744295607603,14.529027101642551,9.880825444540791,14.087945952709363,True,True,True,2.97488344059499,5.089282806034948,4.207120508168572,12.67619840884312,10.617445884089204,11.984385698625077,11.984385698625077
2,39,2.811754458578747,5.786637899173739,1.7545547758587694,6.843837581893716,2.1956359247919566,6.40275643296053,True,True,True,2.9748834405949918,5.089282806034946,4.207120508168574,3.742301772508558,2.669516694350953,4.299196178876243,4.299196178876243
2,40,7.150691991246771,10.125575431841762,6.093492308526793,11.182775114561741,6.534573457459981,10.741693965628553,True,True,True,2.974883440594991,5.089282806034948,4.207120508168572,9.333822237903462,8.212921640306625,8.638133711544267,8.638133711544267
2,41,8.395652062929651,11.370535503524641,7.338452380209672,12.42773518624462,7.77953352914286,11.986654037311432,True,True,True,2.97488344059499,5.089282806034948,4.207120508168572,9.13958392167342,7.490662692236635,9.883093783227146,9.883093783227146
2,42,14.083979960459118,17.058863401054108,13.026780277739139,18.116063083774087,13.467861426672327,17.6749819348409,True,True,True,2.97488344059499,5.089282806034948,4.207120508168574,15.67812786331914,17.539599397197605,15.571421680756613,15.571421680756613
2,43,7.510528106601238,10.485411547196229,6.45332842388126,11.542611229916208,6.894409572814448,11.10153008098302,False,True,True,2.974883440594991,5.089282806034948,4.207120508168572,7.246747650738389,6.969168741782423,8.997969826898734,8.997969826898734
2,44,3.1292018131383452,6.104085253733337,2.0720021304183676,7.161284936453315,2.5130832793515547,6.720203787520127,True,True,True,2.9748834405949918,5.089282806034948,4.207120508168572,4.131208441612768,4.761462165733763,4.616643533435841,4.616643533435841
2,45,6.280332611008967,9.255216051603957,5.2231329282889885,10.312415734323936,5.6642140772221765,9.871334585390748,True,True,True,2.974883440594991,5.089282806034948,4.207120508168572,7.688961529028021,7.339186753361091,7.767774331306462,7.767774331306462
2,46,3.2643237359043926,6.239207176499384,2.207124053184415,7.296406859219362,2.648205202117602,6.855325710286175,True,True,True,2.9748834405949918,5.089282806034946,4.207120508168574,3.8773481261066163,3.297673164877529,4.7517654562018885,4.7517654562018885
2,47,4.574270180165761,7.549153620760753,3.517070497445783,8.60635330348073,3.9581516463789703,8.165272154547543,True,True,True,2.9748834405949918,5.089282806034948,4.207120508168572,5.944582553994849,4.476749729923381,6.061711900463257,6.061711900463257
2,48,9.376047383122145,12.350930823717135,8.318847700402166,13.408130506437114,8.759928849335354,12.967049357503926,True,True,True,2.97488344059499,5.089282806034948,4.207120508168572,11.283414011615532,11.471690846256799,10.86348910341964,10.86348910341964
2,49,3.4413921873663424,6.416275627961334,2.384192504646365,7.473475310681312,2.825273653579552,7.032394161748124,True,True,True,2.9748834405949918,5.089282806034948,4.207120508168572,4.832044337425841,4.265796823628932,4.928833907663838,4.928833907663838
2,50,5.664849180820176,8.639732621415167,4.607649498100198,9.696932304135146,5.048730647033386,9.255851155201958,True,True,True,2.974883440594991,5.089282806034948,4.207120508168572,6.800315885644026,5.771852665671718,7.152290901117672,7.152290901117672
2,51,11.449188078822457,14.424071519417447,10.391988396102478,15.481271202137426,10.833069545035666,15.040190053204238,True,True,True,2.97488344059499,5.089282806034948,4.207120508168572,13.137943348112504,12.744534222729271,12.936629799119952,12.936629799119952
2,52,6.2737241522341884,9.24860759282918,5.21652446951421,10.305807275549158,5.657605618447398,9.86472612661597,True,True,True,2.974883440594991,5.089282806034948,4.207120508168572,7.271334177018565,6.627463470803239,7.761165872531684,7.761165872531684
2,53,6.292307874725401,9.267191315320392,5.235108192005423,10.32439099804037,5.67618934093861,9.883309849107183,True,True,True,2.9748834405949918,5.089282806034946,4.207120508168574,8.541491943436249,8.475303379825482,7.7797495950228965,7.7797495950228965
2,54,5.113626415149701,8.088509855744693,4.056426732429724,9.14570953846467,4.49750788136291,8.704628389531484,True,True,True,2.9748834405949918,5.089282806034946,4.207120508168574,6.29226680655481,7.03675308912246,6.601068135447197,6.601068135447197
2,55,6.316839561774884,9.291723002369876,5.259639879054907,10.348922685089853,5.700721027988093,9.907841536156667,True,True,True,2.9748834405949918,5.089282806034946,4.207120508168574,7.354076739949399,7.617350189947348,7.80428128207238,7.80428128207238
2,56,5.966432999941047,8.941316440536038,4.909233317221069,9.998516123256016,5.350314466154256,9.55743497432283,True,True,True,2.9748834405949918,5.089282806034946,4.207120508168574,7.165190522032376,8.429602696310884,7.4538747202385425,7.4538747202385425
2,57,7.07526081334827,10.05014425394326,6.018061130628292,11.10734393666324,6.45914227956148,10.666262787730052,True,True,True,2.974883440594991,5.089282806034948,4.207120508168572,7.437331123661903,7.876893774284196,8.562702533645766,8.562702533645766
2,58,12.070242616775099,15.045126057370089,11.01304293405512,16.102325740090066,11.454124082988308,15.66124459115688,True,True,True,2.97488344059499,5.089282806034946,4.207120508168572,14.561190179260487,13.931230313119068,13.557684337072594,13.557684337072594
2,59,11.624912235330363,14.599795675925353,10.567712552610384,15.656995358645332,11.008793701543572,15.215914209712144,True,True,True,2.97488344059499,5.089282806034948,4.207120508168572,13.50664135047749,14.562801766262321,13.112353955627858,13.112353955627858
2,60,-0.11185676711316983,2.8630266734818215,-1.1690564498331477,3.920226356201799,-0.7279753008999605,3.479145207268612,True,False,True,2.9748834405949913,5.089282806034947,4.207120508168573,0.544104827587855,-2.2113349982688786,1.3755849531843258,1.3755849531843258
2,61,5.049472177810228,8.024355618405218,3.99227249509025,9.081555301125197,4.433353644023438,8.64047415219201,True,True,True,2.974883440594991,5.089282806034948,4.207120508168572,5.509042520318097,4.827612623391284,6.5369138981077235,6.5369138981077235
2,62,4.986530543068612,7.961413983663604,3.9293308603486348,9.018613666383581,4.3704120092818215,8.577532517450395,True,True,True,2.9748834405949918,5.089282806034946,4.207120508168574,6.151785524972673,7.2099920811348595,6.473972263366108,6.473972263366108
2,63,8.672584847412368,11.647468288007358,7.615385164692389,12.704667970727337,8.056466313625577,12.26358682179415,True,True,True,2.97488344059499,5.089282806034948,4.207120508168572,10.010743042912482,11.518022094656816,10.160026567709863,10.160026567709863
2,64,4.906035266153007,7.880918706747999,3.8488355834330297,8.938118389467977,4.289916732366217,8.49703724053479,True,True,True,2.9748834405949918,5.089282806034948,4.207120508168572,7.12321680585319,7.684210589853125,6.393476986450503,6.393476986450503
2,65,10.050991472465084,13.025874913060074,8.993791789745105,14.083074595780053,9.434872938678293,13.641993446846865,True,True,True,2.97488344059499,5.089282806034948,4.207120508168572,11.6511023091476,12.286199732281416,11.538433192762579,11.538433192762579
2,66,11.841804496841831,14.816687937436821,10.784604814121852,15.8738876201568,11.22568596305504,15.432806471223612,True,True,True,2.97488344059499,5.089282806034948,4.207120508168572,13.107245406672924,14.185107907011819,13.329246217139326,13.329246217139326
2,67,5.648301911318309,8.6231853519133,4.591102228598331,9.680385034633279,5.032183377531519,9.23930388570009,True,True,True,2.974883440594991,5.089282806034948,4.207120508168572,7.107575112467883,6.832440833688946,7.135743631615805,7.135743631615805
2,68,0.23071584618900043,3.2055992867839915,-0.8264838365309775,4.26279896950397,-0.3854026875977903,3.8217178205707825,True,True,True,2.974883440594991,5.089282806034947,4.207120508168573,1.3697884572659724,1.0557811580708165,1.718157566486496,1.718157566486496
2,69,8.068856640261835,11.043740080856825,7.011656957541856,12.100939763576804,7.452738106475044,11.659858614643616,True,True,True,2.97488344059499,5.089282806034948,4.207120508168572,9.017794949748236,8.605620694318159,9.55629836055933,9.55629836055933
2,70,7.678552358833545,10.653435799428536,6.621352676113567,11.710635482148515,7.062433825046755,11.269554333215327,True,True,True,2.974883440594991,5.089282806034948,4.207120508168572,9.379202058915315,9.051469052195559,9.16599407913104,9.16599407913104
2,71,5.944388103279224,8.919271543874215,4.887188420559246,9.976471226594194,5.328269569492434,9.535390077661006,True,True,True,2.974883440594991,5.089282806034948,4.207120508168572,6.767795655548014,6.649420061841498,7.43182982357672,7.43182982357672
2,72,9.683004129477744,12.657887570072734,8.625804446757765,13.715087252792713,9.066885595690954,13.274006103859525,True,False,True,2.97488344059499,5.089282806034948,4.207120508168572,10.952767278252987,8.410722631968818,11.17044584977524,11.17044584977524
2,73,6.577890553716528,9.552773994311519,5.52069087099655,10.609973677031498,5.961772019929738,10.16889252809831,True,True,True,2.974883440594991,5.089282806034948,4.207120508168572,8.681665706728644,8.153213450325872,8.065332274014024,8.065332274014024
2,74,7.2956219011333046,10.270505341728295,6.2384222184133264,11.327705024448274,6.6795033673465145,10.886623875515086,True,True,True,2.974883440594991,5.089282806034948,4.207120508168572,8.943194732751229,7.340868175073308,8.7830636214308,8.7830636214308
2,75,5.022341247790337,7.997224688385328,3.965141565070359,9.054424371105306,4.406222714003546,8.61334322217212,True,True,True,2.9748834405949918,5.089282806034946,4.207120508168574,6.6223713175937675,5.349114393069483,6.5097829680878325,6.5097829680878325
2,76,12.896518871870535,15.871402312465525,11.839319189150556,16.928601995185502,12.280400338083744,16.487520846252316,True,True,True,2.97488344059499,5.089282806034946,4.207120508168572,14.88219094033962,16.393688468688236,14.38396059216803,14.38396059216803
2,77,9.438132872167653,12.413016312762643,8.380933189447674,13.470215995482622,8.822014338380862,13.029134846549434,True,False,True,2.97488344059499,5.089282806034948,4.207120508168572,11.618162085716856,13.577060340782865,10.925574592465148,10.925574592465148
2,78,8.401624212514113,11.376507653109103,7.344424529794134,12.433707335829082,7.785505678727322,11.992626186895894,True,True,True,2.97488344059499,5.089282806034948,4.207120508168572,9.91680251155307,9.383245894537255,9.889065932811608,9.889065932811608
2,79,11.383541358454362,14.358424799049352,10.326341675734383,15.415624481769331,10.767422824667571,14.974543332836143,True,True,True,2.97488344059499,5.089282806034948,4.207120508168572,12.624538677560018,13.767662259820852,12.870983078751857,12.870983078751857
2,80,6.603084939305178,9.577968379900168,5.5458852565851995,10.635168062620147,5.9869664055183875,10.19408691368696,True,True,True,2.974883440594991,5.089282806034948,4.207120508168572,8.486477519206556,10.416490584013204,8.090526659602673,8.090526659602673
2,81,8.837120272426088,11.812003713021078,7.779920589706109,12.869203395741057,8.221001738639297,12.428122246807868,True,False,True,2.97488344059499,5.089282806034948,4.207120508168572,9.729500640516019,7.703414322299775,10.324561992723583,10.324561992723583
2,82,8.211731073257477,11.186614513852467,7.154531390537498,12.243814196572446,7.595612539470686,11.802733047639258,True,True,True,2.97488344059499,5.089282806034948,4.207120508168572,10.099322752642413,10.053592449847642,9.699172793554972,9.699172793554972
2,83,9.613766165865412,12.588649606460402,8.556566483145433,13.645849289180381,8.997647632078621,13.204768140247193,True,True,True,2.97488344059499,5.089282806034948,4.207120508168572,11.495477453026949,12.909123564847334,11.101207886162907,11.101207886162907
2,84,0.5532082835061447,3.5280917241011363,-0.5039913992138332,4.5852914068211135,-0.06291025028064601,4.144210257887927,True,True,True,2.9748834405949918,5.089282806034946,4.207120508168574,2.6397112914240597,2.9159940975919656,2.0406500038036404,2.0406500038036404
2,85,7.576105079363036,10.550988519958027,6.518905396643058,11.608188202678006,6.959986545576246,11.167107053744818,True,True,True,2.974883440594991,5.089282806034948,4.207120508168572,9.980758514855461,9.652940858313922,9.063546799660532,9.063546799660532
2,86,12.384326014916855,15.359209455511845,11.327126332196876,16.416409138231824,11.768207481130064,15.975327989298636,True,True,True,2.97488344059499,5.089282806034948,4.207120508168572,13.672239950348022,14.445719129961873,13.87176773521435,13.87176773521435
2,87,17.00938521420553,19.984268654800523,15.952185531485553,21.0414683375205,16.39326668041874,20.600387188587312,True,True,True,2.9748834405949935,5.089282806034946,4.207120508168572,18.25743454254351,18.777582854892806,18.496826934503027,18.496826934503027
2,88,5.722935668610206,8.697819109205197,4.665735985890228,9.755018791925176,5.106817134823416,9.313937642991988,True,True,True,2.974883440594991,5.089282806034948,4.207120508168572,8.01034703017894,8.439964263258682,7.210377388907702,7.210377388907702
2,89,6.251597215654676,9.226480656249667,5.194397532934698,10.283680338969646,5.635478681867886,9.842599190036458,True,True,True,2.974883440594991,5.089282806034948,4.207120508168572,8.71517472764636,9.423029713564402,7.739038935952172,7.739038935952172
2,90,5.7014954053168045,8.676378845911795,4.644295722596826,9.733578528631774,5.0853768715300145,9.292497379698586,True,True,True,2.974883440594991,5.089282806034948,4.207120508168572,6.324386962590424,5.346479906809836,7.1889371256143,7.1889371256143
2,91,5.3118109758669,8.286694416461891,4.254611293146922,9.343894099181869,4.695692442080109,8.902812950248682,True,True,True,2.9748834405949918,5.089282806034946,4.207120508168574,6.278645895620266,4.808047323748518,6.7992526961643955,6.7992526961643955
2,92,7.966323616373097,10.941207056968087,6.9091239336531185,11.998406739688066,7.350205082586307,11.557325590754878,True,True,True,2.974883440594991,5.089282806034948,4.207120508168572,9.50354753704473,8.828968548332929,9.453765336670592,9.453765336670592
2,93,10.097356295679846,13.072239736274836,9.040156612959867,14.129439418994815,9.481237761893055,13.688358270061627,False,True,True,2.97488344059499,5.089282806034948,4.207120508168572,9.991463014329437,11.20389286369734,11.584798015977341,11.584798015977341
2,94,11.008772156579388,13.983655597174378,9.95157247385941,15.040855279894357,10.392653622792597,14.599774130961169,True,True,True,2.97488344059499,5.089282806034948,4.207120508168572,12.35566610054758,11.924448833607297,12.496213876876883,12.496213876876883
2,95,8.571150274431746,11.546033715026736,7.513950591711767,12.603233397746715,7.955031740644955,12.162152248813527,True,True,True,2.97488344059499,5.089282806034948,4.207120508168572,10.858532988951852,12.24125022917317,10.058591994729241,10.058591994729241
2,96,9.31313631016521,12.2880197507602,8.25593662744523,13.345219433480178,8.697017776378418,12.90413828454699,True,True,True,2.97488344059499,5.089282806034948,4.207120508168572,11.867555211523651,10.497541781952908,10.800578030462704,10.800578030462704
2,97,4.196373243160467,7.171256683755459,3.1391735604404896,8.228456366475436,3.5802547093736767,7.78737521754225,True,True,True,2.9748834405949918,5.089282806034946,4.207120508168574,5.354996564198105,5.450747192013991,5.683814963457963,5.683814963457963
2,98,10.986614252226703,13.961497692821693,9.929414569506724,15.018697375541672,10.370495718439912,14.577616226608484,True,True,True,2.97488344059499,5.089282806034948,4.207120508168572,12.389882787523401,12.409806290319695,12.474055972524198,12.474055972524198
2,99,8.159564067164197,11.134447507759187,7.102364384444218,12.191647190479166,7.543445533377406,11.750566041545978,True,True,True,2.97488344059499,5.089282806034948,4.207120508168572,9.671485342709373,9.464491563734825,9.647005787461692,9.647005787461692
2,100,6.934365102758933,9.909248543353923,5.8771654200389545,10.966448226073902,6.3182465689721425,10.525367077140714,True,True,True,2.974883440594991,5.089282806034948,4.207120508168572,9.26088585010789,10.197582933700186,8.421806823056428,8.421806823056428
2,101,6.841893496451632,9.816776937046622,5.7846938137316535,10.873976619766601,6.2257749626648415,10.432895470833413,True,True,True,2.974883440594991,5.089282806034948,4.207120508168572,8.57742928734575,9.985780634481937,8.329335216749127,8.329335216749127
2,102,7.87991614018607,10.85479958078106,6.8227164574660915,11.91199926350104,7.2637976063992795,11.470918114567851,False,True,True,2.974883440594991,5.089282806034948,4.207120508168572,10.892109871840782,11.33429216518102,9.367357860483565,9.367357860483565
2,103,3.518242349597646,6.493125790192638,2.461042666877668,7.550325472912615,2.9021238158108553,7.1092443239794285,True,True,True,2.9748834405949918,5.089282806034946,4.207120508168574,4.943410151443237,4.895482440697293,5.005684069895142,5.005684069895142
2,104,3.115047968009658,6.08993140860465,2.0578482852896802,7.147131091324628,2.4989294342228674,6.70604994239144,True,True,True,2.9748834405949918,5.089282806034948,4.207120508168572,3.510345521791626,4.9799680916199325,4.602489688307154,4.602489688307154
2,105,2.6752353931682595,5.650118833763251,1.6180357104482819,6.7073185164832285,2.059116859381469,6.266237367550042,True,True,True,2.9748834405949918,5.089282806034946,4.207120508168574,4.6324853837548225,4.780286953571667,4.162677113465755,4.162677113465755
2,106,13.536063712457004,16.510947153051994,12.478864029737025,17.568146835771973,12.919945178670213,17.127065686838787,True,False,True,2.97488344059499,5.089282806034948,4.207120508168574,16.14103754446358,17.62593714800527,15.023505432754499,15.023505432754499
2,107,4.9176907991647525,7.892574239759744,3.860491116444775,8.949773922479721,4.301572265377962,8.508692773546535,True,False,True,2.9748834405949918,5.089282806034946,4.207120508168574,5.7957248656929075,3.721042592486182,6.405132519462248,6.405132519462248
2,108,10.50578380885113,13.48066724944612,9.44858412613115,14.537866932166098,9.889665275064338,14.09678578323291,True,True,True,2.97488344059499,5.089282806034948,4.207120508168572,11.108457578383346,10.704178800178033,11.993225529148624,11.993225529148624
2,109,11.855052802970262,14.829936243565252,10.797853120250283,15.88713592628523,11.23893426918347,15.446054777352042,True,True,True,2.97488344059499,5.089282806034948,4.207120508168572,13.010146582842651,12.830170171664884,13.342494523267757,13.342494523267757
2,110,6.129690699756036,9.104574140351028,5.072491017036059,10.161773823071005,5.513572165969245,9.720692674137819,True,True,True,2.9748834405949918,5.089282806034946,4.207120508168574,7.588176593068228,8.227115956302582,7.617132420053532,7.617132420053532
2,111,10.452095729651385,13.426979170246375,9.394896046931406,14.484178852966354,9.835977195864594,14.043097704033165,True,True,True,2.97488344059499,5.089282806034948,4.207120508168572,11.626636291129014,13.376744384791627,11.93953744994888,11.93953744994888
2,112,11.291219083478557,14.266102524073547,10.234019400758578,15.323302206793526,10.675100549691766,14.882221057860338,True,True,True,2.97488344059499,5.089282806034948,4.207120508168572,13.079366880656696,13.422191013724863,12.778660803776052,12.778660803776052
2,113,6.63761486848328,9.612498309078271,5.580415185763302,10.66969799179825,6.02149633469649,10.228616842865062,True,True,True,2.974883440594991,5.089282806034948,4.207120508168572,8.001002707280495,7.9628152424556164,8.125056588780776,8.125056588780776
2,114,8.047322926284426,11.022206366879416,6.990123243564447,12.079406049599395,7.431204392497635,11.638324900666207,True,True,True,2.97488344059499,5.089282806034948,4.207120508168572,10.309952981224715,9.788863936494245,9.534764646581921,9.534764646581921
2,115,2.5304690764247972,5.505352517019789,1.4732693937048196,6.562552199739766,1.9143505426380067,6.12147105080658,True,False,True,2.9748834405949918,5.089282806034946,4.207120508168574,4.567046572802327,8.01596941446915,4.017910796722293,4.017910796722293
2,116,3.10571453188431,6.080597972479302,2.048514849164332,7.137797655199279,2.4895959980975193,6.6967165062660925,True,True,True,2.9748834405949918,5.089282806034946,4.207120508168574,5.375145058004893,4.879342040244188,4.593156252181806,4.593156252181806
2,117,3.461394641100319,6.436278081695311,2.4041949583803413,7.493477764415289,2.8452761073135284,7.052396615482101,True,True,True,2.9748834405949918,5.089282806034948,4.207120508168572,4.646258556538603,3.1643242037424946,4.948836361397815,4.948836361397815
2,118,5.400677470500771,8.375560911095763,4.3434777877807935,9.43276059381574,4.78455893671398,8.991679444882553,True,True,True,2.9748834405949918,5.089282806034946,4.207120508168574,7.206905110314646,6.889325386214487,6.888119190798267,6.888119190798267
2,119,6.487421831807962,9.462305272402954,5.430222149087985,10.519504955122931,5.8713032980211715,10.078423806189745,True,True,True,2.9748834405949918,5.089282806034946,4.207120508168574,8.009104739729608,8.701713860653964,7.974863552105458,7.974863552105458
2,120,2.7429211270737994,5.717804567668791,1.6857214443538218,6.775004250388768,2.126802593287009,6.333923101455582,False,True,True,2.9748834405949918,5.089282806034946,4.207120508168574,2.2390283484020888,2.173399313981174,4.230362847371295,4.230362847371295
2,121,5.520991741550513,8.495875182145504,4.463792058830535,9.553074864865483,4.904873207763723,9.111993715932295,True,True,True,2.974883440594991,5.089282806034948,4.207120508168572,6.860867330407787,7.688878100153241,7.008433461848009,7.008433461848009
2,122,8.248857913453014,11.223741354048004,7.191658230733035,12.280941036767983,7.632739379666223,11.839859887834795,True,False,True,2.97488344059499,5.089282806034948,4.207120508168572,8.824763527082418,6.976726812031112,9.736299633750509,9.736299633750509
2,123,7.893091838194912,10.867975278789903,6.835892155474934,11.925174961509882,7.276973304408122,11.484093812576694,True,True,True,2.974883440594991,5.089282806034948,4.207120508168572,9.303346678783939,9.207890092912615,9.380533558492408,9.380533558492408
2,124,2.6300544155057857,5.604937856100777,1.572854732785808,6.662137538820755,2.013935881718995,6.221056389887568,True,True,True,2.9748834405949918,5.089282806034946,4.207120508168574,4.400758447455944,5.90457776930317,4.1174961358032816,4.1174961358032816
2,125,8.48432278901949,11.45920622961448,7.427123106299511,12.51640591233446,7.868204255232699,12.075324763401271,True,True,True,2.97488344059499,5.089282806034948,4.207120508168572,10.414769822002077,10.136526612817624,9.971764509316985,9.971764509316985
2,126,8.987195859359307,11.962079299954297,7.929996176639328,13.019278982674276,8.371077325572516,12.578197833741088,True,True,True,2.97488344059499,5.089282806034948,4.207120508168572,9.57060982183138,9.565031164274872,10.474637579656802,10.474637579656802
2,127,4.621979306559099,7.59686274715409,3.564779623839121,8.654062429874068,4.005860772772309,8.21298128094088,True,True,True,2.9748834405949918,5.089282806034948,4.207120508168572,6.115293866900758,4.8027125079420765,6.1094210268565945,6.1094210268565945
2,128,1.9500327481496769,4.924916188744668,0.892833065429699,5.9821158714646465,1.3339142143628862,5.5410347225314585,True,True,True,2.9748834405949918,5.089282806034948,4.207120508168572,3.034586012128954,3.1847284746367492,3.4374744684471725,3.4374744684471725
2,129,9.040715583473512,12.015599024068502,7.983515900753533,13.07279870678848,8.42459704968672,12.631717557855293,True,True,True,2.97488344059499,5.089282806034948,4.207120508168572,10.233757377271768,10.93592587850001,10.528157303771007,10.528157303771007
2,130,5.674108995590545,8.648992436185535,4.6169093128705665,9.706192118905514,5.057990461803755,9.265110969972326,True,True,True,2.974883440594991,5.089282806034948,4.207120508168572,6.663286605756778,6.414697937553593,7.1615507158880405,7.1615507158880405
2,131,10.242731596406049,13.217615037001039,9.18553191368607,14.274814719721018,9.626613062619258,13.83373357078783,True,True,True,2.97488344059499,5.089282806034948,4.207120508168572,12.47710569407202,13.022244264714178,11.730173316703544,11.730173316703544
2,132,5.784438982059844,8.759322422654835,4.727239299339866,9.816522105374814,5.168320448273054,9.375440956441626,True,True,True,2.974883440594991,5.089282806034948,4.207120508168572,6.587859220541524,5.353261294817005,7.27188070235734,7.27188070235734
2,133,5.268165375425627,8.243048816020618,4.210965692705649,9.300248498740597,4.652046841638837,8.859167349807409,True,True,True,2.974883440594991,5.089282806034948,4.207120508168572,6.039819379947348,5.35403135459299,6.755607095723123,6.755607095723123
2,134,13.975545510924068,16.950428951519058,12.918345828204089,18.007628634239037,13.359426977137277,17.56654748530585,True,True,True,2.97488344059499,5.089282806034948,4.207120508168574,14.930917685913476,14.287095781291816,15.462987231221563,15.462987231221563
2,135,7.668482114702829,10.64336555529782,6.6112824319828505,11.700565238017798,7.0523635809160385,11.25948408908461,True,True,True,2.974883440594991,5.089282806034948,4.207120508168572,9.033698755622268,8.646445510161785,9.155923835000324,9.155923835000324
2,136,7.127718567282069,10.10260200787706,6.070518884562091,11.159801690597039,6.511600033495279,10.718720541663851,True,True,True,2.974883440594991,5.089282806034948,4.207120508168572,9.456502907315635,9.551209819512184,8.615160287579565,8.615160287579565
2,137,6.686142981145317,9.661026421740308,5.628943298425339,10.718226104460287,6.070024447358527,10.277144955527099,True,True,True,2.974883440594991,5.089282806034948,4.207120508168572,8.651604778007306,8.784744219456133,8.173584701442813,8.173584701442813
2,138,5.20758503660169,8.18246847719668,4.1503853538817115,9.23966815991666,4.5914665028148995,8.798587010983471,True,True,True,2.974883440594991,5.089282806034948,4.207120508168572,5.586120862450176,4.674172047239672,6.6950267568991855,6.6950267568991855
2,139,5.257429211861157,8.232312652456148,4.200229529141179,9.289512335176127,4.641310678074367,8.848431186242939,True,True,True,2.974883440594991,5.089282806034948,4.207120508168572,6.5381511955124925,6.907315296207882,6.744870932158653,6.744870932158653
2,140,4.631843592158137,7.6067270327531284,3.574643909438159,8.663926715473107,4.015725058371347,8.222845566539918,True,True,True,2.9748834405949918,5.089282806034948,4.207120508168572,5.681739889340612,5.984736357024025,6.119285312455633,6.119285312455633
2,141,11.33296610987823,14.30784955047322,10.275766427158251,15.365049233193199,10.716847576091439,14.92396808426001,True,False,True,2.97488344059499,5.089282806034948,4.207120508168572,13.246160962496056,10.130344234655029,12.820407830175725,12.820407830175725
2,142,8.049713388362198,11.024596828957188,6.992513705642219,12.081796511677167,7.433594854575407,11.640715362743979,True,True,True,2.97488344059499,5.089282806034948,4.207120508168572,8.993946299325454,9.226079570358417,9.537155108659693,9.537155108659693
2,143,7.940525658060664,10.915409098655655,6.883325975340686,11.972608781375634,7.324407124273874,11.531527632442446,True,True,True,2.974883440594991,5.089282806034948,4.207120508168572,9.502299236264193,9.298995499737256,9.42796737835816,9.42796737835816
2,144,11.807954903876562,14.782838344471552,10.750755221156583,15.84003802719153,11.19183637008977,15.398956878258343,True,True,True,2.97488344059499,5.089282806034948,4.207120508168572,12.609981034257018,13.922598589369745,13.295396624174057,13.295396624174057
2,145,3.670408590119436,6.645292030714428,2.6132089073994584,7.702491713434405,3.0542900563326456,7.261410564501219,True,True,True,2.9748834405949918,5.089282806034946,4.207120508168574,4.237862133006809,3.9886844918190243,5.157850310416932,5.157850310416932
2,146,7.643149422367304,10.618032862962295,6.585949739647326,11.675232545682274,7.027030888580514,11.234151396749086,True,True,True,2.974883440594991,5.089282806034948,4.207120508168572,9.044568812941806,9.415411516436098,9.1305911426648,9.1305911426648
2,147,5.489620097147475,8.464503537742466,4.432420414427497,9.521703220462445,4.873501563360685,9.080622071529257,True,True,True,2.974883440594991,5.089282806034948,4.207120508168572,7.1670754415214795,8.004325222306546,6.977061817444971,6.977061817444971
2,148,4.947319238429052,7.922202679024044,3.890119555709074,8.979402361744022,4.331200704642262,8.538321212810834,True,True,True,2.9748834405949918,5.089282806034948,4.207120508168572,6.231941775693959,7.476493184093791,6.434760958726548,6.434760958726548
2,149,1.1184156625657058,4.093299103160697,0.06121597984572791,5.150498785880675,0.5022971287789151,4.709417636947488,True,True,True,2.974883440594991,5.089282806034947,4.207120508168573,1.5063329362737188,1.955320236821442,2.6058573828632015,2.6058573828632015
2,150,3.8703616422238376,6.845245082818829,2.81316195950386,7.902444765538807,3.254243108437047,7.46136361660562,True,True,True,2.9748834405949918,5.089282806034946,4.207120508168574,5.173003455373411,5.641060462443496,5.3578033625213335,5.3578033625213335
2,151,10.439853496636681,13.414736937231671,9.382653813916702,14.47193661995165,9.82373496284989,14.030855471018462,True,True,True,2.97488344059499,5.089282806034948,4.207120508168572,12.510296029916518,13.692031577117069,11.927295216934176,11.927295216934176
2,152,10.307709231469353,13.282592672064343,9.250509548749374,14.339792354784322,9.691590697682562,13.898711205851134,True,True,True,2.97488344059499,5.089282806034948,4.207120508168572,11.973714829900747,11.184531185125792,11.795150951766848,11.795150951766848
2,153,2.150833341553237,5.125716782148229,1.0936336588332591,6.182916464868207,1.5347148077664463,5.741835315935019,True,True,True,2.9748834405949918,5.089282806034948,4.207120508168572,3.723333076275602,4.313995788673374,3.6382750618507327,3.6382750618507327
2,154,9.097664117403099,12.072547557998089,8.04046443468312,13.129747240718068,8.481545583616308,12.68866609178488,True,True,True,2.97488344059499,5.089282806034948,4.207120508168572,10.995497766481781,12.758971664827747,10.585105837700594,10.585105837700594
2,155,9.682961211671456,12.657844652266446,8.625761528951477,13.715044334986425,9.066842677884665,13.273963186053237,True,True,True,2.97488344059499,5.089282806034948,4.207120508168572,11.454089683305465,11.967473755273666,11.170402931968951,11.170402931968951
2,156,12.191551862168039,15.166435302763029,11.13435217944806,16.223634985483006,11.575433328381248,15.78255383654982,True,True,True,2.97488344059499,5.089282806034946,4.207120508168572,14.111966772330224,14.685973390341129,13.678993582465534,13.678993582465534
2,157,11.848589927098173,14.823473367693163,10.791390244378194,15.880673050413142,11.232471393311382,15.439591901479954,True,True,True,2.97488344059499,5.089282806034948,4.207120508168572,14.209261624686889,12.941361837107657,13.336031647395668,13.336031647395668
2,158,10.232293747600306,13.207177188195296,9.175094064880327,14.264376870915275,9.616175213813515,13.823295721982086,True,True,True,2.97488344059499,5.089282806034948,4.207120508168572,12.382092094598242,11.493956509147894,11.7197354678978,11.7197354678978
2,159,9.913663047114646,12.888546487709636,8.856463364394667,13.945746170429615,9.297544513327855,13.504665021496427,True,False,True,2.97488344059499,5.089282806034948,4.207120508168572,12.570521832329842,14.47808317896523,11.401104767412141,11.401104767412141
2,160,7.132797000192059,10.10768044078705,6.075597317472081,11.164880123507029,6.516678466405269,10.72379897457384,True,True,True,2.974883440594991,5.089282806034948,4.207120508168572,9.12338666863096,7.83616324340138,8.620238720489555,8.620238720489555
2,161,8.632034846857284,11.606918287452274,7.574835164137305,12.664117970172253,8.015916313070493,12.223036821239065,True,True,True,2.97488344059499,5.089282806034948,4.207120508168572,10.79784594197456,11.644920727047014,10.119476567154779,10.119476567154779
2,162,8.854083917055807,11.828967357650797,7.796884234335828,12.886167040370776,8.237965383269016,12.445085891437587,True,True,True,2.97488344059499,5.089282806034948,4.207120508168572,10.020915092744396,9.31649316336328,10.341525637353302,10.341525637353302
2,163,3.4135377236539393,6.388421164248931,2.3563380409339616,7.445620846968909,2.7974191898671488,7.004539698035721,True,True,True,2.9748834405949918,5.089282806034948,4.207120508168572,4.547279769879308,4.635980779946127,4.900979443951435,4.900979443951435
2,164,8.194635285242263,11.169518725837253,7.1374356025222845,12.226718408557232,7.5785167514554725,11.785637259624044,True,True,True,2.97488344059499,5.089282806034948,4.207120508168572,10.463095907752802,9.36703894125958,9.682077005539758,9.682077005539758
2,165,12.634878690565728,15.609762131160718,11.577679007845749,16.666961813880697,12.018760156778937,16.22588066494751,True,True,True,2.97488344059499,5.089282806034948,4.207120508168574,13.94044336451294,15.401100582493632,14.122320410863223,14.122320410863223
2,166,7.405114979461259,10.37999842005625,6.347915296741281,11.437198102776229,6.788996445674469,10.99611695384304,True,True,True,2.974883440594991,5.089282806034948,4.207120508168572,10.071873481062216,9.82771248016911,8.892556699758755,8.892556699758755
2,167,13.568176785048191,16.54306022564318,12.510977102328212,17.60025990836316,12.9520582512614,17.159178759429974,True,True,True,2.97488344059499,5.089282806034948,4.207120508168574,15.133464288292402,15.843585894243127,15.055618505345686,15.055618505345686
2,168,9.629086562924895,12.603970003519885,8.571886880204916,13.661169686239864,9.012968029138104,13.220088537306676,True,True,True,2.97488344059499,5.089282806034948,4.207120508168572,11.996458998048567,11.687160364145198,11.11652828322239,11.11652828322239
2,169,10.75352240180393,13.72840584239892,9.696322719083952,14.7856055251189,10.13740386801714,14.344524376185712,True,True,True,2.97488344059499,5.089282806034948,4.207120508168572,12.375979861512187,11.334190199025858,12.240964122101426,12.240964122101426
2,170,8.833969623311594,11.808853063906584,7.776769940591615,12.866052746626563,8.217851089524803,12.424971597693375,True,True,True,2.97488344059499,5.089282806034948,4.207120508168572,9.932110630186493,11.018540285011897,10.321411343609089,10.321411343609089
2,171,2.32513843824312,5.300021878838112,1.2679387555231423,6.35722156155809,1.7090199044563295,5.916140412624902,True,True,True,2.9748834405949918,5.089282806034948,4.207120508168572,4.150868672849986,4.332374156141919,3.812580158540616,3.812580158540616
2,172,6.497418138114733,9.472301578709724,5.440218455394755,10.529501261429703,5.881299604327943,10.088420112496514,True,True,True,2.974883440594991,5.089282806034948,4.207120508168572,8.24738610847201,6.666555016916291,7.984859858412229,7.984859858412229
2,173,8.708090442369478,11.682973882964468,7.650890759649499,12.740173565684447,8.091971908582687,12.29909241675126,True,True,True,2.97488344059499,5.089282806034948,4.207120508168572,9.855877694272957,8.495107068707693,10.195532162666973,10.195532162666973
2,174,4.488199295812628,7.46308273640762,3.430999613092651,8.520282419127598,3.872080762025838,8.07920127019441,True,True,True,2.9748834405949918,5.089282806034948,4.207120508168572,6.380495184199899,4.628006437500338,5.975641016110124,5.975641016110124
2,175,2.26681388700675,5.241697327601742,1.2096142042867721,6.298897010321719,1.6506953532199593,5.8578158613885325,True,True,True,2.9748834405949918,5.089282806034946,4.207120508168574,3.972296596452925,4.495611638871877,3.7542556073042457,3.7542556073042457
2,176,6.171885269723018,9.146768710318009,5.11468558700304,10.203968393037988,5.555766735936228,9.7628872441048,True,True,True,2.974883440594991,5.089282806034948,4.207120508168572,7.44523354626676,9.247072932750978,7.659326990020514,7.659326990020514
2,177,5.106013662861863,8.080897103456854,4.048813980141885,9.138096786176833,4.489895129075073,8.697015637243645,True,True,True,2.974883440594991,5.089282806034948,4.207120508168572,5.956292038776558,5.384740746754023,6.593455383159359,6.593455383159359
2,178,7.432342487185868,10.407225927780859,6.37514280446589,11.464425610500838,6.816223953399078,11.02334446156765,True,True,True,2.974883440594991,5.089282806034948,4.207120508168572,8.726613413601255,8.616138197733596,8.919784207483364,8.919784207483364
2,179,14.712304275171286,17.687187715766278,13.655104592451307,18.744387398486253,14.096185741384495,18.303306249553067,True,True,True,2.9748834405949918,5.089282806034946,4.207120508168572,16.32446159777431,15.679825676762807,16.19974599546878,16.19974599546878
2,180,3.930200910055576,6.905084350650568,2.8730012273355983,7.962284033370546,3.3140823762687854,7.521202884437358,True,True,True,2.9748834405949918,5.089282806034948,4.207120508168572,5.424790775471098,6.395387360695989,5.417642630353072,5.417642630353072
2,181,5.7011150724643995,8.67599851305939,4.643915389744421,9.73319819577937,5.0849965386776095,9.292117046846181,True,True,True,2.974883440594991,5.089282806034948,4.207120508168572,6.621514947361639,5.889757776263729,7.188556792761895,7.188556792761895
2,182,5.060960774803175,8.035844215398166,4.003761092083197,9.093043898118145,4.444842241016385,8.651962749184957,True,True,True,2.974883440594991,5.089282806034948,4.207120508168572,6.341400419794606,5.568925376105824,6.548402495100671,6.548402495100671
2,183,10.97668859934751,13.9515720399425,9.91948891662753,15.008771722662479,10.360570065560719,14.56769057372929,True,True,True,2.97488344059499,5.089282806034948,4.207120508168572,12.524964258636091,12.196781739007253,12.464130319645005,12.464130319645005
2,184,2.6855934454258295,5.660476886020821,1.6283937627058518,6.717676568740799,2.069474911639039,6.276595419807611,True,True,True,2.9748834405949918,5.089282806034948,4.207120508168572,4.181104712098611,4.793028840700555,4.173035165723325,4.173035165723325
2,185,9.647288160551296,12.622171601146286,8.590088477831317,13.679371283866265,9.031169626764505,13.238290134933077,False,True,True,2.97488344059499,5.089282806034948,4.207120508168572,13.05484263401074,13.185282769324386,11.134729880848791,11.134729880848791
2,186,1.0377637662055952,4.012647206800587,-0.0194359165143827,5.069846889520564,0.42164523241880447,4.628765740587378,True,True,True,2.9748834405949918,5.089282806034946,4.207120508168574,2.3568333925817853,3.031782633758253,2.525205486503091,2.525205486503091
2,187,14.0154285342608,16.99031197485579,12.95822885154082,18.047511657575768,13.399310000474008,17.606430508642582,True,True,True,2.97488344059499,5.089282806034948,4.207120508168574,15.024777314230045,14.647729518500935,15.502870254558294,15.502870254558294
2,188,6.99905114477149,9.97393458536648,5.9418514620515115,11.03113426808646,6.3829326109846996,10.590053119153271,True,True,True,2.974883440594991,5.089282806034948,4.207120508168572,8.058590009162938,9.204741951245094,8.486492865068985,8.486492865068985
2,189,4.201742313362567,7.176625753957559,3.1445426306425897,8.233825436677536,3.585623779575777,7.79274428774435,True,True,True,2.9748834405949918,5.089282806034946,4.207120508168574,6.252818153018438,8.071622337035505,5.689184033660063,5.689184033660063
2,190,8.567512901543315,11.542396342138305,7.510313218823336,12.599596024858284,7.951394367756524,12.158514875925096,True,True,True,2.97488344059499,5.089282806034948,4.207120508168572,10.596940294806922,10.559512520308779,10.05495462184081,10.05495462184081
2,191,11.466977372923521,14.441860813518511,10.409777690203542,15.49906049623849,10.85085883913673,15.057979347305302,True,True,True,2.97488344059499,5.089282806034948,4.207120508168572,12.921008275078623,13.154596359604627,12.954419093221016,12.954419093221016
2,192,9.329391471125316,12.304274911720306,8.272191788405337,13.361474594440285,8.713272937338525,12.920393445507097,True,True,True,2.97488344059499,5.089282806034948,4.207120508168572,10.618660544872657,11.33568180620702,10.81683319142281,10.81683319142281
2,193,6.054481466750874,9.029364907345865,4.997281784030896,10.086564590065844,5.438362932964084,9.645483441132656,True,True,True,2.974883440594991,5.089282806034948,4.207120508168572,7.88052802481211,8.422349851150315,7.54192318704837,7.54192318704837
2,194,10.861097093249938,13.835980533844928,9.80389741052996,14.893180216564907,10.244978559463148,14.45209906763172,True,True,True,2.97488344059499,5.089282806034948,4.207120508168572,11.696990131419893,10.751907735190253,12.348538813547433,12.348538813547433
2,195,9.54911434772431,12.5239977883193,8.49191466500433,13.581197471039278,8.932995813937518,13.14011632210609,True,True,True,2.97488344059499,5.089282806034948,4.207120508168572,9.953105844675523,9.671652400952413,11.036556068021804,11.036556068021804
2,196,14.06807606608532,17.04295950668031,13.010876383365341,18.100159189400287,13.451957532298529,17.6590780404671,True,True,True,2.9748834405949918,5.089282806034946,4.207120508168572,15.599295695302304,16.349485560135605,15.555517786382815,15.555517786382815
2,197,7.774161830952607,10.749045271547597,6.7169621482326285,11.806244954267576,7.1580432971658166,11.365163805334388,True,True,True,2.974883440594991,5.089282806034948,4.207120508168572,8.111399674851645,9.97823928227022,9.261603551250102,9.261603551250102
2,198,10.93242425987886,13.90730770047385,9.875224577158882,14.96450738319383,10.31630572609207,14.523426234260642,True,True,True,2.97488344059499,5.089282806034948,4.207120508168572,12.786870175958756,13.239849447226359,12.419865980176356,12.419865980176356
2,199,6.096824514692363,9.071707955287355,5.039624831972386,10.128907638007332,5.480705980905572,9.687826489074146,True,True,True,2.9748834405949918,5.089282806034946,4.207120508168574,8.044982526219776,9.93096074242569,7.584266234989859,7.584266234989859
3,0,5.313196856178765,8.569477229037657,4.155995693250113,9.72667839196631,4.638799109515029,9.243874975701393,True,True,True,3.2562803728588925,5.570682698716197,4.605075866186365,6.116442887228974,6.305484580637731,6.941337042608211,6.941337042608211
3,1,7.193371865395974,10.449652238254867,6.036170702467323,11.606853401183518,6.518974118732238,11.124049984918603,True,False,True,3.2562803728588925,5.570682698716195,4.605075866186365,9.312577658515046,11.683407048648105,8.82151205182542,8.82151205182542
3,2,4.9738229516906065,8.2301033245495,3.816621788761955,9.38730448747815,4.29942520502687,8.904501071213236,True,True,True,3.2562803728588934,5.570682698716196,4.6050758661863656,7.169996397002678,7.285932799726238,6.601963138120053,6.601963138120053
3,3,8.74408598956223,12.000366362421122,7.586884826633578,13.157567525349773,8.069688242898494,12.674764109084858,True,True,True,3.2562803728588925,5.570682698716195,4.605075866186365,10.387247731900906,9.774272103341099,10.372226175991676,10.372226175991676
3,4,6.6140852482208,9.870365621079692,5.456884085292148,11.027566784008343,5.939687501557064,10.544763367743428,True,True,True,3.2562803728588925,5.570682698716195,4.605075866186365,9.006210596072199,9.18900377541862,8.242225434650246,8.242225434650246
3,5,14.495356081102402,17.751636453961297,13.33815491817375,18.908837616889947,13.820958334438666,18.426034200625033,True,True,True,3.2562803728588943,5.5706826987161975,4.605075866186366,15.224934356363814,14.388701130281339,16.12349626753185,16.12349626753185
3,6,2.8939690651839536,6.150249438042846,1.736767902255302,7.307450600971498,2.2195713185202175,6.824647184706582,True,True,True,3.2562803728588925,5.570682698716196,4.605075866186365,4.66227299168035,2.767220625289405,4.5221092516134,4.5221092516134
3,7,11.172023479956165,14.428303852815057,10.014822317027512,15.58550501574371,10.497625733292429,15.102701599478793,True,True,True,3.2562803728588925,5.5706826987161975,4.605075866186365,12.684998154305188,12.824542367666817,12.800163666385611,12.800163666385611
3,8,7.786069380507765,11.042349753366658,6.628868217579114,12.199550916295308,7.111671633844029,11.716747500030394,True,True,True,3.2562803728588925,5.570682698716195,4.605075866186365,8.816756943510498,7.111225140859917,9.414209566937211,9.414209566937211
3,9,5.979083303695159,9.235363676554051,4.821882140766507,10.392564839482702,5.304685557031423,9.909761423217788,True,True,True,3.2562803728588925,5.570682698716195,4.605075866186365,7.669206035026479,8.155362524653727,7.607223490124605,7.607223490124605
3,10,7.655266962448547,10.91154733530744,6.498065799519895,12.06874849823609,6.980869215784811,11.585945081971175,True,True,True,3.2562803728588925,5.570682698716195,4.605075866186365,10.151010240450788,9.791946908581354,9.283407148877993,9.283407148877993
3,11,6.698269422656406,9.954549795515298,5.541068259727754,11.111750958443949,6.02387167599267,10.628947542179034,True,True,True,3.2562803728588925,5.570682698716195,4.605075866186365,8.944982152811797,10.600847145158268,8.326409609085852,8.326409609085852
3,12,9.589340464107133,12.845620836966026,8.43213930117848,14.002821999894678,8.914942717443397,13.520018583629762,True,True,True,3.2562803728588925,5.5706826987161975,4.605075866186365,10.464055793244686,10.014730742527025,11.21748065053658,11.21748065053658
3,13,5.563989651912348,8.82027002477124,4.406788488983697,9.977471187699892,4.889591905248612,9.494667771434976,True,True,True,3.2562803728588916,5.570682698716196,4.605075866186364,7.253689571100548,6.760386048794614,7.192129838341795,7.192129838341795
3,14,4.90900577038653,8.165286143245423,3.7518046074578786,9.322487306174075,4.234608023722794,8.839683889909159,True,True,True,3.2562803728588925,5.570682698716197,4.605075866186365,7.028306247070937,7.562023939769454,6.537145956815976,6.537145956815976
3,15,7.143337442426079,10.399617815284971,5.986136279497427,11.556818978213624,6.468939695762343,11.074015561948707,True,True,True,3.2562803728588925,5.570682698716197,4.605075866186365,9.024353898585492,9.525674731059722,8.771477628855525,8.771477628855525
3,16,9.340813273166301,12.597093646025193,8.18361211023765,13.754294808953844,8.666415526502565,13.27149139268893,True,True,True,3.2562803728588925,5.570682698716194,4.605075866186365,11.440030299093959,11.817968862022374,10.968953459595747,10.968953459595747
3,17,12.335245748440489,15.591526121299381,11.178044585511838,16.748727284228032,11.660848001776753,16.265923867963117,True,True,True,3.2562803728588925,5.570682698716194,4.605075866186365,13.896056056527675,13.370545818285056,13.963385934869935,13.963385934869935
3,18,3.6546612147133573,6.91094158757225,2.4974600517847056,8.0681427505009,2.980263468049621,7.585339334235986,True,True,True,3.2562803728588925,5.570682698716195,4.605075866186365,5.815008779406166,4.864742786538013,5.2828014011428035,5.2828014011428035
3,19,8.391442754608962,11.647723127467854,7.23424159168031,12.804924290396507,7.7170450079452255,12.32212087413159,True,True,True,3.2562803728588925,5.570682698716197,4.605075866186365,10.718910568549465,10.368462899587248,10.019582941038408,10.019582941038408
3,20,3.411499922260547,6.66778029511944,2.2542987593318955,7.824981458048091,2.737102175596811,7.342178041783176,True,True,True,3.2562803728588925,5.570682698716196,4.605075866186365,5.157169809197176,5.026216557850686,5.039640108689993,5.039640108689993
3,21,11.943760413634028,15.20004078649292,10.786559250705377,16.35724194942157,11.269362666970292,15.874438533156656,True,True,True,3.2562803728588925,5.570682698716194,4.605075866186365,13.52859928465113,12.56308228721947,13.571900600063474,13.571900600063474
3,22,11.013610062448809,14.269890435307701,9.856408899520158,15.427091598236352,10.339212315785073,14.944288181971437,True,True,True,3.2562803728588925,5.570682698716194,4.605075866186365,13.148139836850849,11.956485592443247,12.641750248878255,12.641750248878255
3,23,8.455336989722866,11.711617362581759,7.298135826794215,12.86881852551041,7.78093924305913,12.386015109245495,True,True,True,3.2562803728588925,5.570682698716195,4.605075866186365,10.57718358139508,11.186141531846983,10.083477176152313,10.083477176152313
3,24,0.538304024570107,3.7945843974289994,-0.6188971383585447,4.951785560357651,-0.13609372209362913,4.4689821440927355,True,True,True,3.2562803728588925,5.570682698716196,4.605075866186365,1.2764202424233835,0.32547925175846415,2.166444210999553,2.166444210999553
3,25,7.4183718503293115,10.674652223188204,6.26117068740066,11.831853386116855,6.743974103665575,11.34904996985194,True,True,True,3.2562803728588925,5.570682698716195,4.605075866186365,9.581528732992613,9.023386444202858,9.046512036758758,9.046512036758758
3,26,6.2491242323737115,9.505404605232604,5.09192306944506,10.662605768161256,5.574726485709975,10.17980235189634,True,True,True,3.2562803728588925,5.570682698716197,4.605075866186365,7.5996407744461525,7.7633753364700375,7.877264418803158,7.877264418803158
3,27,8.13078967196468,11.387070044823572,6.973588509036028,12.544271207752224,7.456391925300943,12.061467791487308,True,True,True,3.2562803728588925,5.570682698716197,4.605075866186365,9.355723538680888,10.940854429935406,9.758929858394126,9.758929858394126
3,28,5.056767017583606,8.313047390442499,3.8995658546549548,9.47024855337115,4.38236927091987,8.987445137106235,True,True,True,3.2562803728588925,5.570682698716195,4.605075866186365,6.761509536571665,5.76071895006065,6.684907204013053,6.684907204013053
3,29,11.072256342496367,14.32853671535526,9.915055179567716,15.48573787828391,10.39785859583263,15.002934462018995,True,True,True,3.2562803728588925,5.570682698716194,4.605075866186365,12.941095693123875,12.542392673517043,12.700396528925813,12.700396528925813
3,30,8.993312608950255,12.249592981809148,7.8361114460216035,13.406794144737798,8.318914862286519,12.923990728472884,True,True,True,3.2562803728588925,5.570682698716195,4.605075866186365,10.821896409654917,11.46877503079822,10.621452795379701,10.621452795379701
3,31,4.930726132270408,8.1870065051293,3.7735249693417563,9.344207668057951,4.256328385606672,8.861404251793036,True,True,True,3.2562803728588925,5.570682698716195,4.605075866186365,5.76777313243876,5.60406792034748,6.558866318699854,6.558866318699854
3,32,7.900076529168189,11.156356902027081,6.742875366239537,12.313558064955732,7.225678782504453,11.830754648690817,True,True,True,3.2562803728588925,5.570682698716195,4.605075866186365,9.763542637832565,8.604173181890435,9.528216715597635,9.528216715597635
3,33,11.335121441882752,14.591401814741644,10.177920278954101,15.748602977670295,10.660723695219016,15.26579956140538,True,True,True,3.2562803728588925,5.570682698716194,4.605075866186365,12.078811165190736,14.160308805340163,12.963261628312198,12.963261628312198
3,34,3.1716611290057415,6.427941501864634,2.01445996607709,7.585142664793286,2.4972633823420054,7.10233924852837,True,True,True,3.2562803728588925,5.570682698716196,4.605075866186365,4.719966724420675,4.2982731012742565,4.799801315435188,4.799801315435188
3,35,10.07537936687947,13.331659739738363,8.91817820395082,14.488860902667014,9.400981620215735,14.0060574864021,True,True,True,3.2562803728588925,5.570682698716194,4.605075866186365,12.023227673900262,11.0666993332833,11.703519553308917,11.703519553308917
3,36,5.041352710182651,8.297633083041543,3.8841515472539996,9.454834245970195,4.366954963518915,8.972030829705279,True,True,True,3.2562803728588916,5.570682698716196,4.605075866186364,7.334977348874573,7.806392764650793,6.669492896612097,6.669492896612097
3,37,3.519843811440336,6.776124184299229,2.3626426485116845,7.93332534722788,2.8454460647766,7.450521930962965,True,True,True,3.2562803728588925,5.570682698716196,4.605075866186365,4.593584569288283,4.535176338643248,5.147983997869782,5.147983997869782
3,38,14.343964426565217,17.60024479942411,13.186763263636564,18.75744596235276,13.66956667990148,18.274642546087847,True,True,True,3.2562803728588943,5.5706826987161975,4.605075866186366,16.167982246654674,16.81644329082586,15.972104612994663,15.972104612994663
3,39,11.258507828461578,14.51478820132047,10.101306665532928,15.671989364249121,10.584110081797842,15.189185947984207,True,True,True,3.2562803728588925,5.570682698716194,4.605075866186365,12.372464409962804,12.13992175946109,12.886648014891025,12.886648014891025
3,40,4.102156955281346,7.358437328140239,2.944955792352695,8.515638491068891,3.4277592086176103,8.032835074803975,True,True,True,3.2562803728588925,5.570682698716197,4.605075866186365,5.532479308178615,4.746617423852192,5.730297141710793,5.730297141710793
3,41,4.804823605138697,8.06110397799759,3.6476224422100456,9.21830514092624,4.130425858474961,8.735501724661326,True,True,True,3.2562803728588925,5.570682698716195,4.605075866186365,7.917801070799794,8.276667405519609,6.4329637915681435,6.4329637915681435
3,42,6.68251944707464,9.938799819933532,5.525318284145988,11.096000982862183,6.0081217004109035,10.613197566597268,True,True,True,3.2562803728588925,5.570682698716195,4.605075866186365,7.756753649071268,7.748317888562809,8.310659633504086,8.310659633504086
3,43,6.4280907917348795,9.684371164593772,5.270889628806228,10.841572327522425,5.753693045071143,10.358768911257508,True,True,True,3.2562803728588925,5.570682698716197,4.605075866186365,8.776885998603246,8.357352609998332,8.056230978164326,8.056230978164326
3,44,3.6488768589633116,6.905157231822204,2.49167569603466,8.062358394750856,2.9744791122995755,7.57955497848594,True,True,True,3.2562803728588925,5.570682698716196,4.605075866186365,4.071648685073235,3.5645375667104675,5.277017045392758,5.277017045392758
3,45,4.612846577932944,7.869126950791837,3.455645415004293,9.026328113720488,3.9384488312692083,8.543524697455574,True,True,True,3.2562803728588925,5.570682698716196,4.6050758661863656,6.802892065338726,6.695502928236669,6.240986764362391,6.240986764362391
3,46,3.611974000649224,6.868254373508116,2.454772837720572,8.025455536436768,2.9375762539854877,7.542652120171852,True,True,True,3.2562803728588925,5.570682698716196,4.605075866186365,5.090177030804351,4.578516390650268,5.24011418707867,5.24011418707867
3,47,2.6612409549139606,5.917521327772853,1.504039791985309,7.074722490701505,1.9868432082502245,6.591919074436589,True,True,True,3.2562803728588925,5.570682698716196,4.605075866186365,3.6757537238826856,3.4834278980026614,4.289381141343407,4.289381141343407
3,48,2.4447643254598814,5.701044698318774,1.2875631625312298,6.8582458612474255,1.7703665787961453,6.37544244498251,True,True,True,3.2562803728588925,5.570682698716196,4.605075866186365,4.046025534874646,4.044533866458654,4.072904511889328,4.072904511889328
3,49,8.867439459528214,12.123719832387106,7.710238296599562,13.280920995315757,8.193041712864478,12.798117579050842,True,True,True,3.2562803728588925,5.570682698716195,4.605075866186365,11.158391809858966,9.596526233966722,10.49557964595766,10.49557964595766
3,50,5.766687864402133,9.022968237261026,4.6094867014734815,10.180169400189676,5.092290117738397,9.697365983924762,True,True,True,3.2562803728588925,5.570682698716195,4.605075866186365,7.8157358653552365,6.140391442375312,7.394828050831579,7.394828050831579
3,51,0.18785818982601832,3.444138562684911,-0.9693429731026333,4.601339725613562,-0.48653955683771777,4.118536309348647,True,True,True,3.2562803728588925,5.570682698716196,4.605075866186365,2.754031803618706,1.1720109500393623,1.8159983762554646,1.8159983762554646
3,52,7.437750463789667,10.69403083664856,6.280549300861016,11.851231999577212,6.763352717125931,11.368428583312296,True,True,True,3.2562803728588925,5.570682698716197,4.605075866186365,8.529973045217663,10.990128233455655,9.065890650219114,9.065890650219114
3,53,4.749535092055105,8.005815464913997,3.592333929126453,9.163016627842648,4.075137345391369,8.680213211577733,True,True,True,3.2562803728588925,5.570682698716195,4.605075866186365,7.203620261328881,7.154873520939157,6.377675278484551,6.377675278484551
3,54,7.996245793727102,11.252526166585994,6.83904463079845,12.409727329514645,7.321848047063366,11.92692391324973,True,True,True,3.2562803728588925,5.570682698716195,4.605075866186365,9.483013523651556,8.146583840607303,9.624385980156548,9.624385980156548
3,55,12.396662815081964,15.652943187940856,11.239461652153313,16.810144350869507,11.722265068418228,16.327340934604592,True,True,True,3.2562803728588925,5.570682698716194,4.605075866186365,14.537929469638357,15.439939080320388,14.02480300151141,14.02480300151141
3,56,6.517579380980077,9.77385975383897,5.360378218051426,10.93106091676762,5.843181634316341,10.448257500502706,True,True,True,3.2562803728588925,5.570682698716195,4.605075866186365,8.921260878290836,9.868561487954022,8.145719567409524,8.145719567409524
3,57,9.668375274217357,12.92465564707625,8.511174111288707,14.0818568100049,8.993977527553621,13.599053393739986,True,True,True,3.2562803728588925,5.570682698716194,4.605075866186365,11.3251771042186,10.84737362485846,11.296515460646804,11.296515460646804
3,58,4.628446856175718,7.884727229034611,3.4712456932470666,9.041928391963262,3.954049109511982,8.559124975698346,True,True,True,3.2562803728588925,5.570682698716196,4.605075866186364,5.99853621998108,5.489635877482746,6.256587042605164,6.256587042605164
3,59,10.603189254695092,13.859469627553985,9.445988091766441,15.016670790482635,9.928791508031356,14.53386737421772,True,True,True,3.2562803728588925,5.570682698716194,4.605075866186365,12.627646248604176,13.302319968750341,12.231329441124538,12.231329441124538
3,60,6.689647919544608,9.9459282924035,5.532446756615957,11.103129455332152,6.015250172880872,10.620326039067237,True,True,True,3.2562803728588925,5.570682698716195,4.605075866186365,7.626329863919338,6.295781391553884,8.317788105974055,8.317788105974055
3,61,8.908284236562665,12.164564609421557,7.751083073634013,13.321765772350208,8.233886489898929,12.838962356085293,True,True,True,3.2562803728588925,5.570682698716195,4.605075866186365,10.382265135618734,7.774348615323749,10.536424422992111,10.536424422992111
3,62,11.535380318367544,14.791660691226436,10.378179155438893,15.948861854155087,10.860982571703808,15.466058437890172,True,True,True,3.2562803728588925,5.570682698716194,4.605075866186365,14.322046442391054,14.475208997158887,13.16352050479699,13.16352050479699
3,63,7.9508973324790695,11.207177705337962,6.793696169550418,12.364378868266613,7.276499585815333,11.881575452001698,True,True,True,3.2562803728588925,5.570682698716195,4.605075866186365,9.78993541172499,10.015755839162901,9.579037518908516,9.579037518908516
3,64,14.201515321166793,17.457795694025684,13.04431415823814,18.61499685695434,13.527117574503057,18.13219344068942,True,True,True,3.2562803728588907,5.5706826987161975,4.605075866186363,15.71895774640174,15.585686362408357,15.82965550759624,15.82965550759624
3,65,7.053209358640975,10.309489731499868,5.896008195712324,11.46669089442852,6.378811611977239,10.983887478163604,True,True,True,3.2562803728588925,5.570682698716197,4.605075866186365,9.316726516679381,10.020535137320882,8.681349545070422,8.681349545070422
3,66,5.140386184847896,8.396666557706787,3.983185021919244,9.55386772063544,4.4659884381841595,9.071064304370523,True,True,True,3.2562803728588916,5.570682698716196,4.605075866186364,6.654921702106458,5.98633641063757,6.768526371277342,6.768526371277342
3,67,9.619619725553637,12.87590009841253,8.462418562624986,14.03310126134118,8.9452219788899,13.550297845076265,True,True,True,3.2562803728588925,5.570682698716194,4.605075866186365,11.510800439775092,10.114321945087871,11.247759911983083,11.247759911983083
3,68,4.956082187424497,8.212362560283388,3.798881024495845,9.36956372321204,4.281684440760761,8.886760306947124,True,True,True,3.2562803728588916,5.570682698716196,4.605075866186364,7.517231201608193,8.558369329742806,6.584222373853943,6.584222373853943
3,69,12.630940180932482,15.887220553791375,11.47373901800383,17.044421716720027,11.956542434268746,16.56161830045511,True,True,True,3.2562803728588925,5.5706826987161975,4.605075866186363,14.006292609891037,13.318757848130794,14.259080367361928,14.259080367361928
3,70,2.59584295982303,5.852123332681923,1.4386417968943785,7.009324495610574,1.921445213159294,6.526521079345659,True,True,True,3.2562803728588925,5.570682698716196,4.605075866186365,4.519438516367045,5.111404339191867,4.223983146252476,4.223983146252476
3,71,8.394448020692725,11.650728393551617,7.237246857764073,12.807929556480268,7.7200502740289885,12.325126140215353,True,True,True,3.2562803728588925,5.570682698716195,4.605075866186365,10.002137283620302,8.242026588377179,10.02258820712217,10.02258820712217
3,72,5.314083661930332,8.570364034789225,4.15688249900168,9.727565197717876,4.639685915266596,9.244761781452961,True,True,True,3.2562803728588934,5.570682698716196,4.6050758661863656,8.213610298632831,8.611282510805706,6.942223848359778,6.942223848359778
3,73,7.754769279063781,11.011049651922674,6.59756811613513,12.168250814851326,7.080371532400045,11.68544739858641,True,True,True,3.2562803728588925,5.570682698716197,4.605075866186365,9.705858548154831,9.038794460970768,9.382909465493228,9.382909465493228
3,74,12.528858013320143,15.785138386179035,11.371656850391492,16.942339549107686,11.854460266656407,16.45953613284277,True,True,True,3.2562803728588925,5.570682698716194,4.605075866186365,14.819458138580302,15.679668681303417,14.156998199749589,14.156998199749589
3,75,3.807944328730396,7.064224701589288,2.650743165801744,8.22142586451794,3.1335465820666597,7.738622448253024,True,True,True,3.2562803728588925,5.570682698716196,4.605075866186365,5.7208712102264085,6.335892362572593,5.436084515159842,5.436084515159842
3,76,10.132167003478363,13.388447376337256,8.97496584054971,14.545648539265908,9.457769256814627,14.062845123000992,True,True,True,3.2562803728588925,5.5706826987161975,4.605075866186365,10.986364430896185,9.407360900333048,11.76030718990781,11.76030718990781
3,77,3.750017064952048,7.00629743781094,2.5928159020233963,8.163498600739592,3.075619318288312,7.6806951844746765,True,True,True,3.2562803728588925,5.570682698716196,4.605075866186365,4.813457719967377,3.295311378450589,5.378157251381494,5.378157251381494
3,78,8.889280842780849,12.145561215639741,7.732079679852197,13.302762378568392,8.214883096117113,12.819958962303478,True,True,True,3.2562803728588925,5.570682698716195,4.605075866186365,11.325470343094402,11.833548476232687,10.517421029210295,10.517421029210295
3,79,7.971415523877091,11.227695896735984,6.81421436094844,12.384897059664635,7.297017777213355,11.90209364339972,True,True,True,3.2562803728588925,5.570682698716195,4.605075866186365,9.91018350102911,11.570018024763343,9.599555710306538,9.599555710306538
3,80,10.728466230462521,13.984746603321414,9.571265067533869,15.141947766250066,10.054068483798785,14.65914434998515,True,True,True,3.2562803728588925,5.5706826987161975,4.605075866186365,12.190966181174684,12.529333190414278,12.356606416891967,12.356606416891967
3,81,3.593784383725758,6.850064756584651,2.4365832207971065,8.007265919513301,2.919386637062022,7.524462503248387,True,True,True,3.2562803728588925,5.570682698716195,4.605075866186365,5.025302639286272,5.581164689501466,5.221924570155204,5.221924570155204
3,82,8.035085218309197,11.29136559116809,6.877884055380545,12.448566754096742,7.360687471645461,11.965763337831826,True,True,True,3.2562803728588925,5.570682698716197,4.605075866186365,8.916330997982046,8.754296834758708,9.663225404738643,9.663225404738643
3,83,12.234520247153752,15.490800620012644,11.077319084225099,16.648001782941297,11.560122500490015,16.16519836667638,True,True,True,3.2562803728588925,5.5706826987161975,4.605075866186363,14.149333470614557,14.728117399260963,13.862660433583198,13.862660433583198
3,84,7.580301800809938,10.83658217366883,6.423100637881286,11.993783336597481,6.905904054146202,11.510979920332566,True,True,True,3.2562803728588925,5.570682698716195,4.605075866186365,8.78639915596108,10.233591994702577,9.208441987239384,9.208441987239384
3,85,8.15010034778796,11.406380720646853,6.992899184859309,12.563581883575505,7.475702601124224,12.080778467310589,True,True,True,3.2562803728588925,5.570682698716197,4.605075866186365,10.15683226562057,10.97718800129117,9.778240534217407,9.778240534217407
3,86,6.209003856131354,9.465284228990246,5.051802693202703,10.622485391918898,5.534606109467618,10.139681975653982,True,True,True,3.2562803728588916,5.570682698716196,4.605075866186364,7.280765278598977,8.189765821768027,7.8371440425608005,7.8371440425608005
3,87,7.142465580629155,10.398745953488048,5.985264417700503,11.5559471164167,6.468067833965419,11.073143700151784,True,True,True,3.2562803728588925,5.570682698716197,4.605075866186365,8.143401744823572,8.515467714070915,8.770605767058601,8.770605767058601
3,88,2.4562116666687777,5.71249203952767,1.299010503740126,6.869693202456322,1.7818139200050416,6.386889786191406,True,True,True,3.2562803728588925,5.570682698716196,4.605075866186365,4.368812120513017,3.661093437822612,4.084351853098224,4.084351853098224
3,89,5.0725007293450215,8.328781102203914,3.91529956641637,9.485982265132566,4.398102982681285,9.00317884886765,True,True,True,3.2562803728588925,5.570682698716197,4.605075866186365,7.086162299665117,7.637163834622185,6.700640915774468,6.700640915774468
3,90,9.622573924704266,12.878854297563159,8.465372761775615,14.03605546049181,8.94817617804053,13.553252044226895,True,False,True,3.2562803728588925,5.570682698716194,4.605075866186365,12.338178060289632,15.107296740980582,11.250714111133712,11.250714111133712
3,91,8.706498433743016,11.962778806601909,7.549297270814365,13.119979969530561,8.03210068707928,12.637176553265645,True,True,True,3.2562803728588925,5.570682698716197,4.605075866186365,11.083078148130099,11.431902368186407,10.334638620172463,10.334638620172463
3,92,6.8688498309611035,10.125130203819996,5.711648668032452,11.282331366748647,6.194452084297367,10.799527950483732,True,True,True,3.2562803728588925,5.570682698716195,4.605075866186365,8.154683767958304,8.201413032987515,8.49699001739055,8.49699001739055
3,93,7.588728631426955,10.845009004285847,6.431527468498303,12.0022101672145,6.914330884763219,11.519406750949583,True,True,True,3.2562803728588925,5.570682698716197,4.605075866186365,8.779584139241866,9.927300136218115,9.216868817856401,9.216868817856401
3,94,9.658390914571978,12.91467128743087,8.501189751643327,14.071872450359521,8.983993167908242,13.589069034094607,True,True,True,3.2562803728588925,5.570682698716194,4.605075866186365,11.41446676571494,11.749963047138456,11.286531101001424,11.286531101001424
3,95,12.059788624442321,15.316068997301214,10.902587461513669,16.473270160229866,11.385390877778585,15.99046674396495,True,True,True,3.2562803728588925,5.5706826987161975,4.605075866186365,12.765266952225282,14.1044487406245,13.687928810871767,13.687928810871767
3,96,2.834858191848336,6.0911385647072285,1.6776570289196844,7.24833972763588,2.1604604451846,6.765536311370965,True,True,True,3.2562803728588925,5.570682698716196,4.605075866186365,5.6024348905347985,5.563892528157645,4.462998378277782,4.462998378277782
3,97,14.355416142420504,17.611696515279398,13.198214979491851,18.76889767820805,13.681018395756768,18.286094261943134,True,True,True,3.2562803728588943,5.5706826987161975,4.605075866186366,17.03408166992584,16.89456326013627,15.98355632884995,15.98355632884995
3,98,5.712614307381315,8.968894680240208,4.555413144452664,10.126095843168859,5.038216560717579,9.643292426903944,True,True,True,3.2562803728588925,5.570682698716195,4.605075866186365,7.202144779698456,6.668855047704865,7.340754493810762,7.340754493810762
3,99,6.822534266445418,10.07881463930431,5.665333103516766,11.236015802232963,6.148136519781682,10.753212385968046,True,True,True,3.2562803728588925,5.570682698716197,4.605075866186365,8.956325489800946,9.227704054763246,8.450674452874864,8.450674452874864
3,100,13.08025634553925,16.336536718398143,11.9230551826106,17.493737881326794,12.405858598875515,17.01093446506188,True,True,True,3.2562803728588925,5.570682698716194,4.605075866186365,13.63120113465068,14.286037465612353,14.708396531968697,14.708396531968697
3,101,13.981296926692535,17.237577299551425,12.824095763763882,18.39477846248008,13.306899180028799,17.91197504621516,True,True,True,3.2562803728588907,5.5706826987161975,4.605075866186363,15.912974041856256,15.75112262576001,15.609437113121981,15.609437113121981
3,102,7.286198496354174,10.542478869213067,6.128997333425523,11.699680032141718,6.611800749690438,11.216876615876803,True,True,True,3.2562803728588925,5.570682698716195,4.605075866186365,8.481836012859489,8.4692959586176,8.91433868278362,8.91433868278362
3,103,10.347449557051856,13.603729929910749,9.190248394123206,14.7609310928394,9.67305181038812,14.278127676574485,True,True,True,3.2562803728588925,5.570682698716194,4.605075866186365,12.161219872723585,13.713530393932878,11.975589743481303,11.975589743481303
3,104,7.882918635735871,11.139199008594764,6.7257174728072195,12.296400171523416,7.208520889072135,11.8135967552585,True,True,True,3.2562803728588925,5.570682698716197,4.605075866186365,10.13925493950175,9.908140453071328,9.511058822165317,9.511058822165317
3,105,5.104767184783535,8.361047557642427,3.9475660218548834,9.51824872057108,4.430369438119799,9.035445304306164,True,True,True,3.2562803728588925,5.570682698716197,4.605075866186365,6.772415044617004,6.444086615549029,6.732907371212981,6.732907371212981
3,106,9.001716590861086,12.257996963719979,7.844515427932435,13.41519812664863,8.32731884419735,12.932394710383715,True,True,True,3.2562803728588925,5.570682698716195,4.605075866186365,9.912079745488867,10.10637970919246,10.629856777290533,10.629856777290533
3,107,10.486754888268704,13.743035261127597,9.329553725340052,14.90023642405625,9.812357141604968,14.417433007791333,True,True,True,3.2562803728588925,5.5706826987161975,4.605075866186365,12.103788389910013,11.35761177915625,12.11489507469815,12.11489507469815
3,108,7.518636412977402,10.774916785836295,6.361435250048751,11.932117948764947,6.844238666313666,11.449314532500031,True,True,True,3.2562803728588925,5.570682698716197,4.605075866186365,8.495048875193989,7.3953988219618,9.146776599406849,9.146776599406849
3,109,4.298742420843402,7.555022793702294,3.14154125791475,8.712223956630947,3.6243446741796657,8.22942054036603,True,True,True,3.2562803728588925,5.570682698716197,4.605075866186365,5.944877641807166,5.733283817768678,5.926882607272848,5.926882607272848
3,110,8.257052879770285,11.513333252629177,7.099851716841633,12.670534415557828,7.582655133106549,12.187730999292913,True,True,True,3.2562803728588925,5.570682698716195,4.605075866186365,10.317112542006685,10.470617318256235,9.885193066199731,9.885193066199731
3,111,9.535379672850132,12.791660045709024,8.37817850992148,13.948861208637677,8.860981926186396,13.46605779237276,True,True,True,3.2562803728588925,5.5706826987161975,4.605075866186365,12.135232900616794,10.63496545521771,11.163519859279578,11.163519859279578
3,112,4.374638077342989,7.630918450201881,3.2174369144143373,8.788119613130533,3.700240330679253,8.305316196865618,True,True,True,3.2562803728588925,5.570682698716196,4.6050758661863656,5.821006429467332,6.625245095286377,6.002778263772435,6.002778263772435
3,113,8.436099583761754,11.692379956620647,7.2788984208331025,12.849581119549299,7.761701837098018,12.366777703284383,True,True,True,3.2562803728588925,5.570682698716197,4.605075866186365,10.655879323119468,9.550748898138053,10.0642397701912,10.0642397701912
3,114,3.61274590825401,6.869026281112903,2.4555447453253585,8.026227444041554,2.938348161590274,7.543424027776639,True,True,True,3.2562803728588925,5.570682698716196,4.605075866186365,5.367019165063532,4.698326608471675,5.240886094683456,5.240886094683456
3,115,6.22420558588805,9.480485958746943,5.067004422959398,10.637687121675594,5.5498078392243135,10.154883705410679,True,True,True,3.2562803728588934,5.570682698716196,4.6050758661863656,8.110166482595474,9.358241833949844,7.852345772317496,7.852345772317496
3,116,6.942145949104095,10.198426321962987,5.784944786175443,11.355627484891638,6.267748202440359,10.872824068626723,True,True,True,3.2562803728588925,5.570682698716195,4.605075866186365,7.462117509297747,6.178275258431286,8.570286135533541,8.570286135533541
3,117,4.153272850066125,7.409553222925018,2.9960716871374737,8.56675438585367,3.4788751034023893,8.083950969588754,True,True,True,3.2562803728588925,5.570682698716197,4.605075866186365,5.404475466869282,4.474402400802098,5.781413036495572,5.781413036495572
3,118,10.185438019933185,13.441718392792078,9.028236857004533,14.59891955572073,9.51104027326945,14.116116139455814,True,True,True,3.2562803728588925,5.5706826987161975,4.605075866186365,12.780318456206484,10.06424574316174,11.813578206362632,11.813578206362632
3,119,9.174087504317466,12.430367877176359,8.016886341388815,13.58756904010501,8.49968975765373,13.104765623840095,True,True,True,3.2562803728588925,5.570682698716194,4.605075866186365,10.357237438340594,9.943807074178983,10.802227690746912,10.802227690746912
3,120,4.663164256383771,7.919444629242664,3.5059630934551196,9.076645792171316,3.988766509720035,8.5938423759064,True,True,True,3.2562803728588925,5.570682698716197,4.605075866186365,6.871099998525467,8.058148992289725,6.291304442813217,6.291304442813217
3,121,5.569350535053296,8.825630907912188,4.412149372124644,9.98283207084084,4.89495278838956,9.500028654575924,True,True,True,3.2562803728588925,5.570682698716195,4.605075866186365,6.840618938176954,6.903279405286921,7.197490721482742,7.197490721482742
3,122,10.482160541561248,13.73844091442014,9.324959378632595,14.895642077348793,9.807762794897512,14.412838661083876,True,True,True,3.2562803728588925,5.5706826987161975,4.605075866186365,12.024927141298093,12.981622856744352,12.110300727990694,12.110300727990694
3,123,8.241621929572906,11.497902302431799,7.0844207666442545,12.655103465360451,7.56722418290917,12.172300049095535,True,True,True,3.2562803728588925,5.570682698716197,4.605075866186365,9.968876692369328,9.569322535713333,9.869762116002352,9.869762116002352
3,124,8.89927832047232,12.155558693331212,7.742077157543668,13.312759856259863,8.224880573808584,12.829956439994948,True,True,True,3.2562803728588925,5.570682698716195,4.605075866186365,9.49664130986823,8.907145342691129,10.527418506901766,10.527418506901766
3,125,10.4895471668512,13.745827539710092,9.332346003922549,14.903028702638743,9.815149420187463,14.420225286373828,True,True,True,3.2562803728588925,5.570682698716194,4.605075866186365,12.040679654489475,11.223762645004117,12.117687353280646,12.117687353280646
3,126,9.153744768330503,12.410025141189395,7.996543605401851,13.567226304118048,8.479347021666767,13.084422887853131,True,True,True,3.2562803728588925,5.570682698716197,4.605075866186365,11.299448259988882,10.38416175595185,10.78188495475995,10.78188495475995
3,127,0.6626312428104795,3.918911615669372,-0.49456992011817213,5.076112778598024,-0.011766503853256616,4.593309362333108,True,True,True,3.2562803728588925,5.570682698716196,4.605075866186365,1.6842933146400187,2.6885343835449023,2.2907714292399257,2.2907714292399257
3,128,10.370831791244335,13.627112164103227,9.213630628315684,14.784313327031878,9.696434044580599,14.301509910766963,True,True,True,3.2562803728588925,5.570682698716194,4.605075866186365,11.241069426962932,11.98472040071396,11.998971977673781,11.998971977673781
3,129,10.973086148070887,14.22936652092978,9.815884985142237,15.38656768385843,10.298688401407151,14.903764267593516,True,True,True,3.2562803728588925,5.570682698716194,4.605075866186365,12.817456482759297,12.32835679066852,12.601226334500334,12.601226334500334
3,130,11.386449309702344,14.642729682561237,10.229248146773692,15.79993084548989,10.712051563038608,15.317127429224973,True,True,True,3.2562803728588925,5.5706826987161975,4.605075866186365,13.71134903026148,13.100748190251673,13.01458949613179,13.01458949613179
3,131,7.441600206214195,10.697880579073088,6.284399043285544,11.85508174200174,6.767202459550459,11.372278325736824,True,True,True,3.2562803728588925,5.570682698716197,4.605075866186365,9.150193288881237,9.673980816803727,9.069740392643642,9.069740392643642
3,132,3.0975900464104056,6.353870419269298,1.940388883481754,7.51107158219795,2.4231922997466695,7.028268165933034,True,True,True,3.2562803728588925,5.570682698716196,4.605075866186365,4.147601859716184,3.326196737593899,4.725730232839852,4.725730232839852
3,133,13.37067443285131,16.626954805710202,12.213473269922659,17.784155968638853,12.696276686187574,17.301352552373938,True,True,True,3.2562803728588925,5.570682698716194,4.605075866186365,15.88558981803611,16.021683456299176,14.998814619280756,14.998814619280756
3,134,5.964483834245884,9.220764207104777,4.807282671317233,10.37796537003343,5.290086087582148,9.895161953768513,True,True,True,3.2562803728588925,5.570682698716197,4.605075866186365,7.298167144457658,6.758550144710176,7.592624020675331,7.592624020675331
3,135,4.0872539191294965,7.343534291988389,2.930052756200845,8.500735454917042,3.4128561724657605,8.017932038652125,True,True,True,3.2562803728588925,5.570682698716197,4.605075866186365,5.181576051080411,5.414010648361941,5.715394105558943,5.715394105558943
3,136,9.364727095559731,12.621007468418624,8.207525932631079,13.778208631347276,8.690329348895995,13.29540521508236,False,True,True,3.2562803728588925,5.5706826987161975,4.605075866186365,9.31921185370628,9.90460189783093,10.992867281989177,10.992867281989177
3,137,12.154853532603711,15.411133905462604,10.997652369675059,16.568335068391256,11.480455785939975,16.085531652126342,True,True,True,3.2562803728588925,5.5706826987161975,4.605075866186366,14.43959852175536,14.088860782457896,13.782993719033158,13.782993719033158
3,138,7.351907075060442,10.608187447919335,6.1947059121317904,11.765388610847985,6.677509328396706,11.28258519458307,True,True,True,3.2562803728588925,5.570682698716195,4.605075866186365,8.928031837586996,9.3892582545778,8.980047261489888,8.980047261489888
3,139,10.730441435672043,13.986721808530936,9.57324027274339,15.143922971459588,10.056043689008307,14.661119555194672,True,True,True,3.2562803728588925,5.5706826987161975,4.605075866186365,12.246703315707839,12.73720945179392,12.35858162210149,12.35858162210149
3,140,7.415188330217022,10.671468703075915,6.257987167288371,11.828669866004567,6.740790583553286,11.34586644973965,True,True,True,3.2562803728588925,5.570682698716197,4.605075866186365,8.785195278994042,9.69107673339524,9.043328516646469,9.043328516646469
3,141,5.926730835720363,9.183011208579256,4.769529672791712,10.340212371507906,5.252333089056627,9.857408955242992,True,True,True,3.2562803728588925,5.570682698716195,4.605075866186365,8.244726157852122,9.706637556333135,7.554871022149809,7.554871022149809
3,142,14.847976220479614,18.104256593338505,13.690775057550962,19.26145775626716,14.173578473815878,18.77865434000224,True,True,True,3.2562803728588907,5.5706826987161975,4.605075866186363,17.7884628961519,19.063859617464605,16.47611640690906,16.47611640690906
3,143,9.582991145998529,12.839271518857421,8.425789983069876,13.996472681786074,8.908593399334793,13.513669265521157,False,True,True,3.2562803728588925,5.5706826987161975,4.605075866186365,13.121788940703038,12.444573026067463,11.211131332427975,11.211131332427975
3,144,8.815803012631525,12.072083385490417,7.658601849702873,13.22928454841907,8.141405265967789,12.746481132154154,True,True,True,3.2562803728588925,5.570682698716197,4.605075866186365,10.616119023592104,12.04275448794198,10.443943199060971,10.443943199060971
3,145,9.331083009774375,12.587363382633267,8.173881846845724,13.744564545561918,8.656685263110639,13.261761129297003,True,True,True,3.2562803728588925,5.570682698716194,4.605075866186365,10.521486676872879,11.442161132455254,10.959223196203821,10.959223196203821
3,146,10.55341201317577,13.809692386034662,9.396210850247119,14.966893548963313,9.879014266512034,14.484090132698398,True,True,True,3.2562803728588925,5.570682698716194,4.605075866186365,11.841705741592797,12.843443587367371,12.181552199605216,12.181552199605216
3,147,3.6810266848946167,6.937307057753509,2.523825521965965,8.094508220682162,3.0066289382308806,7.611704804417245,True,True,True,3.2562803728588925,5.570682698716197,4.605075866186365,4.55404386344137,3.614182876899415,5.309166871324063,5.309166871324063
3,148,4.155829025197434,7.412109398056327,2.9986278622687825,8.569310560984977,3.481431278533698,8.086507144720063,True,True,True,3.2562803728588925,5.570682698716195,4.605075866186365,6.126431426147363,5.592316602218416,5.78396921162688,5.78396921162688
3,149,6.512313085085356,9.768593457944249,5.355111922156705,10.9257946208729,5.83791533842162,10.442991204607985,False,True,True,3.2562803728588925,5.570682698716195,4.605075866186365,6.226334317968426,6.212990100904609,8.140453271514803,8.140453271514803
3,150,4.577190000478023,7.833470373336915,3.419988837549371,8.990671536265566,3.9027922538142867,8.507868120000651,True,True,True,3.2562803728588925,5.570682698716195,4.605075866186365,5.707325783566743,7.290291337489902,6.205330186907469,6.205330186907469
3,151,8.534018237728654,11.790298610587547,7.376817074800003,12.9474997735162,7.859620491064918,12.464696357251283,True,True,True,3.2562803728588925,5.570682698716197,4.605075866186365,9.827056198030977,10.992666958807217,10.1621584241581,10.1621584241581
3,152,10.249282394264752,13.505562767123644,9.092081231336099,14.662763930052297,9.574884647601015,14.17996051378738,True,True,True,3.2562803728588925,5.5706826987161975,4.605075866186365,12.714547127985561,12.427747174124887,11.877422580694198,11.877422580694198
3,153,7.921555394487642,11.177835767346535,6.764354231558991,12.335036930275187,7.247157647823906,11.85223351401027,True,True,True,3.2562803728588925,5.570682698716197,4.605075866186365,9.4814230421266,9.398741301300694,9.549695580917088,9.549695580917088
3,154,3.8496361924333975,7.10591656529229,2.692435029504746,8.26311772822094,3.1752384457696614,7.780314311956026,True,True,True,3.2562803728588925,5.570682698716195,4.605075866186365,4.975490472981149,5.256282407065353,5.477776378862844,5.477776378862844
3,155,5.36175668502292,8.618037057881812,4.204555522094268,9.775238220810465,4.687358938359184,9.292434804545548,True,True,True,3.2562803728588925,5.570682698716197,4.605075866186365,6.817061027290159,6.8744654584362355,6.989896871452366,6.989896871452366
3,156,3.2405124531151097,6.496792825974002,2.083311290186458,7.653993988902654,2.5661147064513736,7.171190572637738,True,True,True,3.2562803728588925,5.570682698716196,4.605075866186365,5.198945237886335,5.07927650935251,4.868652639544556,4.868652639544556
3,157,12.278826182109709,15.535106554968602,11.121625019181057,16.692307717897254,11.604428435445973,16.209504301632336,True,True,True,3.2562803728588925,5.5706826987161975,4.605075866186363,15.01922365867653,15.912208084105743,13.906966368539155,13.906966368539155
3,158,8.779784198009981,12.036064570868874,7.6225830350813295,13.193265733797524,8.105386451346245,12.71046231753261,True,True,True,3.2562803728588925,5.570682698716195,4.605075866186365,10.824398139221035,9.220440697953853,10.407924384439427,10.407924384439427
3,159,7.982708223752393,11.238988596611286,6.825507060823742,12.396189759539936,7.308310477088657,11.913386343275022,True,True,True,3.2562803728588925,5.570682698716195,4.605075866186365,9.686097721665345,9.828051947253375,9.61084841018184,9.61084841018184
3,160,11.561113707464093,14.817394080322986,10.40391254453544,15.974595243251638,10.886715960800357,15.491791826986722,True,True,True,3.2562803728588925,5.5706826987161975,4.605075866186365,12.157434146556664,12.85544051034022,13.18925389389354,13.18925389389354
3,161,9.521378506827414,12.777658879686307,8.364177343898763,13.934860042614957,8.846980760163678,13.452056626350043,True,True,True,3.2562803728588925,5.570682698716194,4.605075866186365,10.251385052022036,10.536777328411967,11.14951869325686,11.14951869325686
3,162,3.6746750955137433,6.930955468372636,2.5174739325850917,8.088156631301288,3.000277348850007,7.605353215036372,True,True,True,3.2562803728588925,5.570682698716197,4.605075866186365,5.6262604969330265,5.260116061224748,5.3028152819431895,5.3028152819431895
3,163,8.36549262824739,11.621773001106282,7.208291465318738,12.778974164034935,7.691094881583654,12.296170747770018,True,True,True,3.2562803728588925,5.570682698716197,4.605075866186365,9.056022761942815,10.326443091716378,9.993632814676836,9.993632814676836
3,164,2.559966133369077,5.816246506227969,1.4027649704404253,6.973447669156621,1.8855683867053408,6.490644252891705,True,True,True,3.2562803728588925,5.570682698716196,4.605075866186365,4.086574057848841,5.8680861020474016,4.188106319798523,4.188106319798523
3,165,6.642453828984626,9.898734201843519,5.485252666055975,11.055935364772171,5.96805608232089,10.573131948507255,False,True,True,3.2562803728588925,5.570682698716197,4.605075866186365,6.12857634694136,6.048238905185542,8.270594015414073,8.270594015414073
3,166,6.124524469661139,9.380804842520032,4.967323306732488,10.538006005448683,5.450126722997403,10.055202589183768,True,True,True,3.2562803728588925,5.570682698716195,4.605075866186365,8.443440184627057,7.398334142462359,7.752664656090586,7.752664656090586
3,167,3.482614172949922,6.738894545808814,2.32541301002127,7.896095708737466,2.8082164262861857,7.41329229247255,True,False,True,3.2562803728588925,5.570682698716196,4.605075866186365,5.1837299994203985,7.9427940575680145,5.110754359379368,5.110754359379368
3,168,10.475971426185293,13.732251799044185,9.318770263256642,14.889452961972836,9.801573679521557,14.406649545707921,True,True,True,3.2562803728588925,5.570682698716194,4.605075866186365,11.578058406733412,11.309309707846436,12.104111612614739,12.104111612614739
3,169,9.29221677515359,12.548497148012482,8.135015612224937,13.705698310941134,8.617819028489853,13.222894894676218,True,False,True,3.2562803728588925,5.5706826987161975,4.605075866186365,12.170510225538646,13.821311631474233,10.920356961583035,10.920356961583035
3,170,6.854535205512537,10.11081557837143,5.697334042583885,11.26801674130008,6.180137458848801,10.785213325035166,True,True,True,3.2562803728588925,5.570682698716195,4.605075866186365,8.4212546197571,6.640203375162337,8.482675391941983,8.482675391941983
3,171,8.213075307417887,11.469355680276779,7.055874144489235,12.626556843205432,7.5386775607541505,12.143753426940515,True,True,True,3.2562803728588925,5.570682698716197,4.605075866186365,9.728870789331102,9.310093788400934,9.841215493847333,9.841215493847333
3,172,6.95892465868317,10.215205031542062,5.801723495754518,11.372406194470713,6.284526912019434,10.889602778205798,True,True,True,3.2562803728588925,5.570682698716195,4.605075866186365,8.19133224493581,8.232587040281969,8.587064845112616,8.587064845112616
3,173,7.371697737395035,10.627978110253927,6.214496574466383,11.785179273182578,6.697299990731299,11.302375856917664,True,True,True,3.2562803728588925,5.570682698716195,4.605075866186365,9.187727626583928,9.970371422934337,8.999837923824481,8.999837923824481
3,174,10.39403299967602,13.650313372534912,9.236831836747367,14.807514535463564,9.719635253012283,14.324711119198648,True,True,True,3.2562803728588925,5.5706826987161975,4.605075866186365,11.385316750101008,11.255153357021893,12.022173186105466,12.022173186105466
3,175,5.492200847557554,8.748481220416448,4.334999684628903,9.905682383345098,4.817803100893818,9.422878967080184,True,True,True,3.2562803728588934,5.570682698716196,4.6050758661863656,6.474387914039953,6.2287502471396285,7.120341033987001,7.120341033987001
3,176,4.391220170005761,7.647500542864654,3.2340190070771095,8.804701705793306,3.716822423342025,8.32189828952839,True,True,True,3.2562803728588925,5.570682698716197,4.605075866186365,5.48942208957425,6.129120267193886,6.019360356435207,6.019360356435207
3,177,6.566512293031103,9.822792665889995,5.409311130102451,10.979993828818646,5.892114546367367,10.497190412553731,True,True,True,3.2562803728588925,5.570682698716195,4.605075866186365,8.425230944642713,7.93907068737109,8.194652479460549,8.194652479460549
3,178,9.406841285079627,12.66312165793852,8.249640122150975,13.820322820867172,8.732443538415891,13.337519404602256,True,True,True,3.2562803728588925,5.5706826987161975,4.605075866186365,11.937446979525848,11.542575785646907,11.034981471509074,11.034981471509074
3,179,5.766046093560895,9.022326466419788,4.608844930632244,10.179527629348438,5.091648346897159,9.696724213083524,True,True,True,3.2562803728588925,5.570682698716195,4.605075866186365,7.861203450400454,7.566685909772353,7.3941862799903415,7.3941862799903415
3,180,0.11703405168811587,3.3733144245470084,-1.0401671112405357,4.53051558747566,-0.5573636949756202,4.047712171210744,True,True,True,3.2562803728588925,5.570682698716196,4.605075866186365,2.0900365995905683,2.22503601037474,1.7451742381175621,1.7451742381175621
3,181,14.732922370879335,17.989202743738225,13.575721207950682,19.14640390666688,14.058524624215599,18.66360049040196,True,True,True,3.2562803728588907,5.5706826987161975,4.605075866186363,16.091312478943326,14.932105674027476,16.36106255730878,16.36106255730878
3,182,8.076637175018753,11.332917547877646,6.9194360120901015,12.490118710806296,7.402239428355017,12.007315294541382,True,True,True,3.2562803728588925,5.570682698716195,4.605075866186365,10.056583377371213,11.913297568627158,9.7047773614482,9.7047773614482
3,183,0.7083396063145972,3.9646199791734897,-0.44886155661405436,5.121821142102141,0.03394185965086116,4.639017725837226,True,True,True,3.2562803728588925,5.570682698716196,4.605075866186365,1.4234463837643094,2.8184212662491923,2.3364797927440435,2.3364797927440435
3,184,7.373244894444934,10.629525267303826,6.216043731516282,11.786726430232477,6.698847147781198,11.303923013967562,True,True,True,3.2562803728588925,5.570682698716195,4.605075866186365,8.16289690795545,10.348129305342942,9.00138508087438,9.00138508087438
3,185,1.8452128983607996,5.101493271219692,0.688011735432148,6.258694434148344,1.1708151516970635,5.775891017883428,True,True,True,3.256280372858892,5.570682698716196,4.605075866186365,3.287840741222089,3.844518735088516,3.473353084790246,3.473353084790246
3,186,6.3657557819309964,9.622036154789889,5.208554619002345,10.77923731771854,5.69135803526726,10.296433901453625,True,True,True,3.2562803728588925,5.570682698716195,4.605075866186365,7.3509913423468785,7.625180130332645,7.993895968360443,7.993895968360443
3,187,8.587022374787013,11.843302747645906,7.4298212118583615,13.000503910574558,7.912624628123277,12.517700494309642,True,True,True,3.2562803728588925,5.570682698716197,4.605075866186365,10.485589612364297,9.641834461179771,10.21516256121646,10.21516256121646
3,188,2.5623031512811965,5.818583524140089,1.4051019883525449,6.9757846870687406,1.8879054046174604,6.492981270803825,True,True,True,3.2562803728588925,5.570682698716196,4.605075866186365,4.433410797787671,6.456817696522697,4.190443337710643,4.190443337710643
3,189,2.488843202426817,5.745123575285709,1.3316420394981652,6.902324738214361,1.8144454557630807,6.419521321949445,True,True,True,3.2562803728588925,5.570682698716196,4.605075866186365,2.5804774992502626,1.8854178132494814,4.116983388856263,4.116983388856263
3,190,14.937596689944437,18.19387706280333,13.780395527015784,19.35107822573198,14.2631989432807,18.868274809467067,True,True,True,3.2562803728588943,5.5706826987161975,4.605075866186366,15.624801095989895,14.972563028036022,16.565736876373883,16.565736876373883
3,191,2.952780984802221,6.209061357661113,1.7955798218735692,7.366262520589765,2.2783832381384848,6.883459104324849,True,True,True,3.2562803728588925,5.570682698716196,4.605075866186365,4.461687767461121,5.099217911725992,4.580921171231667,4.580921171231667
3,192,10.226098581074957,13.48237895393385,9.068897418146307,14.6395801168625,9.551700834411221,14.156776700597586,True,True,True,3.2562803728588925,5.570682698716194,4.605075866186365,12.362533149867252,12.402175598623787,11.854238767504404,11.854238767504404
3,193,9.767770576138444,13.024050948997337,8.610569413209792,14.18125211192599,9.093372829474708,13.698448695661073,True,True,True,3.2562803728588925,5.5706826987161975,4.605075866186365,12.21715116097255,12.443759511155392,11.39591076256789,11.39591076256789
3,194,1.219352576921346,4.4756329497802385,0.062151413992694415,5.63283411270889,0.5449548302576099,5.150030696443975,True,True,True,3.2562803728588925,5.570682698716196,4.605075866186365,2.2070149348917325,1.750600095805759,2.8474927633507923,2.8474927633507923
3,195,2.1656053180969885,5.421885690955881,1.008404155168337,6.579086853884533,1.4912075714332524,6.096283437619617,True,True,True,3.256280372858892,5.570682698716196,4.605075866186365,3.0032857633663532,2.1994579699698438,3.7937455045264348,3.7937455045264348
3,196,7.938455350685651,11.194735723544543,6.781254187756999,12.351936886473194,7.2640576040219145,11.86913347020828,True,True,True,3.2562803728588925,5.570682698716195,4.605075866186365,8.977474372861108,8.928306106943827,9.566595537115097,9.566595537115097
3,197,8.567060035545502,11.823340408404395,7.409858872616851,12.980541571333045,7.892662288881766,12.49773815506813,True,True,True,3.2562803728588925,5.570682698716195,4.605075866186365,10.6234410958096,12.031758328922532,10.195200221974948,10.195200221974948
3,198,5.913635892403962,9.169916265262854,4.75643472947531,10.327117428191507,5.2392381457402255,9.84431401192659,True,True,True,3.2562803728588925,5.570682698716197,4.605075866186365,7.56258458705498,6.780040427886664,7.541776078833408,7.541776078833408
3,199,5.396341034534467,8.65262140739336,4.239139871605816,9.809822570322012,4.721943287870731,9.327019154057096,True,True,True,3.2562803728588925,5.570682698716197,4.605075866186365,7.089346511316956,7.962572757671612,7.024481220963914,7.024481220963914
4,0,9.290971397580801,13.342849708769336,7.851034488942883,14.782786617407254,8.451799922790958,14.18202118355918,True,True,True,4.051878311188535,6.931752128464371,5.7302212607682215,10.96418195153771,12.03951323812108,11.316910553175068,11.316910553175068
4,1,4.876942474267219,8.928820785455756,3.437005565629302,10.368757694093672,4.037770999477376,9.767992260245599,True,True,True,4.051878311188537,6.931752128464369,5.730221260768223,7.1568780569792265,5.163395152043028,6.902881629861487,6.902881629861487
4,2,4.7710925256412535,8.82297083682979,3.3311556170033367,10.262907745467707,3.9319210508514106,9.662142311619633,True,True,True,4.051878311188536,6.931752128464371,5.7302212607682215,7.176988455219997,6.666930609864721,6.797031681235522,6.797031681235522
4,3,10.277768141775372,14.32964645296391,8.837831233137456,15.769583361601827,9.43859666698553,15.168817927753752,True,True,True,4.051878311188538,6.931752128464371,5.7302212607682215,12.410415774342242,11.323613264443017,12.303707297369641,12.303707297369641
4,4,11.181528547566849,15.233406858755384,9.74159163892893,16.673343767393302,10.342357072777006,16.072578333545227,True,True,True,4.051878311188535,6.931752128464371,5.7302212607682215,13.649183735664101,13.231608868823521,13.207467703161116,13.207467703161116
4,5,4.2829108997097265,8.334789210898263,2.8429739910718097,9.77472611953618,3.4437394249198836,9.173960685688106,True,True,True,4.051878311188537,6.931752128464369,5.730221260768223,5.657501228855655,5.7151137955715265,6.308850055303995,6.308850055303995
4,6,6.826568285629045,10.878446596817582,5.386631376991128,12.318383505455499,5.987396810839202,11.717618071607424,True,True,True,4.0518783111885375,6.931752128464371,5.7302212607682215,9.153997773743308,8.542899015647327,8.852507441223313,8.852507441223313
4,7,4.4569184899388885,8.508796801127424,3.0169815813009717,9.948733709765342,3.6177470151490456,9.347968275917268,True,True,True,4.051878311188536,6.931752128464371,5.7302212607682215,6.778329775033151,8.177566578493787,6.482857645533157,6.482857645533157
4,8,4.653564122488525,8.705442433677062,3.2136272138506086,10.145379342314978,3.8143926476986825,9.544613908466905,True,True,True,4.051878311188537,6.931752128464369,5.730221260768223,7.340157464998895,8.301197528844382,6.679503278082794,6.679503278082794
4,9,2.707036803626025,6.758915114814561,1.267099894988108,8.198852023452478,1.867865328836182,7.598086589604405,True,True,True,4.051878311188537,6.931752128464369,5.730221260768223,4.801962344360751,4.8792172089623715,4.732975959220293,4.732975959220293
4,10,2.66891478565653,6.720793096845067,1.2289778770186133,8.160730005482984,1.8297433108666872,7.559964571634909,True,True,True,4.051878311188537,6.931752128464371,5.7302212607682215,4.3011463115419755,5.243350790157258,4.694853941250798,4.694853941250798
4,11,3.814123426434203,7.86600173762274,2.374186517796286,9.305938646260657,2.97495195164436,8.705173212412582,False,True,True,4.051878311188537,6.931752128464371,5.7302212607682215,3.770871925789063,4.081078786533757,5.840062582028471,5.840062582028471
4,12,6.743587051050317,10.795465362238854,5.303650142412399,12.23540227087677,5.904415576260474,11.634636837028696,True,True,True,4.0518783111885375,6.931752128464371,5.7302212607682215,8.290049711878602,9.183769149377603,8.769526206644585,8.769526206644585
4,13,7.416519692331753,11.468398003520289,5.976582783693836,12.908334912158207,6.5773482175419105,12.307569478310132,True,True,True,4.051878311188536,6.931752128464371,5.7302212607682215,9.932455595219457,9.150960794054992,9.442458847926021,9.442458847926021
4,14,8.775116248804675,12.826994559993214,7.335179340166759,14.26693146863113,7.935944774014834,13.666166034783055,True,True,True,4.051878311188538,6.931752128464371,5.7302212607682215,11.851560829533806,12.248415329593048,10.801055404398944,10.801055404398944
4,15,11.131787750133391,15.183666061321926,9.691850841495473,16.623602969959844,10.292616275343548,16.02283753611177,True,True,True,4.051878311188535,6.931752128464371,5.7302212607682215,13.360943667125277,13.022502006088848,13.157726905727658,13.157726905727658
4,16,9.613432978956435,13.66531129014497,8.173496070318517,15.105248198782888,8.774261504166592,14.504482764934814,True,True,True,4.051878311188535,6.931752128464371,5.7302212607682215,12.122745283482455,11.743964794772618,11.639372134550703,11.639372134550703
4,17,5.084884729341782,9.136763040530319,3.6449478207038655,10.576699949168235,4.245713254551939,9.975934515320162,True,True,True,4.051878311188537,6.931752128464369,5.730221260768223,6.9262268252725985,7.687068532384828,7.1108238849360506,7.1108238849360506
4,18,12.264784419767608,16.316662730956143,10.82484751112969,17.75659963959406,11.425612944977765,17.155834205745986,True,True,True,4.051878311188535,6.931752128464371,5.7302212607682215,14.0308957750858,13.99924293258801,14.290723575361875,14.290723575361875
4,19,8.156097129470115,12.20797544065865,6.716160220832197,13.647912349296568,7.316925654680272,13.047146915448494,True,True,True,4.051878311188535,6.931752128464371,5.7302212607682215,9.874910948524658,10.382920336759218,10.182036285064383,10.182036285064383
4,20,3.838799650496383,7.890677961684919,2.398862741858466,9.330614870322837,2.99962817570654,8.729849436474762,True,True,True,4.051878311188537,6.931752128464371,5.7302212607682215,5.923800349661498,5.137401096643845,5.864738806090651,5.864738806090651
4,21,10.883578701370858,14.935457012559393,9.44364179273294,16.37539392119731,10.044407226581015,15.774628487349236,True,True,True,4.051878311188535,6.931752128464371,5.7302212607682215,13.347531781034547,15.227533885374264,12.909517856965126,12.909517856965126
4,22,5.1774769593328145,9.229355270521351,3.7375400506948977,10.669292179159267,4.338305484542971,10.068526745311194,True,True,True,4.051878311188537,6.931752128464369,5.730221260768223,6.702988834764924,5.855021423493057,7.203416114927083,7.203416114927083
4,23,9.079502739407307,13.131381050595841,7.6395658307693886,14.57131795923376,8.240331264617463,13.970552525385685,True,True,True,4.051878311188535,6.931752128464371,5.7302212607682215,12.266856622175595,11.294214320636089,11.105441895001574,11.105441895001574
4,24,11.70991496723325,15.761793278421788,10.269978058595333,17.201730187059702,10.870743492443408,16.60096475321163,True,False,True,4.051878311188538,6.931752128464369,5.730221260768223,11.9165632759637,9.941273097136854,13.735854122827519,13.735854122827519
4,25,0.42342486904150745,4.4753031802300445,-1.0165120395964093,5.915240088867961,-0.41574660574833544,5.314474655019887,True,True,True,4.051878311188537,6.93175212846437,5.730221260768222,2.557999326492831,2.5353526241691284,2.4493640246357757,2.4493640246357757
4,26,2.5780989521049698,6.629977263293506,1.138162043467053,8.069914171931423,1.7389274773151269,7.46914873808335,True,True,True,4.051878311188537,6.931752128464369,5.730221260768223,4.160499909046118,3.6626129979576127,4.604038107699238,4.604038107699238
4,27,5.089567745982144,9.14144605717068,3.6496308373442274,10.581382965808597,4.250396271192301,9.980617531960524,True,True,True,4.051878311188537,6.931752128464369,5.730221260768223,6.621231445401863,7.703927044252284,7.1155069015764125,7.1155069015764125
4,28,6.688127916321313,10.740006227509848,5.2481910076833955,12.179943136147767,5.84895644153147,11.579177702299692,True,True,True,4.051878311188536,6.931752128464371,5.7302212607682215,8.955572812702849,9.05037409830889,8.714067071915581,8.714067071915581
4,29,15.016116345001866,19.067994656190404,13.57617943636395,20.50793156482832,14.176944870212024,19.907166130980247,True,True,True,4.051878311188538,6.931752128464369,5.730221260768223,16.315190788872023,16.397289665299226,17.042055500596135,17.042055500596135
4,30,6.345070052253258,10.396948363441794,4.905133143615341,11.836885272079712,5.505898577463416,11.236119838231637,True,True,True,4.051878311188536,6.931752128464371,5.7302212607682215,9.290271996768874,11.237172090590157,8.371009207847527,8.371009207847527
4,31,9.765674483635827,13.817552794824362,8.325737574997909,15.25748970346228,8.926503008845984,14.656724269614205,True,True,True,4.051878311188535,6.931752128464371,5.7302212607682215,10.69100495515018,9.789047287827882,11.791613639230095,11.791613639230095
4,32,3.4348410696560796,7.486719380844616,1.9949041610181628,8.926656289482533,2.5956695948662367,8.325890855634459,True,True,True,4.051878311188537,6.931752128464371,5.7302212607682215,5.187132315633776,6.592074227578415,5.460780225250348,5.460780225250348
4,33,7.725957708546775,11.777836019735311,6.286020799908858,13.217772928373229,6.886786233756933,12.617007494525154,True,True,True,4.051878311188536,6.931752128464371,5.7302212607682215,9.316974284230747,6.861403833639212,9.751896864141044,9.751896864141044
4,34,9.663503330282175,13.715381641470714,8.223566421644259,15.15531855010863,8.824331855492334,14.554553116260555,True,True,True,4.051878311188538,6.931752128464371,5.7302212607682215,10.243937938078972,9.557586471798249,11.689442485876445,11.689442485876445
4,35,5.758296554425892,9.810174865614428,4.318359645787975,11.250111774252346,4.91912507963605,10.649346340404271,True,True,True,4.051878311188536,6.931752128464371,5.7302212607682215,8.041181244139501,7.382134411605738,7.784235710020161,7.784235710020161
4,36,7.554164006587114,11.60604231777565,6.114227097949197,13.045979226413568,6.714992531797272,12.445213792565493,True,True,True,4.051878311188536,6.931752128464371,5.7302212607682215,8.002992624472137,7.857018773140485,9.580103162181382,9.580103162181382
4,37,8.886646816614526,12.938525127803064,7.44670990797661,14.37846203644098,8.047475341824684,13.777696602592906,True,True,True,4.051878311188538,6.931752128464371,5.7302212607682215,10.069827205809911,9.517875454886255,10.912585972208795,10.912585972208795
4,38,2.2571903741435335,6.30906868533207,0.8172534655056167,7.7490055939699864,1.4180188993536906,7.148240160121913,True,True,True,4.051878311188537,6.931752128464369,5.730221260768223,3.7645257075001384,4.969933378055742,4.283129529737802,4.283129529737802
4,39,12.794199945592233,16.846078256780768,11.354263036954315,18.286015165418686,11.95502847080239,17.68524973157061,True,True,True,4.051878311188535,6.931752128464371,5.7302212607682215,14.508658237186907,14.535954507498813,14.8201391011865,14.8201391011865
4,40,3.3234217238654464,7.375300035053983,1.8834848152275296,8.8152369436919,2.4842502490756035,8.214471509843825,True,True,True,4.051878311188537,6.931752128464371,5.7302212607682215,5.23986720624688,4.790578605322562,5.349360879459715,5.349360879459715
4,41,2.216312815101724,6.268191126290261,0.7763759064638074,7.708128034928178,1.3771413403118813,7.107362601080103,True,True,True,4.051878311188537,6.931752128464371,5.7302212607682215,3.369166408562302,5.829254460259859,4.2422519706959925,4.2422519706959925
4,42,5.549012165662066,9.600890476850601,4.109075257024148,11.04082738548852,4.709840690872223,10.440061951640445,True,True,True,4.051878311188536,6.931752128464371,5.7302212607682215,7.1399714501891935,9.79331778580509,7.574951321256334,7.574951321256334
4,43,-0.07311631380898276,3.9787619973795536,-1.5130532224468995,5.418698906017471,-0.9122877885988256,4.817933472169397,True,True,True,4.051878311188537,6.93175212846437,5.730221260768222,1.2909928270398627,1.9130586132997018,1.9528228417852855,1.9528228417852855
4,44,2.5297783872396282,6.581656698428165,1.0898414786017114,8.021593607066082,1.6906069124497853,7.420828173218007,True,True,True,4.051878311188537,6.931752128464371,5.7302212607682215,3.689542113760633,4.1679715700488345,4.5557175428338965,4.5557175428338965
4,45,3.5085912588855486,7.560469570074085,2.068654350247632,9.000406478712002,2.6694197840957057,8.399641044863928,True,True,True,4.051878311188537,6.931752128464369,5.730221260768223,5.483596670834281,7.288174091976581,5.534530414479817,5.534530414479817
4,46,4.653783637119913,8.70566194830845,3.2138467284819963,10.145598856946366,3.81461216233007,9.544833423098293,True,True,True,4.051878311188537,6.931752128464369,5.730221260768223,6.5086901905705865,6.8875106845633525,6.679722792714181,6.679722792714181
4,47,7.5974636971497285,11.649342008338266,6.157526788511811,13.089278916976182,6.758292222359886,12.488513483128107,True,True,True,4.0518783111885375,6.931752128464371,5.7302212607682215,10.436509625701445,8.980715819211229,9.623402852743997,9.623402852743997
4,48,11.222663753705902,15.274542064894437,9.782726845067984,16.714478973532355,10.383492278916059,16.11371353968428,True,True,True,4.051878311188535,6.931752128464371,5.7302212607682215,13.710725268293189,12.735086656090521,13.24860290930017,13.24860290930017
4,49,8.171446444329021,12.223324755517556,6.731509535691103,13.663261664155474,7.332274969539178,13.0624962303074,True,True,True,4.051878311188535,6.931752128464371,5.7302212607682215,10.389854214179596,9.756802465958636,10.197385599923289,10.197385599923289
4,50,10.291078285988839,14.342956597177377,8.851141377350922,15.782893505815293,9.451906811198997,15.182128071967218,True,True,True,4.051878311188538,6.931752128464371,5.7302212607682215,12.9338020766692,13.793016482225354,12.317017441583108,12.317017441583108
4,51,6.363540817609368,10.415419128797904,4.923603908971451,11.855356037435822,5.524369342819526,11.254590603587747,True,True,True,4.051878311188536,6.931752128464371,5.7302212607682215,7.851939710832262,9.242548187051886,8.389479973203636,8.389479973203636
4,52,13.371055310823436,17.42293362201197,11.931118402185518,18.86287053064989,12.531883836033593,18.262105096801815,True,True,True,4.051878311188535,6.931752128464371,5.7302212607682215,14.822285401118013,14.061220930094516,15.396994466417704,15.396994466417704
4,53,5.657631399269321,9.709509710457858,4.217694490631404,11.149446619095775,4.818459924479479,10.5486811852477,True,True,True,4.0518783111885375,6.931752128464371,5.7302212607682215,7.291134325647518,6.576961314671699,7.683570554863589,7.683570554863589
4,54,8.229665096540199,12.281543407728734,6.789728187902281,13.721480316366652,7.390493621750355,13.120714882518577,True,True,True,4.051878311188535,6.931752128464371,5.7302212607682215,10.061139210274941,11.78623377386225,10.255604252134466,10.255604252134466
4,55,5.317845682432671,9.369723993621207,3.8779087737947546,10.809660902259125,4.478674207642829,10.20889546841105,True,True,True,4.051878311188536,6.931752128464371,5.7302212607682215,7.570414820227136,8.278983309697574,7.34378483802694,7.34378483802694
4,56,6.225122303679231,10.277000614867767,4.785185395041314,11.716937523505685,5.3859508288893885,11.11617208965761,True,True,True,4.051878311188536,6.931752128464371,5.7302212607682215,7.188722694558397,6.118283625972855,8.2510614592735,8.2510614592735
4,57,0.538109644506513,4.589987955695049,-0.9018272641314038,6.029924864332966,-0.3010618302833299,5.4291594304848925,True,True,True,4.051878311188537,6.93175212846437,5.730221260768222,2.174309100541678,1.4640176855826035,2.5640488001007813,2.5640488001007813
4,58,10.157650687371042,14.209528998559577,8.717713778733124,15.649465907197495,9.318479212581199,15.04870047334942,True,True,True,4.051878311188535,6.931752128464371,5.7302212607682215,12.750993531667202,11.784294043024117,12.18358984296531,12.18358984296531
4,59,8.669701001778911,12.72157931296745,7.229764093140995,14.161516221605366,7.83052952698907,13.560750787757291,True,True,True,4.051878311188538,6.931752128464371,5.7302212607682215,11.945450992732646,11.79162567177402,10.69564015737318,10.69564015737318
4,60,9.17095661878059,13.222834929969125,7.731019710142672,14.662771838607043,8.331785143990746,14.062006404758968,True,True,True,4.051878311188535,6.931752128464371,5.7302212607682215,11.764095918758064,10.692908731862282,11.196895774374857,11.196895774374857
4,61,8.02687936168493,12.078757672873465,6.586942453047012,13.518694581511383,7.187707886895087,12.917929147663308,True,True,True,4.051878311188535,6.931752128464371,5.7302212607682215,9.925154935494968,10.012147602462663,10.052818517279198,10.052818517279198
4,62,6.879125154237946,10.931003465426482,5.439188245600029,12.3709403740644,6.039953679448104,11.770174940216325,True,True,True,4.051878311188536,6.931752128464371,5.7302212607682215,8.84875796613361,11.554993979138464,8.905064309832214,8.905064309832214
4,63,1.5068019173143608,5.558680228502897,0.06686500867644396,6.998617137140814,0.6676304425245179,6.397851703292741,True,True,True,4.051878311188537,6.931752128464369,5.730221260768223,3.8848138532849297,5.448171381210843,3.532741072908629,3.532741072908629
4,64,0.5937076769942515,4.645585988182788,-0.8462292316436653,6.085522896820705,-0.24546379779559135,5.484757462972631,True,True,True,4.051878311188537,6.93175212846437,5.730221260768222,3.2967002682997033,3.5398749093979154,2.61964683258852,2.61964683258852
4,65,7.556606554351103,11.60848486553964,6.116669645713186,13.048421774177557,6.717435079561261,12.447656340329482,True,True,True,4.0518783111885375,6.931752128464371,5.7302212607682215,10.403023316947788,10.207768644891038,9.582545709945371,9.582545709945371
4,66,6.045567717252994,10.097446028441531,4.605630808615077,11.537382937079448,5.206396242463152,10.936617503231373,True,True,True,4.0518783111885375,6.931752128464371,5.7302212607682215,8.005200254365551,6.988731625203085,8.071506872847262,8.071506872847262
4,67,8.40022877973152,12.452107090920059,6.960291871093604,13.892043999557975,7.561057304941679,13.2912785657099,True,True,True,4.051878311188538,6.931752128464371,5.7302212607682215,9.975478701234774,9.6822780077352,10.42616793532579,10.42616793532579
4,68,11.192831451840757,15.244709763029295,9.75289454320284,16.68464667166721,10.353659977050915,16.08388123781914,True,True,True,4.051878311188538,6.931752128464369,5.730221260768223,12.903670945045846,14.544646693725245,13.218770607435026,13.218770607435026
4,69,5.300218964052725,9.352097275241261,3.860282055414808,10.792034183879178,4.4610474892628815,10.191268750031105,True,True,True,4.051878311188537,6.931752128464369,5.730221260768223,6.308668708461215,6.628654627953572,7.326158119646993,7.326158119646993
4,70,3.1423638379596674,7.194242149148204,1.7024269293217507,8.63417905778612,2.3031923631698246,8.033413623938047,True,True,True,4.051878311188537,6.931752128464369,5.730221260768223,4.399409837977702,3.180566587676827,5.168302993553936,5.168302993553936
4,71,9.473663911615255,13.525542222803793,8.033727002977338,14.96547913144171,8.634492436825413,14.364713697593634,True,True,True,4.051878311188538,6.931752128464371,5.7302212607682215,11.221595098491886,10.604187711218705,11.499603067209524,11.499603067209524
4,72,1.2981576572081925,5.350035968396729,-0.14177925142972425,6.789972877034646,0.45898618241834965,6.189207443186572,True,True,True,4.051878311188537,6.931752128464371,5.7302212607682215,3.195674938273171,2.3031875683466625,3.324096812802461,3.324096812802461
4,73,10.114228092413164,14.166106403601702,8.674291183775248,15.606043312239619,9.275056617623322,15.005277878391544,True,True,True,4.051878311188538,6.931752128464371,5.7302212607682215,13.17874005169109,12.41486403288999,12.140167248007433,12.140167248007433
4,74,7.579829025362412,11.63170733655095,6.139892116724495,13.071644245188866,6.740657550572569,12.470878811340791,True,True,True,4.0518783111885375,6.931752128464371,5.7302212607682215,9.41880140946006,10.329774606370506,9.60576818095668,9.60576818095668
4,75,6.447003885438812,10.49888219662735,5.007066976800894,11.938819105265265,5.607832410648969,11.33805367141719,True,True,True,4.0518783111885375,6.931752128464371,5.7302212607682215,7.673600132032772,8.315073998623863,8.47294304103308,8.47294304103308
4,76,10.213611876336262,14.265490187524797,8.773674967698344,15.705427096162715,9.374440401546419,15.10466166231464,True,True,True,4.051878311188535,6.931752128464371,5.7302212607682215,12.666598417534487,12.282373353122175,12.23955103193053,12.23955103193053
4,77,8.156011601846245,12.207889913034784,6.716074693208329,13.6478268216727,7.316840127056404,13.047061387824625,True,True,True,4.051878311188538,6.931752128464371,5.7302212607682215,11.15081057246676,12.245632929241323,10.181950757440514,10.181950757440514
4,78,7.665054669474402,11.71693298066294,6.2251177608364845,13.156869889300856,6.825883194684559,12.55610445545278,True,True,True,4.0518783111885375,6.931752128464371,5.7302212607682215,10.032571525305011,10.377691099352685,9.69099382506867,9.69099382506867
4,79,8.86002635219592,12.911904663384458,7.420089443558004,14.351841572022375,8.020854877406078,13.7510761381743,True,True,True,4.051878311188538,6.931752128464371,5.7302212607682215,10.816859261327973,12.350596142280745,10.88596550779019,10.88596550779019
4,80,7.106513084109863,11.158391395298398,5.6665761754719455,12.598328303936317,6.26734160932002,11.997562870088242,True,True,True,4.051878311188536,6.931752128464371,5.7302212607682215,8.356074010600894,8.676221341977408,9.132452239704131,9.132452239704131
4,81,1.2440505367526975,5.295928847941234,-0.1958863718852193,6.735865756579151,0.4048790619628546,6.135100322731077,True,True,True,4.051878311188537,6.93175212846437,5.730221260768222,4.300869937068761,4.108891097405888,3.269989692346966,3.269989692346966
4,82,3.116116120986997,7.167994432175534,1.6761792123490804,8.607931340813451,2.2769446461971543,8.007165906965376,True,True,True,4.051878311188537,6.931752128464371,5.7302212607682215,4.445770062977001,5.107375675182851,5.1420552765812655,5.1420552765812655
4,83,9.297514452799831,13.349392763988366,7.857577544161913,14.789329672626284,8.458342978009988,14.18856423877821,True,True,True,4.051878311188535,6.931752128464371,5.7302212607682215,12.967659623842017,14.093588262646012,11.323453608394098,11.323453608394098
4,84,9.31196759727787,13.36384590846641,7.8720306886399545,14.803782817104326,8.47279612248803,14.20301738325625,True,True,True,4.051878311188538,6.931752128464371,5.7302212607682215,10.097909035776294,10.401977513474685,11.33790675287214,11.33790675287214
4,85,7.541400122473813,11.593278433662348,6.1014632138358955,13.033215342300267,6.70222864768397,12.432449908452192,True,True,True,4.051878311188536,6.931752128464371,5.7302212607682215,9.321811827248547,9.73485835074963,9.567339278068081,9.567339278068081
4,86,7.322555325509486,11.374433636698022,5.882618416871569,12.81437054533594,6.483383850719644,12.213605111487865,True,True,True,4.051878311188536,6.931752128464371,5.7302212607682215,9.207147583767401,9.101388818132897,9.348494481103755,9.348494481103755
4,87,0.38606345616229776,4.437941767350834,-1.053873452475619,5.877878675988751,-0.45310801862754513,5.277113242140677,True,True,True,4.051878311188537,6.93175212846437,5.730221260768222,2.667997220920811,2.20137843887089,2.412002611756566,2.412002611756566
4,88,12.401869089422494,16.453747400611032,10.961932180784578,17.893684309248947,11.562697614632652,17.292918875400876,True,True,True,4.051878311188538,6.931752128464369,5.730221260768223,16.164352680325603,16.189137024691366,14.427808245016763,14.427808245016763
4,89,4.790968460876225,8.84284677206476,3.351031552238308,10.282783680702678,3.9517969860863817,9.682018246854604,True,True,True,4.051878311188536,6.931752128464371,5.7302212607682215,6.2428745978037234,6.031102147607305,6.816907616470493,6.816907616470493
4,90,2.943213536526539,6.995091847715075,1.503276627888622,8.435028756352992,2.104042061736696,7.834263322504919,True,True,True,4.051878311188537,6.931752128464369,5.730221260768223,4.090266274588598,4.386906124007782,4.969152692120807,4.969152692120807
4,91,2.9613881990892406,7.013266510277777,1.5214512904513238,8.453203418915693,2.1222167242993977,7.8524379850676205,True,True,True,4.051878311188537,6.931752128464369,5.730221260768223,5.514861336184003,6.925515034187532,4.987327354683509,4.987327354683509
4,92,6.296003576856013,10.347881888044551,4.856066668218096,11.787818796682467,5.456832102066171,11.187053362834392,True,True,True,4.0518783111885375,6.931752128464371,5.7302212607682215,8.479091755767126,8.544105257426459,8.321942732450282,8.321942732450282
4,93,7.678247759204834,11.730126070393371,6.238310850566917,13.170062979031288,6.8390762844149915,12.569297545183213,True,True,True,4.0518783111885375,6.931752128464371,5.7302212607682215,10.329130014677997,9.014681082923337,9.704186914799102,9.704186914799102
4,94,4.749983075548992,8.801861386737528,3.3100461669110754,10.241798295375446,3.9108116007591494,9.641032861527371,True,True,True,4.051878311188536,6.931752128464371,5.7302212607682215,6.782670053164077,6.068382037939892,6.7759222311432605,6.7759222311432605
4,95,6.744139683583458,10.796017994771994,5.304202774945541,12.235954903409912,5.9049682087936155,11.635189469561837,True,True,True,4.051878311188536,6.931752128464371,5.7302212607682215,8.90302310094419,10.485068933069455,8.770078839177726,8.770078839177726
4,96,9.146713845949744,13.198592157138279,7.706776937311826,14.638529065776197,8.3075423711599,14.037763631928122,True,True,True,4.051878311188535,6.931752128464371,5.7302212607682215,11.454864550328487,12.62805127126695,11.172653001544012,11.172653001544012
4,97,4.798416876053219,8.850295187241755,3.358479967415302,10.290232095879672,3.959245401263376,9.689466662031599,True,True,True,4.051878311188537,6.931752128464369,5.730221260768223,7.335093917223643,8.16089691440105,6.824356031647487,6.824356031647487
4,98,0.9719398958294998,5.023818207018037,-0.467997012808417,6.463755115655953,0.13276842103965691,5.862989681807879,True,True,True,4.051878311188537,6.93175212846437,5.730221260768222,2.886085063403719,2.3807347174457947,2.997879051423768,2.997879051423768
4,99,8.897300293045355,12.94917860423389,7.4573633844074365,14.389115512871808,8.058128818255511,13.788350079023733,True,True,True,4.051878311188535,6.931752128464371,5.7302212607682215,11.186343468981928,12.799037697256038,10.923239448639622,10.923239448639622
4,100,8.234457127778725,12.286335438967264,6.794520219140809,13.72627234760518,7.395285652988884,13.125506913757105,True,True,True,4.051878311188538,6.931752128464371,5.7302212607682215,10.163784114396655,8.365857241365498,10.260396283372994,10.260396283372994
4,101,9.653601555309876,13.705479866498411,8.213664646671958,15.14541677513633,8.814430080520033,14.544651341288255,True,True,True,4.051878311188535,6.931752128464371,5.7302212607682215,11.37961758462876,11.062041084567838,11.679540710904144,11.679540710904144
4,102,11.159458172016073,15.211336483204612,9.719521263378157,16.651273391842526,10.320286697226232,16.050507957994455,True,True,True,4.051878311188538,6.931752128464369,5.730221260768223,12.429074774552184,12.194928843277316,13.185397327610342,13.185397327610342
4,103,5.650387406604306,9.702265717792843,4.21045049796639,11.142202626430759,4.811215931814463,10.541437192582686,True,True,True,4.051878311188537,6.931752128464369,5.730221260768223,7.672796177408571,8.955436487718657,7.676326562198574,7.676326562198574
4,104,3.200040894139171,7.251919205327708,1.7601039855012544,8.691856113965624,2.3608694193493283,8.091090680117551,True,True,True,4.051878311188537,6.931752128464369,5.730221260768223,5.608424261388534,4.80716677638348,5.225980049733439,5.225980049733439
4,105,2.5910208231085123,6.642899134297049,1.1510839144705955,8.082836042934966,1.7518493483186695,7.482070609086891,True,True,True,4.051878311188537,6.931752128464371,5.7302212607682215,5.094991448310561,6.738943849211329,4.616959978702781,4.616959978702781
4,106,1.7681354681696617,5.820013779358199,0.3281985595317449,7.259950687996115,0.9289639933798188,6.659185254148041,True,True,True,4.051878311188537,6.93175212846437,5.730221260768222,3.0499598771241256,2.72636788813057,3.79407462376393,3.79407462376393
4,107,1.922620338922676,5.9744986501112125,0.48268343028475913,7.41443555874913,1.083448864132833,6.813670124901055,True,True,True,4.051878311188537,6.931752128464371,5.7302212607682215,3.4777427841879156,3.7390288230045363,3.948559494516944,3.948559494516944
4,108,6.9706840766312625,11.0225623878198,5.530747167993345,12.462499296457716,6.13151260184142,11.861733862609642,True,True,True,4.0518783111885375,6.931752128464371,5.7302212607682215,9.215447053208905,10.902036947339871,8.99662323222553,8.99662323222553
4,109,4.838751485074859,8.890629796263395,3.398814576436942,10.330566704901312,3.999580010285016,9.729801271053239,True,True,True,4.051878311188537,6.931752128464369,5.730221260768223,7.1764361377965855,7.9522102122180955,6.864690640669127,6.864690640669127
4,110,4.439865451616605,8.491743762805141,2.999928542978688,9.931680671443058,3.600693976826762,9.330915237594985,True,True,True,4.051878311188537,6.931752128464369,5.730221260768223,6.251031875982692,4.9377853854006775,6.465804607210873,6.465804607210873
4,111,11.92824018580665,15.980118496995185,10.488303277168733,17.420055405633104,11.089068711016807,16.81928997178503,True,True,True,4.051878311188535,6.931752128464371,5.7302212607682215,15.17754319045615,14.378422521102577,13.954179341400918,13.954179341400918
4,112,6.716900594068842,10.768778905257378,5.276963685430925,12.208715813895296,5.8777291192789995,11.607950380047221,True,True,True,4.051878311188536,6.931752128464371,5.7302212607682215,8.510688151837826,9.352058139971614,8.74283974966311,8.74283974966311
4,113,8.822056129225668,12.873934440414207,7.382119220587752,14.313871349052123,7.982884654435827,13.713105915204048,True,True,True,4.051878311188538,6.931752128464371,5.7302212607682215,10.928894314228856,11.206098075166842,10.847995284819937,10.847995284819937
4,114,5.426535113141973,9.478413424330508,3.9865982045040558,10.918350332968426,4.58736363835213,10.317584899120352,True,True,True,4.051878311188536,6.931752128464371,5.7302212607682215,6.9889868246262665,7.776235716124068,7.452474268736241,7.452474268736241
4,115,-0.22684355203361606,3.8250347591549207,-1.6667804606715328,5.264971667792837,-1.066015026823459,4.664206233944763,True,True,True,4.051878311188537,6.93175212846437,5.730221260768222,0.9901754423707658,-0.17033635472358588,1.7990956035606522,1.7990956035606522
4,116,7.318480127610196,11.370358438798732,5.878543218972279,12.81029534743665,6.479308652820354,12.209529913588575,True,True,True,4.051878311188536,6.931752128464371,5.7302212607682215,9.309739954337047,10.416068901112821,9.344419283204465,9.344419283204465
4,117,10.0117149492878,14.063593260476335,8.571778040649882,15.503530169114253,9.172543474497957,14.902764735266178,True,True,True,4.051878311188535,6.931752128464371,5.7302212607682215,11.4465899988411,11.60097067663614,12.037654104882067,12.037654104882067
4,118,7.427383271062653,11.47926158225119,5.987446362424736,12.919198490889107,6.588211796272811,12.318433057041032,True,True,True,4.0518783111885375,6.931752128464371,5.7302212607682215,10.357273444973664,10.705062917500975,9.453322426656921,9.453322426656921
4,119,9.717963260248215,13.769841571436753,8.278026351610299,15.20977848007467,8.878791785458374,14.609013046226595,True,True,True,4.051878311188538,6.931752128464371,5.7302212607682215,11.744413274124838,11.206486923715659,11.743902415842484,11.743902415842484
4,120,2.6322315909229266,6.684109902111463,1.1922946822850098,8.12404681074938,1.7930601161330837,7.523281376901306,True,True,True,4.051878311188537,6.931752128464371,5.7302212607682215,5.185242150717699,4.480792705296997,4.658170746517195,4.658170746517195
4,121,9.507945574784475,13.55982388597301,8.068008666146557,14.999760794610928,8.668774099994632,14.398995360762854,True,True,True,4.051878311188535,6.931752128464371,5.7302212607682215,12.198525506671384,11.122935787204828,11.533884730378743,11.533884730378743
4,122,4.725653894938004,8.77753220612654,3.2857169863000872,10.217469114764457,3.886482420148161,9.616703680916384,True,True,True,4.051878311188537,6.931752128464369,5.730221260768223,6.327986506296881,4.542227077225533,6.751593050532272,6.751593050532272
4,123,7.525766183146209,11.577644494334745,6.085829274508292,13.017581402972663,6.686594708356367,12.416815969124588,True,True,True,4.051878311188536,6.931752128464371,5.7302212607682215,9.023066294460298,9.950400526842829,9.551705338740478,9.551705338740478
4,124,9.043989785619555,13.09586809680809,7.604052876981637,14.535805005446008,8.204818310829712,13.935039571597933,True,True,True,4.051878311188535,6.931752128464371,5.7302212607682215,11.338527780464513,11.303864145285283,11.069928941213822,11.069928941213822
4,125,2.7996111787722437,6.85148948996078,1.359674270134327,8.291426398598697,1.9604397039824009,7.690660964750624,True,True,True,4.051878311188537,6.931752128464369,5.730221260768223,4.782698527770426,5.257964827032918,4.825550334366512,4.825550334366512
4,126,4.563488361086161,8.615366672274698,3.1235514524482446,10.055303580912614,3.7243168862963185,9.454538147064541,True,True,True,4.051878311188537,6.931752128464369,5.730221260768223,6.369233179458382,5.301701556187429,6.58942751668043,6.58942751668043
4,127,8.896932002130349,12.948810313318884,7.456995093492431,14.388747221956802,8.057760527340506,13.787981788108727,True,True,True,4.051878311188535,6.931752128464371,5.7302212607682215,11.381974723930874,12.326923033389823,10.922871157724616,10.922871157724616
4,128,14.754121799554635,18.806000110743174,13.314184890916719,20.24593701938109,13.914950324764794,19.645171585533017,True,True,True,4.051878311188538,6.931752128464369,5.730221260768223,16.329395895568318,16.777925194380988,16.780060955148905,16.780060955148905
4,129,2.6082870151524435,6.66016532634098,1.1683501065145268,8.100102234978896,1.7691155403626007,7.4993368011308235,True,True,True,4.051878311188537,6.931752128464369,5.730221260768223,3.61027396524212,3.839501424760172,4.634226170746712,4.634226170746712
4,130,7.45242201045052,11.504300321639057,6.012485101812603,12.944237230276974,6.613250535660677,12.343471796428899,True,True,True,4.0518783111885375,6.931752128464371,5.7302212607682215,10.148147298138724,9.598881773955641,9.478361166044788,9.478361166044788
4,131,5.850950819014414,9.90282913020295,4.4110139103764965,11.342766038840868,5.011779344224571,10.742000604992793,True,True,True,4.051878311188536,6.931752128464371,5.7302212607682215,8.554407645523362,8.80491036060173,7.876889974608682,7.876889974608682
4,132,6.019776892490758,10.071655203679295,4.579839983852841,11.511592112317212,5.1806054177009155,10.910826678469137,True,True,True,4.0518783111885375,6.931752128464371,5.7302212607682215,7.949958086049314,8.680153122159629,8.045716048085026,8.045716048085026
4,133,11.616130272802273,15.668008583990808,10.176193364164355,17.107945492628726,10.77695879801243,16.50718005878065,True,True,True,4.051878311188535,6.931752128464371,5.7302212607682215,13.833385986391326,14.393619581094379,13.64206942839654,13.64206942839654
4,134,9.328487956837865,13.3803662680264,7.888551048199947,14.820303176664318,8.489316482048022,14.219537742816243,True,True,True,4.051878311188535,6.931752128464371,5.7302212607682215,11.50464531178549,12.34394623384319,11.354427112432132,11.354427112432132
4,135,6.952534408087678,11.004412719276214,5.512597499449761,12.444349627914132,6.113362933297836,11.843584194066057,True,True,True,4.051878311188536,6.931752128464371,5.7302212607682215,9.955774325570687,9.534956778330361,8.978473563681947,8.978473563681947
4,136,7.883096770967174,11.93497508215571,6.4431598623292565,13.374911990793628,7.043925296177331,12.774146556945553,True,True,True,4.051878311188536,6.931752128464371,5.7302212607682215,10.827190216478122,11.684971284173752,9.909035926561442,9.909035926561442
4,137,-1.0981479783433046,2.953730332845232,-2.5380848869812214,4.393667241483149,-1.9373194531331475,3.792901807635075,True,True,True,4.051878311188537,6.93175212846437,5.730221260768222,2.10800554804269,2.4168285985586224,0.9277911772509636,0.9277911772509636
4,138,3.43637005348148,7.488248364670016,1.996433144843563,8.928185273307934,2.597198578691637,8.327419839459859,True,True,True,4.051878311188537,6.931752128464371,5.7302212607682215,4.6803207771347894,5.663822333061556,5.462309209075748,5.462309209075748
4,139,2.0744288855922752,6.126307196780812,0.6344919769543584,7.566244105418729,1.2352574108024323,6.965478671570654,True,True,True,4.051878311188537,6.931752128464371,5.7302212607682215,4.067814187171118,3.8724209383815826,4.1003680411865435,4.1003680411865435
4,140,9.94524552018001,13.997123831368544,8.505308611542091,15.437060740006462,9.106074045390166,14.836295306158387,True,True,True,4.051878311188535,6.931752128464371,5.7302212607682215,12.088874210702429,12.246523550282147,11.971184675774277,11.971184675774277
4,141,9.100360873225203,13.152239184413737,7.6604239645872845,14.592176093051656,8.26118939843536,13.99141065920358,True,True,True,4.051878311188535,6.931752128464371,5.7302212607682215,11.093900778457751,11.552857786214672,11.12630002881947,11.12630002881947
4,142,10.022715198610257,14.074593509798795,8.58277828997234,15.514530418436712,9.183543723820415,14.913764984588637,True,True,True,4.051878311188538,6.931752128464371,5.7302212607682215,12.563770049698128,13.835772161250754,12.048654354204526,12.048654354204526
4,143,9.232355793547722,13.284234104736257,7.792418884909804,14.724171013374175,8.393184318757879,14.1234055795261,True,True,True,4.051878311188535,6.931752128464371,5.7302212607682215,11.527361186905637,10.308045919456074,11.25829494914199,11.25829494914199
4,144,9.65435117065557,13.706229481844105,8.214414262017652,15.146166390482023,8.815179695865726,14.545400956633948,True,True,True,4.051878311188535,6.931752128464371,5.7302212607682215,13.017651984537142,12.924884552085473,11.680290326249837,11.680290326249837
4,145,15.664195360176567,19.716073671365105,14.22425845153865,21.15601058000302,14.825023885386726,20.55524514615495,True,True,True,4.051878311188538,6.931752128464369,5.730221260768223,18.02732312299341,18.24089874148392,17.690134515770836,17.690134515770836
4,146,15.233883260549078,19.285761571737616,13.793946351911162,20.72569848037553,14.394711785759236,20.12493304652746,True,True,True,4.051878311188538,6.931752128464369,5.730221260768223,18.33752270876409,17.37798890256447,17.259822416143347,17.259822416143347
4,147,6.631952821471622,10.68383113266016,5.192015912833705,12.123768041298076,5.79278134668178,11.523002607450001,True,True,True,4.0518783111885375,6.931752128464371,5.7302212607682215,10.332808765447915,8.607648552579246,8.65789197706589,8.65789197706589
4,148,3.7680436743327004,7.819921985521237,2.3281067656947836,9.259858894159153,2.9288721995428575,8.65909346031108,True,True,True,4.051878311188537,6.931752128464369,5.730221260768223,6.394072066213857,5.062706714635858,5.793982829926969,5.793982829926969
4,149,10.461685481933785,14.513563793122323,9.021748573295868,15.95350070176024,9.622514007143943,15.352735267912164,True,True,True,4.051878311188538,6.931752128464371,5.7302212607682215,12.91257464622459,11.830282207748354,12.487624637528054,12.487624637528054
4,150,8.626755691505668,12.678634002694203,7.18681878286775,14.118570911332121,7.787584216715825,13.517805477484046,True,True,True,4.051878311188535,6.931752128464371,5.7302212607682215,11.675288908357649,12.433240685760882,10.652694847099935,10.652694847099935
4,151,6.007999591870175,10.059877903058712,4.568062683232258,11.499814811696629,5.1688281170803325,10.899049377848554,True,True,True,4.0518783111885375,6.931752128464371,5.7302212607682215,7.408255694499218,6.067496868995231,8.033938747464443,8.033938747464443
4,152,4.524570393620638,8.576448704809174,3.0846334849827213,10.016385613447092,3.685398918830795,9.415620179599017,True,True,True,4.051878311188536,6.931752128464371,5.7302212607682215,6.806375817120895,8.003813610433236,6.550509549214906,6.550509549214906
4,153,7.587823808580489,11.639702119769026,6.147886899942572,13.079639028406943,6.7486523337906466,12.478873594558868,True,True,True,4.0518783111885375,6.931752128464371,5.7302212607682215,9.598070142251252,11.301079401707435,9.613762964174757,9.613762964174757
4,154,12.788492315673302,16.84037062686184,11.348555407035386,18.280307535499755,11.94932084088346,17.679542101651684,True,True,True,4.051878311188538,6.931752128464369,5.730221260768223,14.285405728879637,14.260542747391948,14.814431471267572,14.814431471267572
4,155,6.937784307808733,10.989662618997269,5.497847399170816,12.429599527635187,6.0986128330188905,11.828834093787112,True,True,True,4.051878311188536,6.931752128464371,5.7302212607682215,8.49224851545428,7.272141464922154,8.963723463403001,8.963723463403001
4,156,9.315384076234714,13.36726238742325,7.875447167596796,14.807199296061167,8.476212601444871,14.206433862213093,True,True,True,4.051878311188535,6.931752128464371,5.7302212607682215,11.736785291087173,12.466325756357474,11.341323231828982,11.341323231828982
4,157,7.734464188881472,11.78634250007001,6.294527280243555,13.226279408707926,6.89529271409163,12.625513974859851,True,True,True,4.0518783111885375,6.931752128464371,5.7302212607682215,9.761192231939445,9.564521043335308,9.76040334447574,9.76040334447574
4,158,5.430782107507047,9.482660418695584,3.99084519886913,10.9225973273335,4.591610632717204,10.321831893485426,True,True,True,4.0518783111885375,6.931752128464371,5.7302212607682215,7.462981421303509,8.147732185315675,7.456721263101315,7.456721263101315
4,159,9.324554953671996,13.37643326486053,7.8846180450340775,14.816370173498449,8.485383478882152,14.215604739650374,True,True,True,4.051878311188535,6.931752128464371,5.7302212607682215,11.317264544519679,12.774577255107157,11.350494109266263,11.350494109266263
4,160,4.602304748968207,8.654183060156743,3.16236784033029,10.09411996879466,3.763133274178364,9.493354534946587,True,True,True,4.051878311188537,6.931752128464369,5.730221260768223,6.2970743148253545,4.974910277072995,6.628243904562475,6.628243904562475
4,161,13.200961654794344,17.25283996598288,11.761024746156426,18.692776874620797,12.361790180004501,18.092011440772723,True,True,True,4.051878311188535,6.931752128464371,5.7302212607682215,14.698413884409929,14.573271856184684,15.226900810388612,15.226900810388612
4,162,9.489505905636886,13.541384216825424,8.04956899699897,14.98132112546334,8.650334430847044,14.380555691615266,True,True,True,4.051878311188538,6.931752128464371,5.7302212607682215,10.043341375231353,8.572385593911333,11.515445061231155,11.515445061231155
4,163,2.4131754917036883,6.465053802892225,0.9732385830657715,7.904990711530141,1.5740040169138454,7.304225277682068,True,True,True,4.051878311188537,6.931752128464369,5.730221260768223,3.781106510224578,4.036799985156161,4.439114647297957,4.439114647297957
4,164,0.8947724410446511,4.946650752233188,-0.5451644675932656,6.386587660871104,0.05560096625480826,5.785822227023031,True,True,True,4.051878311188537,6.931752128464369,5.730221260768223,2.8152019802752477,2.2181636570595393,2.9207115966389194,2.9207115966389194
4,165,10.862643793024372,14.91452210421291,9.422706884386455,16.354459012850825,10.02347231823453,15.753693579002752,True,True,True,4.051878311188538,6.931752128464369,5.7302212607682215,12.947646456682879,13.064870379969374,12.888582948618641,12.888582948618641
4,166,11.347404284196848,15.399282595385383,9.90746737555893,16.8392195040233,10.508232809407005,16.238454070175226,True,True,True,4.051878311188535,6.931752128464371,5.7302212607682215,12.99821851898269,13.486590450507563,13.373343439791116,13.373343439791116
4,167,4.585411706685789,8.637290017874324,3.145474798047872,10.077226926512242,3.746240231895946,9.476461492664168,True,True,True,4.051878311188536,6.931752128464371,5.7302212607682215,6.180421841695462,6.982569684919476,6.611350862280057,6.611350862280057
4,168,6.271151309659683,10.32302962084822,4.831214401021766,11.762966529486137,5.431979834869841,11.162201095638062,True,True,True,4.0518783111885375,6.931752128464371,5.7302212607682215,7.944724459744534,8.643348107614656,8.297090465253952,8.297090465253952
4,169,9.912229882677945,13.96410819386648,8.472292974040027,15.404045102504398,9.073058407888102,14.803279668656323,True,True,True,4.051878311188535,6.931752128464371,5.7302212607682215,12.515041225892439,13.525791968809148,11.938169038272212,11.938169038272212
4,170,4.802043743995742,8.853922055184277,3.362106835357825,10.293858963822196,3.962872269205899,9.69309352997412,True,True,True,4.051878311188536,6.931752128464371,5.7302212607682215,6.255457761940994,5.949121668080296,6.82798289959001,6.82798289959001
4,171,6.6643656458486005,10.716243957037136,5.224428737210683,12.156180865675054,5.825194171058758,11.55541543182698,True,True,True,4.051878311188536,6.931752128464371,5.7302212607682215,9.117703072985456,8.41946894336359,8.690304801442869,8.690304801442869
4,172,9.223355195508415,13.27523350669695,7.783418286870496,14.715170415334867,8.384183720718571,14.114404981486793,True,True,True,4.051878311188535,6.931752128464371,5.7302212607682215,11.641327627409638,12.443911675689767,11.249294351102682,11.249294351102682
4,173,1.8744449665549663,5.926323277743503,0.4345080579170495,7.366260186381419,1.0352734917651234,6.765494752533346,True,True,True,4.051878311188537,6.931752128464369,5.730221260768223,4.391485367824103,4.394220105665777,3.9003841221492346,3.9003841221492346
4,174,11.002332963666397,15.054211274854936,9.562396055028481,16.49414818349285,10.163161488876556,15.893382749644777,True,True,True,4.051878311188538,6.931752128464369,5.7302212607682215,12.65038238570582,13.539283105691853,13.028272119260667,13.028272119260667
4,175,13.226826981212085,17.27870529240062,11.786890072574167,18.718642201038538,12.387655506422242,18.117876767190463,True,True,True,4.051878311188535,6.931752128464371,5.7302212607682215,14.927612899901206,14.843607323514156,15.252766136806352,15.252766136806352
4,176,2.0439300019300894,6.095808313118626,0.6039930932921727,7.535745221756542,1.2047585271402466,6.934979787908469,True,True,True,4.051878311188537,6.931752128464369,5.730221260768223,3.84685835184344,3.4705435473896937,4.069869157524358,4.069869157524358
4,177,7.252757578680842,11.304635889869378,5.812820670042925,12.744572798507296,6.413586103890999,12.14380736465922,True,True,True,4.051878311188536,6.931752128464371,5.7302212607682215,9.481487173164258,9.019675144286513,9.27869673427511,9.27869673427511
4,178,10.874766552566879,14.926644863755413,9.43482964392896,16.36658177239333,10.035595077777035,15.765816338545257,True,True,True,4.051878311188535,6.931752128464371,5.7302212607682215,13.408974988939535,13.525019525081781,12.900705708161146,12.900705708161146
4,179,2.040886392899801,6.092764704088338,0.6009494842618843,7.532701612726255,1.2017149181099582,6.93193617887818,True,True,True,4.051878311188537,6.931752128464371,5.7302212607682215,3.568990024945711,5.268360196095598,4.066825548494069,4.066825548494069
4,180,3.085598195913864,7.1374765071024004,1.645661287275947,8.577413415740317,2.246426721124021,7.976647981892244,True,True,True,4.051878311188537,6.931752128464369,5.730221260768223,4.254229360341908,4.1960455438130735,5.111537351508132,5.111537351508132
4,181,11.281075346639394,15.332953657827932,9.841138438001478,16.772890566465847,10.441903871849552,16.172125132617776,True,True,True,4.051878311188538,6.931752128464369,5.730221260768223,13.707066369123922,13.663678321455942,13.307014502233663,13.307014502233663
4,182,9.96606467783457,14.017942989023105,8.526127769196652,15.457879897661023,9.126893203044727,14.857114463812948,True,True,True,4.051878311188535,6.931752128464371,5.7302212607682215,12.420061248328313,11.990438647015198,11.992003833428837,11.992003833428837
4,183,5.270848588937418,9.322726900125954,3.830911680299501,10.762663808763872,4.4316771141475755,10.161898374915797,True,True,True,4.051878311188536,6.931752128464371,5.7302212607682215,7.986271397599651,7.589179954048162,7.296787744531686,7.296787744531686
4,184,2.062248719599846,6.114127030788382,0.622311810961929,7.5540639394263,1.223077244810003,6.953298505578225,True,True,True,4.051878311188537,6.931752128464371,5.7302212607682215,3.2517328053133343,3.0536386611583053,4.088187875194114,4.088187875194114
4,185,8.899567230722155,12.95144554191069,7.459630322084237,14.391382450548608,8.060395755932312,13.790617016700534,True,True,True,4.051878311188535,6.931752128464371,5.7302212607682215,10.373395042758801,8.13782215586538,10.925506386316423,10.925506386316423
4,186,7.166948203827828,11.218826515016364,5.727011295189911,12.658763423654282,6.327776729037986,12.057997989806207,True,True,True,4.051878311188536,6.931752128464371,5.7302212607682215,8.111294474255553,11.173782449367069,9.192887359422096,9.192887359422096
4,187,7.484275960003669,11.536154271192206,6.044339051365752,12.976091179830123,6.645104485213826,12.375325745982048,True,True,True,4.0518783111885375,6.931752128464371,5.7302212607682215,9.944651066463255,10.653180923911217,9.510215115597937,9.510215115597937
4,188,6.6157581510713195,10.667636462259857,5.175821242433402,12.107573370897773,5.776586676281477,11.506807937049699,True,True,True,4.0518783111885375,6.931752128464371,5.7302212607682215,8.190682475930803,7.4178359593649645,8.641697306665588,8.641697306665588
4,189,4.304231501960687,8.356109813149224,2.86429459332277,9.79604672178714,3.465060027170844,9.195281287939066,True,True,True,4.0518783111885375,6.931752128464371,5.7302212607682215,6.2178294317952165,4.004728623599209,6.330170657554955,6.330170657554955
4,190,12.137663501459294,16.189541812647832,10.697726592821377,17.629478721285746,11.298492026669452,17.028713287437675,True,True,True,4.051878311188538,6.931752128464369,5.730221260768223,15.81409786033418,15.779406003680325,14.163602657053563,14.163602657053563
4,191,11.203936895484144,15.255815206672679,9.763999986846226,16.695752115310597,10.364765420694301,16.094986681462522,True,True,True,4.051878311188535,6.931752128464371,5.7302212607682215,13.433514719175815,12.600919373019087,13.229876051078412,13.229876051078412
4,192,4.968748908663484,9.02062721985202,3.528812000025567,10.460564128489937,4.12957743387364,9.859798694641864,True,True,True,4.051878311188537,6.931752128464369,5.730221260768223,6.750580494451132,6.4910876585040445,6.994688064257752,6.994688064257752
4,193,10.16517072285798,14.217049034046518,8.725233814220063,15.656985942684434,9.325999248068138,15.05622050883636,True,True,True,4.051878311188538,6.931752128464371,5.7302212607682215,11.851386673823495,12.349161032375873,12.191109878452249,12.191109878452249
4,194,7.098824998126028,11.150703309314565,5.65888808948811,12.590640217952481,6.259653523336185,11.989874784104407,True,True,True,4.0518783111885375,6.931752128464371,5.7302212607682215,9.103382175084924,7.859277902159412,9.124764153720296,9.124764153720296
4,195,3.4080947064805738,7.45997301766911,1.968157797842657,8.899909926307027,2.568923231690731,8.299144492458954,True,True,True,4.051878311188537,6.931752128464369,5.730221260768223,6.0071789503187265,3.655363118498949,5.434033862074842,5.434033862074842
4,196,3.4330536925321926,7.484932003720729,1.9931167838942758,8.924868912358646,2.5938822177423497,8.324103478510573,True,True,True,4.051878311188537,6.931752128464369,5.730221260768223,6.051627565399438,6.757318189003273,5.458992848126461,5.458992848126461
4,197,9.590193757123291,13.64207206831183,8.150256848485375,15.082008976949746,8.75102228233345,14.481243543101671,True,True,True,4.051878311188538,6.931752128464371,5.7302212607682215,11.522891499279421,13.772545878281576,11.61613291271756,11.61613291271756
4,198,8.545792115402865,12.597670426591403,7.105855206764948,14.03760733522932,7.706620640613023,13.436841901381245,True,True,True,4.051878311188538,6.931752128464371,5.7302212607682215,10.870376582630756,10.453310322265136,10.571731270997134,10.571731270997134
4,199,4.936684904986203,8.98856321617474,3.496747996348286,10.428500124812656,4.09751343019636,9.827734690964583,True,True,True,4.051878311188537,6.931752128464369,5.730221260768223,7.319382242074303,7.496834580365572,6.962624060580471,6.962624060580471
5,0,9.780564782584474,12.978179046576308,8.644212097560647,14.114531731600135,9.118317184892934,13.640426644267848,True,True,True,3.1976142639918343,5.4703196340394875,4.522109459374914,11.286601961565005,12.14107621705948,11.37937191458039,11.37937191458039
5,1,11.389500315223156,14.58711457921499,10.25314763019933,15.723467264238817,10.727252717531616,15.24936217690653,True,True,True,3.1976142639918343,5.4703196340394875,4.522109459374914,11.427750278277921,10.687424744185563,12.988307447219073,12.988307447219073
5,2,5.0676011377196915,8.265215401711524,3.931248452695863,9.401568086735352,4.405353540028152,8.927462999403064,True,True,True,3.1976142639918326,5.470319634039489,4.522109459374912,7.33063306418495,6.023411706392995,6.666408269715608,6.666408269715608
5,3,7.492680065888982,10.690294329880816,6.356327380865154,11.826647014904644,6.830432468197442,11.352541927572355,True,True,True,3.1976142639918335,5.47031963403949,4.522109459374914,9.179293122069666,9.959925846886412,9.091487197884899,9.091487197884899
5,4,6.001085950938556,9.198700214930389,4.864733265914728,10.335052899954217,5.3388383532470165,9.860947812621928,True,True,True,3.1976142639918326,5.470319634039489,4.522109459374912,8.321318467087535,6.89854142321205,7.599893082934472,7.599893082934472
5,5,5.014457956714335,8.212072220706167,3.8781052716905062,9.348424905729996,4.352210359022795,8.874319818397707,True,True,True,3.1976142639918326,5.470319634039489,4.522109459374912,6.3652369842834595,6.5685533227671895,6.613265088710251,6.613265088710251
5,6,2.6548735406728694,5.852487804664702,1.518520855649041,6.98884048968853,1.9926259429813293,6.5147354023562425,True,True,True,3.1976142639918326,5.470319634039489,4.522109459374914,4.416145392534107,5.221367238937074,4.253680672668786,4.253680672668786
5,7,3.0354389731341023,6.233053237125935,1.899086288110274,7.369405922149763,2.373191375442562,6.8953008348174745,True,True,True,3.1976142639918326,5.470319634039489,4.522109459374912,4.200142154734094,2.899797434484124,4.634246105130019,4.634246105130019
5,8,3.540248701548026,6.7378629655398585,2.4038960165241976,7.874215650563687,2.878001103856486,7.400110563231399,True,True,True,3.1976142639918326,5.470319634039489,4.522109459374914,4.476072689705881,4.704481510930944,5.139055833543942,5.139055833543942
5,9,4.919596316501077,8.11721058049291,3.783243631477249,9.253563265516739,4.257348718809537,8.77945817818445,True,True,True,3.1976142639918335,5.47031963403949,4.522109459374914,7.438945913264937,6.476192757212348,6.5184034484969935,6.5184034484969935
5,10,10.23837452883528,13.435988792827114,9.102021843811453,14.57234147785094,9.57612693114374,14.098236390518654,True,True,True,3.1976142639918343,5.4703196340394875,4.522109459374914,12.311550022139254,11.715628875254245,11.837181660831197,11.837181660831197
5,11,7.743898309679101,10.941512573670934,6.607545624655272,12.07786525869476,7.08165071198756,11.603760171362474,True,True,True,3.1976142639918335,5.470319634039488,4.522109459374914,9.071293749242564,9.51590599437278,9.342705441675017,9.342705441675017
5,12,7.65258610754809,10.850200371539923,6.5162334225242615,11.98655305656375,6.990338509856549,11.512447969231463,True,True,True,3.1976142639918335,5.470319634039488,4.522109459374914,9.302326980765425,9.120883572431987,9.251393239544006,9.251393239544006
5,13,3.126171002898597,6.32378526689043,1.9898183178747688,7.460137951914258,2.463923405207057,6.98603286458197,True,True,True,3.1976142639918326,5.470319634039489,4.522109459374914,5.320385711260518,5.873954697439118,4.7249781348945135,4.7249781348945135
5,14,3.404127325334197,6.601741589326029,2.2677746403103685,7.738094274349858,2.7418797276426567,7.26398918701757,True,True,True,3.1976142639918326,5.470319634039489,4.522109459374914,5.046536424412865,6.06025099027252,5.002934457330113,5.002934457330113
5,15,12.40858649730661,15.606200761298444,11.272233812282781,16.742553446322272,11.74633889961507,16.268448358989982,False,True,True,3.1976142639918343,5.470319634039491,4.522109459374912,15.656112411391916,15.75901975789443,14.007393629302527,14.007393629302527
5,16,4.611653766197928,7.80926803018976,3.4753010811740994,8.94562071521359,3.9494061685063877,8.4715156278813,True,True,True,3.1976142639918326,5.47031963403949,4.522109459374914,4.742864365497955,5.797415975174916,6.210460898193844,6.210460898193844
5,17,11.36517820477834,14.562792468770175,10.228825519754512,15.699145153794003,10.7029306070868,15.225040066461714,True,True,True,3.1976142639918343,5.470319634039491,4.522109459374914,12.866848195108872,12.52493343515349,12.963985336774257,12.963985336774257
5,18,10.641453553754813,13.839067817746647,9.505100868730985,14.975420502770476,9.979205956063273,14.501315415438187,True,True,True,3.1976142639918343,5.470319634039491,4.522109459374914,11.76919359694811,12.728978438444445,12.24026068575073,12.24026068575073
5,19,6.078917224798148,9.276531488789981,4.942564539774319,10.412884173813808,5.416669627106607,9.93877908648152,True,True,True,3.1976142639918335,5.470319634039488,4.522109459374914,7.29779287223349,8.604719508918112,7.677724356794064,7.677724356794064
5,20,9.280827254772102,12.478441518763937,8.144474569748276,13.614794203787763,8.618579657080563,13.140689116455476,True,True,True,3.1976142639918343,5.4703196340394875,4.522109459374914,11.234904637415713,10.838158877405371,10.87963438676802,10.87963438676802
5,21,13.030238701172493,16.227852965164328,11.893886016148667,17.364205650188154,12.367991103480954,16.890100562855867,True,True,True,3.1976142639918343,5.4703196340394875,4.522109459374914,14.934800517062005,16.129218008832225,14.62904583316841,14.62904583316841
5,22,3.474781594362004,6.672395858353837,2.338428909338176,7.808748543377665,2.812533996670464,7.334643456045377,True,True,True,3.1976142639918326,5.470319634039489,4.522109459374914,5.654783484208905,4.328760499430988,5.0735887263579205,5.0735887263579205
5,23,6.375565257266955,9.573179521258789,5.239212572243127,10.709532206282617,5.713317659575415,10.235427118950328,True,True,True,3.1976142639918335,5.47031963403949,4.522109459374914,8.400120319332302,8.816894346607018,7.9743723892628715,7.9743723892628715
5,24,4.3601543501667495,7.557768614158582,3.223801665142921,8.69412129918241,3.6979067524752094,8.220016211850123,True,True,True,3.1976142639918326,5.470319634039488,4.522109459374914,5.2908069538539015,5.524536741974541,5.958961482162666,5.958961482162666
5,25,5.052746907477895,8.250361171469727,3.916394222454066,9.386713856493555,4.390499309786355,8.912608769161267,True,True,True,3.1976142639918326,5.470319634039489,4.522109459374912,6.122629093804051,5.045340284283686,6.651554039473811,6.651554039473811
5,26,12.480299691192394,15.677913955184229,11.343947006168566,16.814266640208057,11.818052093500855,16.340161552875767,True,True,True,3.1976142639918343,5.470319634039491,4.522109459374912,13.805130582513637,13.2987220637531,14.079106823188312,14.079106823188312
5,27,2.7479197386777834,5.945534002669616,1.611567053653955,7.081886687693444,2.0856721409862433,6.607781600361156,True,True,True,3.1976142639918326,5.470319634039489,4.522109459374912,3.290982962734303,2.4387068730351236,4.3467268706737,4.3467268706737
5,28,3.344905658718753,6.542519922710586,2.2085529736949248,7.678872607734414,2.682658061027213,7.204767520402125,True,True,True,3.1976142639918326,5.470319634039489,4.522109459374912,5.464306733939306,4.750575648333621,4.943712790714669,4.943712790714669
5,29,10.159032182438791,13.356646446430625,9.022679497414963,14.492999131454454,9.496784584747251,14.018894044122165,True,True,True,3.1976142639918343,5.470319634039491,4.522109459374914,12.0713893450421,13.0478078202364,11.757839314434708,11.757839314434708
5,30,2.400710714820015,5.598324978811847,1.2643580297961865,6.734677663835676,1.7384631171284748,6.260572576503387,True,True,True,3.1976142639918326,5.470319634039489,4.522109459374912,4.112007706395264,3.1534666183879745,3.999517846815931,3.999517846815931
5,31,8.041803781273407,11.239418045265241,6.905451096249579,12.37577073028907,7.379556183581867,11.90166564295678,True,True,True,3.1976142639918343,5.47031963403949,4.522109459374914,10.756819992228287,10.198143561529948,9.640610913269324,9.640610913269324
5,32,10.476839011071618,13.674453275063453,9.340486326047792,14.81080596008728,9.814591413380079,14.336700872754992,True,True,True,3.1976142639918343,5.4703196340394875,4.522109459374914,11.664897719438454,10.917971818182835,12.075646143067535,12.075646143067535
5,33,2.294016202435425,5.491630466427258,1.157663517411597,6.627983151451087,1.6317686047438853,6.153878064118798,True,True,True,3.1976142639918335,5.470319634039489,4.522109459374913,2.3585435347476356,2.798393383278939,3.8928233344313417,3.8928233344313417
5,34,11.299694607664247,14.497308871656081,10.16334192264042,15.633661556679908,10.637447009972707,15.15955646934762,True,True,True,3.1976142639918343,5.4703196340394875,4.522109459374914,13.187617462391696,13.807383813663021,12.898501739660164,12.898501739660164
5,35,8.600675711603197,11.798289975595031,7.464323026579369,12.93464266061886,7.938428113911657,12.46053757328657,True,True,True,3.1976142639918343,5.47031963403949,4.522109459374914,10.355584108044697,11.254754004888225,10.199482843599114,10.199482843599114
5,36,8.225004610407318,11.422618874399152,7.08865192538349,12.558971559422979,7.562757012715778,12.084866472090692,True,True,True,3.1976142639918343,5.470319634039488,4.522109459374914,9.116981376013417,9.571232901227171,9.823811742403235,9.823811742403235
5,37,2.8550239492763785,6.052638213268211,1.7186712642525501,7.188990898292039,2.1927763515848384,6.714885810959752,True,True,True,3.1976142639918326,5.470319634039489,4.522109459374914,4.503654741765005,2.977918076036169,4.453831081272295,4.453831081272295
5,38,5.889310743835867,9.0869250078277,4.752958058812038,10.223277692851529,5.227063146144326,9.74917260551924,True,True,True,3.1976142639918335,5.47031963403949,4.522109459374914,8.569266090778221,7.811798157031262,7.488117875831783,7.488117875831783
5,39,2.0408105545295543,5.238424818521388,0.9044578695057264,6.374777503545216,1.3785629568380147,5.900672416212927,True,True,True,3.1976142639918335,5.470319634039489,4.522109459374913,3.7510188131304236,6.333038364865825,3.639617686525471,3.639617686525471
5,40,6.3317952180133,9.529409482005134,5.195442532989472,10.665762167028962,5.66954762032176,10.191657079696673,True,True,True,3.1976142639918335,5.47031963403949,4.522109459374914,8.249928513572794,8.42820559418814,7.930602350009217,7.930602350009217
5,41,5.021686888189606,8.219301152181439,3.885334203165778,9.355653837205267,4.3594392904980666,8.881548749872978,True,True,True,3.1976142639918326,5.470319634039489,4.522109459374912,6.154655308380948,6.37904808069622,6.6204940201855225,6.6204940201855225
5,42,9.968239396579756,13.16585366057159,8.831886711555928,14.302206345595419,9.305991798888217,13.82810125826313,True,True,True,3.1976142639918343,5.470319634039491,4.522109459374914,12.154817462382862,12.501174502113628,11.567046528575673,11.567046528575673
5,43,15.129302553106472,18.326916817098304,13.992949868082643,19.463269502122134,14.467054955414932,18.989164414789844,True,True,True,3.1976142639918326,5.470319634039491,4.522109459374912,17.08431795056929,16.166196722424573,16.72810968510239,16.72810968510239
5,44,5.914272621198841,9.111886885190675,4.777919936175013,10.248239570214501,5.252025023507301,9.774134482882214,True,True,True,3.1976142639918335,5.470319634039488,4.522109459374914,7.284647842249413,5.702074573807777,7.5130797531947575,7.5130797531947575
5,45,4.536051954079162,7.7336662180709945,3.3996992690553336,8.870018903094824,3.873804356387622,8.395913815762535,True,True,True,3.1976142639918326,5.47031963403949,4.522109459374914,6.3310713506914205,7.116259831854005,6.134859086075078,6.134859086075078
5,46,9.419139655989493,12.616753919981328,8.282786970965667,13.753106605005154,8.756892058297954,13.279001517672867,True,True,True,3.1976142639918343,5.4703196340394875,4.522109459374914,11.409993173974911,11.807324863590873,11.01794678798541,11.01794678798541
5,47,3.106810256789651,6.304424520781484,1.9704575717658228,7.440777205805312,2.444562659098111,6.966672118473024,True,True,True,3.1976142639918326,5.470319634039489,4.522109459374914,3.553132574322355,3.3440737698095284,4.7056173887855675,4.7056173887855675
5,48,8.601776057462473,11.799390321454307,7.465423372438646,12.935743006478134,7.9395284597709335,12.461637919145847,True,True,True,3.1976142639918343,5.470319634039488,4.522109459374914,10.286169470949472,11.574889616682675,10.20058318945839,10.20058318945839
5,49,1.3375578465591629,4.535172110550996,0.20120516153533474,5.671524795574824,0.675310248867623,5.197419708242536,True,False,True,3.1976142639918335,5.470319634039489,4.522109459374913,2.648449232412987,0.11620997342329975,2.9363649785550794,2.9363649785550794
5,50,13.124733546448752,16.322347810440586,11.988380861424925,17.458700495464413,12.462485948757212,16.984595408132126,True,True,True,3.1976142639918343,5.4703196340394875,4.522109459374914,14.723327416500348,14.474094338502375,14.72354067844467,14.72354067844467
5,51,7.987715093528741,11.185329357520574,6.8513624085049125,12.321682042544403,7.3254674958372,11.847576955212114,True,True,True,3.1976142639918335,5.47031963403949,4.522109459374914,8.798023963377394,8.23740452948614,9.586522225524657,9.586522225524657
5,52,12.981611459913399,16.179225723905233,11.845258774889572,17.31557840892906,12.31936386222186,16.841473321596773,True,True,True,3.1976142639918343,5.4703196340394875,4.522109459374914,15.34728253073828,16.159651423539696,14.580418591909316,14.580418591909316
5,53,5.700984723586967,8.8985989875788,4.564632038563139,10.034951672602627,5.038737125895427,9.56084658527034,True,True,True,3.1976142639918335,5.470319634039488,4.522109459374914,6.863130773111542,4.886348872829736,7.299791855582884,7.299791855582884
5,54,8.004914437513774,11.202528701505608,6.8685617524899465,12.338881386529437,7.342666839822234,11.864776299197148,True,True,True,3.1976142639918343,5.47031963403949,4.522109459374914,9.849630280069526,8.394713192723561,9.603721569509691,9.603721569509691
5,55,5.2481231907781885,8.445737454770022,4.11177050575436,9.582090139793848,4.585875593086648,9.107985052461562,True,True,True,3.1976142639918335,5.470319634039488,4.522109459374914,7.46342564621275,9.323805334901325,6.846930322774105,6.846930322774105
5,56,10.209988185011557,13.407602449003392,9.07363549998773,14.543955134027218,9.547740587320018,14.069850046694931,True,True,True,3.1976142639918343,5.4703196340394875,4.522109459374914,12.14672319803937,12.010504309821508,11.808795317007474,11.808795317007474
5,57,2.6432389674513415,5.840853231443174,1.506886282427513,6.977205916467002,1.9809913697598014,6.5031008291347145,True,True,True,3.1976142639918326,5.470319634039489,4.522109459374914,3.8089230287376634,2.9119146698667224,4.242046099447258,4.242046099447258
5,58,5.7517417919148155,8.949356055906648,4.615389106890987,10.085708740930476,5.089494194223276,9.611603653598188,True,True,True,3.1976142639918326,5.470319634039489,4.522109459374912,7.084298753981798,5.26075760281223,7.350548923910732,7.350548923910732
5,59,8.858217999581402,12.055832263573237,7.721865314557575,13.192184948597063,8.195970401889863,12.718079861264776,True,True,True,3.1976142639918343,5.470319634039488,4.522109459374914,11.617625321723459,11.478139021982258,10.45702513157732,10.45702513157732
5,60,12.065217759889796,15.26283202388163,10.928865074865968,16.39918470890546,11.402970162198256,15.92507962157317,True,True,True,3.1976142639918343,5.470319634039491,4.522109459374914,13.547168088101337,14.071559552555437,13.664024891885713,13.664024891885713
5,61,9.757004025393387,12.954618289385222,8.620651340369559,14.09097097440905,9.094756427701848,13.616865887076761,True,True,True,3.1976142639918343,5.470319634039491,4.522109459374914,11.497417624228817,11.238177608719855,11.355811157389304,11.355811157389304
5,62,3.4592418332563257,6.656856097248158,2.3228891482324974,7.793208782271987,2.7969942355647857,7.319103694939699,True,True,True,3.1976142639918326,5.470319634039489,4.522109459374914,5.056764353632152,6.730423949317408,5.058048965252242,5.058048965252242
5,63,10.016121569601015,13.21373583359285,8.879768884577189,14.350088518616676,9.353873971909476,13.87598343128439,True,True,True,3.1976142639918343,5.4703196340394875,4.522109459374914,11.037721083718527,10.991557068035739,11.614928701596932,11.614928701596932
5,64,6.051047898196202,9.248662162188035,4.914695213172374,10.385014847211863,5.388800300504663,9.910909759879575,True,True,True,3.1976142639918326,5.470319634039489,4.522109459374912,6.762402542193562,7.257089915359819,7.649855030192119,7.649855030192119
5,65,8.535254325380906,11.73286858937274,7.398901640357079,12.869221274396569,7.873006727689367,12.39511618706428,True,True,True,3.1976142639918343,5.47031963403949,4.522109459374914,8.98135674246702,9.507382859998344,10.134061457376824,10.134061457376824
5,66,7.981875305864526,11.17948956985636,6.845522620840698,12.315842254880188,7.319627708172986,11.8417371675479,True,True,True,3.1976142639918335,5.47031963403949,4.522109459374914,10.159879836888258,8.895721398632494,9.580682437860442,9.580682437860442
5,67,6.580014039058423,9.777628303050257,5.443661354034595,10.913980988074083,5.917766441366883,10.439875900741796,True,True,True,3.1976142639918335,5.470319634039488,4.522109459374914,8.283441390532742,7.835007862837032,8.17882117105434,8.17882117105434
5,68,8.357599332783565,11.555213596775399,7.221246647759737,12.691566281799226,7.695351735092025,12.217461194466939,True,True,True,3.1976142639918343,5.470319634039488,4.522109459374914,9.50024438867474,10.205047814583612,9.956406464779482,9.956406464779482
5,69,10.390975655908697,13.588589919900532,9.25462297088487,14.724942604924358,9.728728058217158,14.250837517592071,True,True,True,3.1976142639918343,5.4703196340394875,4.522109459374914,11.641129984332949,12.445798246736164,11.989782787904614,11.989782787904614
5,70,6.063907290885612,9.261521554877445,4.927554605861784,10.397874239901274,5.4016596931940715,9.923769152568985,True,False,True,3.1976142639918335,5.47031963403949,4.522109459374914,6.320679015922646,4.836769963885288,7.662714422881528,7.662714422881528
5,71,7.772649360738565,10.970263624730398,6.636296675714736,12.106616309754227,7.110401763047024,11.632511222421938,True,True,True,3.1976142639918335,5.47031963403949,4.522109459374914,10.099762577045103,8.866906111942495,9.371456492734481,9.371456492734481
5,72,7.771321712292839,10.968935976284673,6.634969027269011,12.1052886613085,7.109074114601299,11.631183573976212,True,True,True,3.1976142639918335,5.470319634039488,4.522109459374914,9.93117051815066,10.780711041789196,9.370128844288756,9.370128844288756
5,73,5.871689072648383,9.069303336640216,4.735336387624555,10.205656021664044,5.209441474956844,9.731550934331755,True,True,True,3.1976142639918326,5.470319634039489,4.522109459374912,7.550909534851476,7.322301321188544,7.4704962046442995,7.4704962046442995
5,74,0.9395166422619388,4.137130906253772,-0.19683604276188937,5.2734835912776,0.2772690445703989,4.799378503945311,True,True,True,3.1976142639918326,5.470319634039489,4.522109459374912,2.494205543612546,4.088965810831233,2.5383237742578553,2.5383237742578553
5,75,9.14856569794218,12.346179961934014,8.012213012918352,13.482532646957843,8.48631810025064,13.008427559625554,True,True,True,3.1976142639918343,5.470319634039491,4.522109459374914,11.459750461053844,10.077538116229547,10.747372829938097,10.747372829938097
5,76,6.324980844952251,9.522595108944085,5.188628159928423,10.658947793967911,5.662733247260711,10.184842706635624,True,True,True,3.1976142639918335,5.470319634039488,4.522109459374914,7.994535980723535,9.003591908285285,7.923787976948168,7.923787976948168
5,77,0.9765038793431475,4.17411814333498,-0.1598488056806806,5.310470828358809,0.3142562816516077,4.836365741026521,True,True,True,3.1976142639918326,5.470319634039489,4.522109459374914,2.32483630669669,3.0143243126349804,2.575311011339064,2.575311011339064
5,78,7.058909666331544,10.256523930323377,5.922556981307715,11.392876615347205,6.396662068640003,10.918771528014917,True,True,True,3.1976142639918335,5.47031963403949,4.522109459374914,8.004846316862416,8.558355287044508,8.65771679832746,8.65771679832746
5,79,3.061157579290043,6.258771843281876,1.9248048942662148,7.395124528305704,2.398909981598503,6.921019440973415,True,True,True,3.1976142639918326,5.470319634039489,4.522109459374912,5.128084972900664,5.285152854949276,4.6599647112859595,4.6599647112859595
5,80,14.422089798286573,17.619704062278405,13.285737113262744,18.756056747302235,13.759842200595033,18.281951659969945,True,True,True,3.1976142639918326,5.470319634039491,4.522109459374912,17.10582077020264,16.43946728621829,16.02089693028249,16.02089693028249
5,81,5.793885784716578,8.991500048708412,4.65753309969275,10.12785273373224,5.131638187025038,9.653747646399951,True,True,True,3.1976142639918335,5.47031963403949,4.522109459374914,7.450979856336014,6.588518427070168,7.392692916712495,7.392692916712495
5,82,3.0932923356491697,6.290906599641002,1.9569396506253414,7.427259284664831,2.4310447379576297,6.953154197332543,True,True,True,3.1976142639918326,5.470319634039489,4.522109459374914,3.638734151946017,3.071615604309484,4.692099467645086,4.692099467645086
5,83,11.385642876885587,14.583257140877421,10.24929019186176,15.719609825901248,10.723395279194047,15.245504738568961,True,True,True,3.1976142639918343,5.4703196340394875,4.522109459374914,13.911024529551854,14.532982221249746,12.984450008881504,12.984450008881504
5,84,11.001137737160946,14.19875200115278,9.864785052137119,15.335104686176606,10.338890139469406,14.86099959884432,True,True,True,3.1976142639918343,5.4703196340394875,4.522109459374914,12.867105950842154,14.894088749840355,12.599944869156863,12.599944869156863
5,85,2.648350212279208,5.845964476271041,1.5119975272553798,6.982317161294869,1.9861026145876681,6.50821207396258,True,True,True,3.1976142639918326,5.470319634039489,4.522109459374912,4.094436918996427,3.656364237122722,4.2471573442751245,4.2471573442751245
5,86,11.937147300234503,15.134761564226338,10.800794615210677,16.271114249250164,11.274899702542964,15.797009161917877,True,True,True,3.1976142639918343,5.4703196340394875,4.522109459374914,13.088089199720425,12.592434374916326,13.53595443223042,13.53595443223042
5,87,4.541770189741002,7.739384453732835,3.4054175047171737,8.875737138756662,3.879522592049462,8.401632051424375,True,True,True,3.1976142639918326,5.470319634039488,4.522109459374914,5.946959980713548,5.338653490402204,6.140577321736918,6.140577321736918
5,88,0.856669123350082,4.054283387341915,-0.2796835616737461,5.190636072365743,0.1944215256585422,4.7165309850334545,True,True,True,3.1976142639918326,5.470319634039489,4.522109459374912,2.1067284053724413,2.515833367388189,2.4554762553459986,2.4554762553459986
5,89,9.943754294353337,13.141368558345171,8.80740160932951,14.277721243368998,9.281506696661797,13.80361615603671,True,True,True,3.1976142639918343,5.4703196340394875,4.522109459374914,11.396388212028604,11.991027163983965,11.542561426349254,11.542561426349254
5,90,2.946764408520365,6.144378672512198,1.8104117234965367,7.280731357536026,2.284516810828825,6.806626270203738,True,True,True,3.1976142639918326,5.470319634039489,4.522109459374914,4.14025893520454,3.709372370862666,4.545571540516281,4.545571540516281
5,91,14.375331974653447,17.57294623864528,13.238979289629619,18.70929892366911,13.713084376961907,18.23519383633682,True,True,True,3.1976142639918326,5.470319634039491,4.522109459374912,16.440837889708256,15.267517556172837,15.974139106649364,15.974139106649364
5,92,12.41042040044772,15.608034664439554,11.274067715423893,16.74438734946338,11.74817280275618,16.270282262131094,True,True,True,3.1976142639918343,5.4703196340394875,4.522109459374914,13.816812460464446,14.776383069813741,14.009227532443637,14.009227532443637
5,93,5.866338742267768,9.0639530062596,4.72998605724394,10.200305691283429,5.204091144576228,9.72620060395114,True,True,True,3.1976142639918326,5.470319634039489,4.522109459374912,8.089635992703867,6.761453301538467,7.465145874263684,7.465145874263684
5,94,5.585471209821129,8.783085473812962,4.449118524797301,9.91943815883679,4.92322361212959,9.445333071504502,True,True,True,3.1976142639918326,5.470319634039489,4.522109459374912,7.5030047450463195,5.641974658896598,7.184278341817046,7.184278341817046
5,95,1.8520744781824845,5.049688742174317,0.7157217931586564,6.186041427198146,1.1898268804909446,5.711936339865858,True,False,True,3.1976142639918326,5.470319634039489,4.522109459374914,2.8953292520440788,0.2321926844401756,3.450881610178401,3.450881610178401
5,96,3.0787821113106846,6.276396375302517,1.9424294262868562,7.4127490603263455,2.4165345136191445,6.938643972994058,True,True,True,3.1976142639918326,5.470319634039489,4.522109459374914,4.016188124054285,4.352307278395602,4.677589243306601,4.677589243306601
5,97,12.867433770713985,16.065048034705818,11.731081085690157,17.201400719729648,12.205186173022446,16.727295632397357,True,True,True,3.1976142639918326,5.470319634039491,4.522109459374912,15.432013640546879,15.621771589444835,14.466240902709902,14.466240902709902
5,98,5.53033325434113,8.727947518332963,4.393980569317302,9.864300203356791,4.8680856566495905,9.390195116024502,True,True,True,3.1976142639918326,5.470319634039489,4.522109459374912,7.397948246753295,6.727477247063907,7.129140386337046,7.129140386337046
5,99,11.27023884163667,14.467853105628505,10.133886156612842,15.604205790652333,10.607991243945131,15.130100703320045,True,True,True,3.1976142639918343,5.470319634039491,4.522109459374914,12.328458692451273,13.110876097810362,12.869045973632588,12.869045973632588
5,100,10.043641501469576,13.24125576546141,8.90728881644575,14.377608450485237,9.381393903778037,13.90350336315295,True,True,True,3.1976142639918343,5.4703196340394875,4.522109459374914,11.765957254086901,10.86806502822353,11.642448633465493,11.642448633465493
5,101,2.7975044287130046,5.995118692704837,1.6611517436891763,7.131471377728666,2.1352568310214646,6.657366290396377,True,True,True,3.1976142639918326,5.470319634039489,4.522109459374912,4.480824884169756,2.6367854498199237,4.396311560708921,4.396311560708921
5,102,5.246651353081056,8.444265617072888,4.1102986680572275,9.580618302096717,4.584403755389516,9.106513214764428,True,True,True,3.1976142639918326,5.470319634039489,4.522109459374912,7.295184920842742,7.447678168982709,6.845458485076972,6.845458485076972
5,103,9.705977710407184,12.903591974399019,8.569625025383356,14.039944659422847,9.043730112715645,13.565839572090558,True,True,True,3.1976142639918343,5.470319634039491,4.522109459374914,10.66599301149833,10.583520628336872,11.304784842403102,11.304784842403102
5,104,10.519860187936127,13.717474451927961,9.383507502912298,14.85382713695179,9.857612590244587,14.3797220496195,True,True,True,3.1976142639918343,5.470319634039491,4.522109459374914,11.183294144448109,11.43221469333482,12.118667319932044,12.118667319932044
5,105,5.681120263287206,8.87873452727904,4.544767578263378,10.015087212302866,5.018872665595666,9.54098212497058,True,True,True,3.1976142639918335,5.470319634039488,4.522109459374914,7.826071824935537,7.622253360217291,7.2799273952831225,7.2799273952831225
5,106,9.913179171907453,13.110793435899287,8.776826486883625,14.247146120923116,9.250931574215913,13.773041033590827,True,True,True,3.1976142639918343,5.470319634039491,4.522109459374914,11.363843422625894,9.748203423205414,11.51198630390337,11.51198630390337
5,107,12.204631771788556,15.40224603578039,11.06827908676473,16.538598720804217,11.542384174097016,16.06449363347193,True,True,True,3.1976142639918343,5.4703196340394875,4.522109459374914,13.630685629369951,12.897211107021779,13.803438903784473,13.803438903784473
5,108,11.381711582014141,14.579325846005975,10.245358896990314,15.715678531029802,10.719463984322601,15.241573443697515,True,True,True,3.1976142639918343,5.4703196340394875,4.522109459374914,13.071389813181725,10.908391732341673,12.980518714010058,12.980518714010058
5,109,5.656621422010903,8.854235686002736,4.520268736987075,9.990588371026565,4.9943738243193625,9.516483283694276,True,True,True,3.1976142639918335,5.47031963403949,4.522109459374914,8.353804559213717,8.073354214478542,7.255428554006819,7.255428554006819
5,110,7.070663946993538,10.268278210985372,5.93431126196971,11.404630896009198,6.408416349301998,10.930525808676911,True,True,True,3.1976142639918335,5.470319634039488,4.522109459374914,8.604110185258431,9.399294962401036,8.669471078989455,8.669471078989455
5,111,9.50129931716166,12.698913581153494,8.364946632137833,13.835266266177321,8.83905171947012,13.361161178845034,True,True,True,3.1976142639918343,5.4703196340394875,4.522109459374914,10.725975567431764,9.315412455105214,11.100106449157577,11.100106449157577
5,112,6.46641846886694,9.664032732858773,5.330065783843112,10.800385417882602,5.804170871175399,10.326280330550313,True,True,True,3.1976142639918335,5.47031963403949,4.522109459374914,7.522555511622271,8.600695187603046,8.065225600862856,8.065225600862856
5,113,10.587258499635976,13.78487276362781,9.450905814612149,14.921225448651636,9.925010901944436,14.44712036131935,True,True,True,3.1976142639918343,5.4703196340394875,4.522109459374914,11.575140790632553,10.826459445676637,12.186065631631893,12.186065631631893
5,114,8.255648327889844,11.453262591881678,7.119295642866017,12.589615276905505,7.593400730198304,12.115510189573218,True,True,True,3.1976142639918343,5.470319634039488,4.522109459374914,9.571096616661599,10.96664347793908,9.854455459885761,9.854455459885761
5,115,7.97255236192884,11.170166625920674,6.836199676905012,12.306519310944502,7.3103047642373,11.832414223612213,True,True,True,3.1976142639918335,5.47031963403949,4.522109459374914,8.358253081412201,7.535123362239266,9.571359493924756,9.571359493924756
5,116,3.024929512199969,6.222543776191801,1.8885768271761405,7.35889646121563,2.362681914508429,6.884791373883342,True,True,True,3.1976142639918326,5.470319634039489,4.522109459374914,4.31262143824573,4.54165582455464,4.623736644195885,4.623736644195885
5,117,6.404987394810692,9.602601658802525,5.2686347097868635,10.738954343826354,5.742739797119151,10.264849256494065,True,True,True,3.1976142639918335,5.47031963403949,4.522109459374914,7.503160246826614,7.389229636268465,8.003794526806608,8.003794526806608
5,118,11.232730244070657,14.430344508062491,10.096377559046829,15.56669719308632,10.570482646379117,15.092592105754031,True,True,True,3.1976142639918343,5.470319634039491,4.522109459374914,12.751514223853526,12.445889378353286,12.831537376066574,12.831537376066574
5,119,3.510854112936065,6.708468376927898,2.3745014279122367,7.844821061951726,2.848606515244525,7.370715974619438,True,True,True,3.1976142639918326,5.470319634039489,4.522109459374914,4.688355634556014,5.15940426439033,5.109661244931981,5.109661244931981
5,120,5.543988779231074,8.741603043222907,4.407636094207246,9.877955728246736,4.8817411815395335,9.403850640914447,True,True,True,3.1976142639918335,5.47031963403949,4.522109459374914,5.876197343147901,6.697805477492151,7.14279591122699,7.14279591122699
5,121,1.3408543100761336,4.538468574067966,0.2045016250523055,5.674821259091795,0.6786067123845938,5.200716171759506,True,True,True,3.1976142639918326,5.470319634039489,4.522109459374912,2.916099882465419,2.6600403598142948,2.93966144207205,2.93966144207205
5,122,1.326604166433958,4.524218430425791,0.19025148141012993,5.660571115449619,0.6643565687424182,5.186466028117331,True,True,True,3.1976142639918335,5.470319634039489,4.522109459374913,2.7596282244095116,2.1788982796311,2.9254112984298746,2.9254112984298746
5,123,7.780360162378755,10.977974426370588,6.6440074773549265,12.114327111394417,7.118112564687214,11.640222024062128,True,True,True,3.1976142639918335,5.47031963403949,4.522109459374914,9.03866788057164,7.760250071865307,9.379167294374671,9.379167294374671
5,124,6.45689746534915,9.654511729340983,5.320544780325322,10.790864414364812,5.7946498676576095,10.316759327032523,True,True,True,3.1976142639918335,5.47031963403949,4.522109459374914,8.215818063174986,7.931450711699378,8.055704597345066,8.055704597345066
5,125,7.918922066421708,11.116536330413542,6.78256938139788,12.252889015437368,7.256674468730168,11.778783928105081,True,True,True,3.1976142639918335,5.470319634039488,4.522109459374914,9.488429552320019,10.281728458211687,9.517729198417625,9.517729198417625
5,126,8.696465113485724,11.894079377477558,7.560112428461896,13.030432062501387,8.034217515794184,12.556326975169098,True,True,True,3.1976142639918343,5.47031963403949,4.522109459374914,9.939229660909927,11.01151283900117,10.295272245481641,10.295272245481641
5,127,6.578402886536446,9.77601715052828,5.442050201512617,10.912369835552106,5.916155288844905,10.438264748219819,True,True,True,3.1976142639918335,5.470319634039488,4.522109459374914,8.219902929492248,8.90255990987323,8.177210018532362,8.177210018532362
5,128,4.970619705929647,8.16823396992148,3.834267020905819,9.304586654945307,4.308372108238107,8.83048156761302,True,True,True,3.1976142639918335,5.470319634039488,4.522109459374914,6.282504688507625,5.949002167688854,6.569426837925564,6.569426837925564
5,129,6.075762542998252,9.273376806990084,4.9394098579744234,10.409729492013913,5.413514945306712,9.935624404681624,True,True,True,3.1976142639918326,5.470319634039489,4.522109459374912,8.009207882307416,7.3631127969275365,7.674569674994168,7.674569674994168
5,130,6.711261955737066,9.9088762197289,5.5749092707132375,11.045228904752726,6.049014358045525,10.571123817420439,True,True,True,3.1976142639918335,5.470319634039488,4.522109459374914,7.32829271201949,6.706441885500328,8.310069087732982,8.310069087732982
5,131,2.3800118326241346,5.577626096615968,1.2436591476003067,6.713978781639796,1.717764234932595,6.239873694307508,True,True,True,3.1976142639918335,5.470319634039489,4.522109459374913,3.8249207591741823,3.7392441628117012,3.9788189646200514,3.9788189646200514
5,132,6.002743897095291,9.200358161087124,4.866391212071463,10.336710846110952,5.3404962994037515,9.862605758778663,True,True,True,3.1976142639918326,5.470319634039489,4.522109459374912,7.393009190039606,7.443939795077987,7.601551029091207,7.601551029091207
5,133,1.7487002283680255,4.946314492359859,0.6123475433441974,6.082667177383687,1.0864526306764857,5.608562090051398,True,True,True,3.1976142639918335,5.470319634039489,4.522109459374913,3.636222170273104,0.6492130384069994,3.347507360363942,3.347507360363942
5,134,6.173356038605437,9.37097030259727,5.037003353581609,10.507322987621098,5.5111084409138975,10.03321790028881,True,True,True,3.1976142639918326,5.470319634039489,4.522109459374912,7.430425862183195,9.216894388593794,7.772163170601353,7.772163170601353
5,135,5.002121635913844,8.199735899905678,3.8657689508900157,9.336088584929506,4.3398740382223036,8.861983497597217,True,True,True,3.1976142639918335,5.47031963403949,4.522109459374914,5.6254066838123205,4.8282901173023145,6.60092876790976,6.60092876790976
5,136,4.030636027919604,7.228250291911436,2.8942833428957755,8.364602976935265,3.368388430228064,7.890497889602976,True,True,True,3.1976142639918326,5.470319634039489,4.522109459374912,5.4654115567939385,5.819865905466618,5.62944315991552,5.62944315991552
5,137,7.383543661069354,10.581157925061188,6.247190976045526,11.717510610085014,6.721296063377814,11.243405522752727,True,True,True,3.1976142639918335,5.470319634039488,4.522109459374914,9.183809739375373,9.222834583534592,8.98235079306527,8.98235079306527
5,138,1.9695907994085433,5.1672050634003766,0.8332381143847152,6.303557748424204,1.3073432017170035,5.829452661091916,True,True,True,3.1976142639918335,5.470319634039489,4.522109459374913,3.64552152592578,3.359929167693445,3.56839793140446,3.56839793140446
5,139,5.775490008133909,8.973104272125742,4.639137323110081,10.10945695714957,5.1132424104423695,9.635351869817281,True,True,True,3.1976142639918326,5.470319634039489,4.522109459374912,7.147686983137332,7.086237559063392,7.374297140129825,7.374297140129825
5,140,5.007382462531954,8.204996726523786,3.8710297775081255,9.341349411547615,4.345134864840414,8.867244324215326,True,True,True,3.1976142639918326,5.470319634039489,4.522109459374912,7.340784576106949,7.567332484983746,6.60618959452787,6.60618959452787
5,141,8.542655582702421,11.740269846694256,7.406302897678594,12.876622531718084,7.880407985010882,12.402517444385795,True,True,True,3.1976142639918343,5.47031963403949,4.522109459374914,10.561656960644445,9.347715262312125,10.141462714698338,10.141462714698338
5,142,8.92745443596764,12.125068699959474,7.791101750943812,13.2614213849833,8.2652068382761,12.787316297651014,True,True,True,3.1976142639918343,5.470319634039488,4.522109459374914,10.51100387226348,9.429387993734101,10.526261567963557,10.526261567963557
5,143,3.8427265783647826,7.040340842356615,2.7063738933409542,8.176693527380444,3.1804789806732425,7.702588440048155,True,True,True,3.1976142639918326,5.470319634039489,4.522109459374912,4.582590335588929,5.071477855847279,5.441533710360699,5.441533710360699
5,144,10.879406201058725,14.077020465050559,9.743053516034898,15.213373150074386,10.217158603367185,14.739268062742099,True,True,True,3.1976142639918343,5.4703196340394875,4.522109459374914,12.86881442083524,11.519010035122413,12.478213333054642,12.478213333054642
5,145,11.624946562889669,14.822560826881503,10.488593877865842,15.95891351190533,10.962698965198129,15.484808424573043,True,True,True,3.1976142639918343,5.4703196340394875,4.522109459374914,13.359761256230811,12.870090624275162,13.223753694885586,13.223753694885586
5,146,5.978577448602743,9.176191712594576,4.842224763578915,10.312544397618403,5.3163298509112025,9.838439310286116,True,True,True,3.1976142639918335,5.470319634039488,4.522109459374914,5.9856530998737405,4.963021381650803,7.577384580598659,7.577384580598659
5,147,8.888641600443302,12.086255864435136,7.7522889154194745,13.222608549458965,8.226394002751762,12.748503462126676,True,True,True,3.1976142639918343,5.47031963403949,4.522109459374914,9.281715024981676,8.669748845264504,10.48744873243922,10.48744873243922
5,148,8.50279388216004,11.700408146151874,7.366441197136212,12.836760831175702,7.8405462844685,12.362655743843414,True,True,True,3.1976142639918343,5.47031963403949,4.522109459374914,10.56008304014111,10.931389177697811,10.101601014155957,10.101601014155957
5,149,2.4365705690988486,5.634184833090681,1.3002178840750203,6.7705375181145095,1.7743229714073085,6.296432430782222,True,True,True,3.1976142639918326,5.470319634039489,4.522109459374914,3.4549217226926245,2.6506262039029798,4.035377701094765,4.035377701094765
5,150,5.770233863536633,8.967848127528466,4.633881178512804,10.104200812552293,5.107986265845092,9.630095725220006,True,True,True,3.1976142639918335,5.470319634039488,4.522109459374914,7.203399622805143,7.027791909186026,7.369040995532549,7.369040995532549
5,151,9.795673769393229,12.993288033385063,8.659321084369402,14.12964071840889,9.13342617170169,13.655535631076603,True,True,True,3.1976142639918343,5.4703196340394875,4.522109459374914,11.715364528853515,12.460221936019733,11.394480901389146,11.394480901389146
5,152,7.578377882182955,10.775992146174788,6.4420251971591265,11.912344831198617,6.916130284491414,11.438239743866328,True,True,True,3.1976142639918335,5.47031963403949,4.522109459374914,8.888182459332818,10.304188122818061,9.177185014178871,9.177185014178871
5,153,9.422845863704227,12.620460127696061,8.286493178680399,13.75681281271989,8.760598266012687,13.282707725387601,True,True,True,3.1976142639918343,5.470319634039491,4.522109459374914,11.558861256156717,11.648983333935947,11.021652995700144,11.021652995700144
5,154,14.094191697012464,17.291805961004297,12.957839011988636,18.428158646028127,13.431944099320924,17.954053558695836,True,True,True,3.1976142639918326,5.470319634039491,4.522109459374912,16.647716451091433,17.216030808970547,15.692998829008381,15.692998829008381
5,155,4.640867434117862,7.838481698109694,3.5045147490940334,8.974834383133523,3.9786198364263217,8.500729295801234,True,True,True,3.1976142639918326,5.470319634039489,4.522109459374912,5.314250453468905,4.799963110118074,6.239674566113778,6.239674566113778
5,156,12.16289897154046,15.360513235532295,11.026546286516634,16.49686592055612,11.500651373848921,16.022760833223835,True,True,True,3.1976142639918343,5.4703196340394875,4.522109459374914,14.552625738589025,15.881922011011206,13.761706103536378,13.761706103536378
5,157,6.851347238612003,10.048961502603836,5.714994553588174,11.185314187627664,6.189099640920462,10.711209100295376,True,True,True,3.1976142639918335,5.47031963403949,4.522109459374914,8.477847561965884,9.108098332530421,8.450154370607919,8.450154370607919
5,158,9.956434383751114,13.154048647742949,8.820081698727286,14.290401332766777,9.294186786059575,13.816296245434488,True,True,True,3.1976142639918343,5.470319634039491,4.522109459374914,10.629404305412063,11.272336815928657,11.555241515747031,11.555241515747031
5,159,9.260075005303596,12.45768926929543,8.123722320279768,13.594041954319259,8.597827407612057,13.11993686698697,True,True,True,3.1976142639918343,5.470319634039491,4.522109459374914,10.833281890847047,9.758363487225346,10.858882137299513,10.858882137299513
5,160,10.502152602089017,13.699766866080852,9.365799917065189,14.83611955110468,9.839905004397478,14.362014463772391,True,True,True,3.1976142639918343,5.470319634039491,4.522109459374914,12.06931327833796,12.005959778248648,12.100959734084935,12.100959734084935
5,161,9.836961256060782,13.034575520052616,8.700608571036955,14.170928205076443,9.174713658369242,13.696823117744156,True,True,True,3.1976142639918343,5.4703196340394875,4.522109459374914,11.153883860908106,11.53214144075783,11.4357683880567,11.4357683880567
5,162,12.817214870996207,16.01482913498804,11.68086218597238,17.151181820011868,12.154967273304667,16.67707673267958,True,True,True,3.1976142639918343,5.4703196340394875,4.522109459374914,15.055383098985063,16.21030354018958,14.416022002992124,14.416022002992124
5,163,14.040233252630928,17.23784751662276,12.9038805676071,18.37420020164659,13.377985654939389,17.9000951143143,True,True,True,3.1976142639918326,5.470319634039491,4.522109459374912,15.555106460123003,15.919308850825963,15.639040384626846,15.639040384626846
5,164,1.4140826319635693,4.6116968959554026,0.2777299469397412,5.748049580979231,0.7518350342720295,5.273944493646942,True,True,True,3.1976142639918335,5.470319634039489,4.522109459374913,2.332324218144665,2.9356104080871432,3.012889763959486,3.012889763959486
5,165,10.621328890841442,13.818943154833276,9.484976205817613,14.955295839857104,9.959081293149902,14.481190752524816,True,True,True,3.1976142639918343,5.470319634039491,4.522109459374914,12.830143426226538,12.929458650656686,12.220136022837359,12.220136022837359
5,166,3.277263397256829,6.474877661248661,2.1409107122330004,7.61123034627249,2.6150157995652887,7.137125258940202,True,True,True,3.1976142639918326,5.470319634039489,4.522109459374914,4.211522270267749,3.664489341019829,4.876070529252745,4.876070529252745
5,167,8.583924713449534,11.781538977441368,7.447572028425706,12.917891662465195,7.921677115757994,12.443786575132908,True,True,True,3.1976142639918343,5.470319634039488,4.522109459374914,10.221602585507913,11.911302928741943,10.182731845445451,10.182731845445451
5,168,4.3648917823735225,7.562506046365355,3.228539097349694,8.698858731389183,3.7026441846819824,8.224753644056895,True,True,True,3.1976142639918326,5.470319634039489,4.522109459374912,5.041097868726624,5.3994391087338025,5.963698914369439,5.963698914369439
5,169,7.844002212172023,11.041616476163856,6.707649527148194,12.177969161187683,7.181754614480482,11.703864073855396,True,True,True,3.1976142639918335,5.470319634039488,4.522109459374914,9.049074344510535,9.968747551804773,9.442809344167939,9.442809344167939
5,170,12.203437076475444,15.401051340467278,11.067084391451615,16.537404025491107,11.541189478783904,16.063298938158816,True,True,True,3.1976142639918343,5.470319634039491,4.522109459374912,13.884223386203285,13.868197554355183,13.802244208471361,13.802244208471361
5,171,9.01654288154063,12.214157145532464,7.880190196516803,13.350509830556291,8.35429528384909,12.876404743224004,True,True,True,3.1976142639918343,5.470319634039488,4.522109459374914,11.06981363249302,11.771329321279909,10.615350013536547,10.615350013536547
5,172,10.521750824842883,13.719365088834717,9.385398139819056,14.855717773858544,9.859503227151343,14.381612686526257,True,True,True,3.1976142639918343,5.4703196340394875,4.522109459374914,12.088234822874718,12.743209602232646,12.1205579568388,12.1205579568388
5,173,12.648259589174293,15.845873853166127,11.511906904150464,16.982226538189956,11.986011991482753,16.508121450857665,True,True,True,3.1976142639918343,5.470319634039491,4.522109459374912,13.868749479087677,14.390069224584058,14.24706672117021,14.24706672117021
5,174,8.973325909744743,12.170940173736577,7.836973224720915,13.307292858760405,8.311078312053203,12.833187771428117,False,True,True,3.1976142639918343,5.47031963403949,4.522109459374914,8.971737718953424,8.906351199461886,10.57213304174066,10.57213304174066
5,175,1.6047926222459619,4.802406886237795,0.46843993722213373,5.938759571261623,0.942545024554422,5.464654483929335,True,True,True,3.1976142639918326,5.470319634039489,4.522109459374914,3.694258699416238,2.634382981075651,3.2035997542418784,3.2035997542418784
5,176,8.449147974842866,11.6467622388347,7.3127952898190385,12.783114923858527,7.786900377151326,12.30900983652624,True,True,True,3.1976142639918343,5.470319634039488,4.522109459374914,10.223240275800844,11.029429638180417,10.047955106838783,10.047955106838783
5,177,0.8696928169012346,4.067307080893068,-0.26665986812259357,5.203659765916896,0.20744521920969472,4.729554678584607,True,True,True,3.1976142639918335,5.470319634039489,4.522109459374913,1.1299569356945647,-0.0010677368995228864,2.468499948897151,2.468499948897151
5,178,8.724225365609168,11.921839629601003,7.587872680585341,13.05819231462483,8.061977767917629,12.584087227292542,True,True,True,3.1976142639918343,5.470319634039488,4.522109459374914,9.535292783330421,8.979802050204514,10.323032497605086,10.323032497605086
5,179,13.27122335342546,16.468837617417293,12.134870668401632,17.605190302441123,12.60897575573392,17.131085215108833,True,True,True,3.1976142639918326,5.470319634039491,4.522109459374912,14.755021521206618,13.978551026095678,14.870030485421378,14.870030485421378
5,180,9.419028704082995,12.61664296807483,8.282676019059167,13.752995653098658,8.756781106391456,13.27889056576637,True,True,True,3.1976142639918343,5.470319634039491,4.522109459374914,9.928101706806713,11.61236861100941,11.017835836078913,11.017835836078913
5,181,2.75838061627881,5.955994880270643,1.6220279312549817,7.092347565294471,2.09613301858727,6.618242477962182,True,True,True,3.1976142639918326,5.470319634039489,4.522109459374912,3.4770151358699164,4.067430230378112,4.357187748274726,4.357187748274726
5,182,7.190129988453768,10.387744252445602,6.05377730342994,11.52409693746943,6.527882390762228,11.049991850137141,True,True,True,3.1976142639918335,5.47031963403949,4.522109459374914,9.106316794887427,8.69656325944141,8.788937120449685,8.788937120449685
5,183,7.294023635696939,10.491637899688772,6.15767095067311,11.627990584712599,6.631776038005398,11.153885497380312,True,True,True,3.1976142639918335,5.470319634039488,4.522109459374914,7.771761876936557,8.280443382943554,8.892830767692855,8.892830767692855
5,184,11.377119163467693,14.574733427459527,10.240766478443867,15.711086112483354,10.714871565776154,15.236981025151067,True,True,True,3.1976142639918343,5.4703196340394875,4.522109459374914,12.895776182279233,12.917842370628511,12.97592629546361,12.97592629546361
5,185,6.564146146879501,9.761760410871334,5.427793461855672,10.898113095895162,5.90189854918796,10.424008008562874,True,True,True,3.1976142639918335,5.47031963403949,4.522109459374914,8.877666715315344,9.985037385317737,8.162953278875417,8.162953278875417
5,186,8.421246108145976,11.61886037213781,7.284893423122148,12.755213057161637,7.758998510454436,12.28110796982935,True,True,True,3.1976142639918343,5.470319634039488,4.522109459374914,9.045602673116603,9.377135442742434,10.020053240141893,10.020053240141893
5,187,5.00271577430946,8.200330038301294,3.866363089285632,9.336682723325122,4.34046817661792,8.862577635992833,True,True,True,3.1976142639918335,5.47031963403949,4.522109459374914,7.109531543930973,8.585330097076612,6.601522906305377,6.601522906305377
5,188,12.299450300726981,15.497064564718816,11.163097615703155,16.633417249742642,11.637202703035442,16.159312162410355,True,True,True,3.1976142639918343,5.4703196340394875,4.522109459374914,13.055513478027155,12.19394441147098,13.898257432722898,13.898257432722898
5,189,1.592288061344594,4.789902325336427,0.45593537632076586,5.926255010360255,0.9300404636530542,5.452149923027967,True,True,True,3.1976142639918326,5.470319634039489,4.522109459374914,4.119205224999289,2.755327612126064,3.1910951933405105,3.1910951933405105
5,190,12.778523815366684,15.976138079358519,11.642171130342856,17.112490764382347,12.116276217675145,16.638385677050056,True,True,True,3.1976142639918343,5.470319634039491,4.522109459374912,13.90958483196303,12.161221532369222,14.377330947362601,14.377330947362601
5,191,9.693448446328182,12.891062710320016,8.557095761304353,14.027415395343844,9.031200848636642,13.553310308011556,True,True,True,3.1976142639918343,5.470319634039491,4.522109459374914,10.495380665884301,9.505327477811312,11.292255578324099,11.292255578324099
5,192,5.113413590498479,8.311027854490312,3.9770609054746506,9.447380539514139,4.4511659928069385,8.973275452181852,True,True,True,3.1976142639918335,5.470319634039488,4.522109459374914,6.468644411574141,6.381595564400783,6.712220722494395,6.712220722494395
5,193,8.627908115465216,11.82552237945705,7.491555430441388,12.961875064480878,7.965660517773676,12.48776997714859,True,True,True,3.1976142639918343,5.47031963403949,4.522109459374914,9.061302604941854,8.477158311541945,10.226715247461133,10.226715247461133
5,194,9.175351231925998,12.372965495917832,8.038998546902171,13.509318180941658,8.513103634234458,13.035213093609372,True,True,True,3.1976142639918343,5.4703196340394875,4.522109459374914,9.748459708396032,10.733503270613758,10.774158363921915,10.774158363921915
5,195,2.7748895965421543,5.972503860533987,1.638536911518326,7.108856545557815,2.112641998850614,6.6347514582255265,True,True,True,3.1976142639918326,5.470319634039489,4.522109459374912,4.153519889744006,2.4141798979045137,4.373696728538071,4.373696728538071
5,196,6.48750661389295,9.685120877884783,5.351153928869121,10.821473562908611,5.825259016201409,10.347368475576323,True,True,True,3.1976142639918335,5.47031963403949,4.522109459374914,7.619814175303741,8.137693185176683,8.086313745888866,8.086313745888866
5,197,7.520090348277733,10.717704612269566,6.383737663253904,11.854057297293394,6.857842750586192,11.379952209961106,True,True,True,3.1976142639918335,5.47031963403949,4.522109459374914,8.935401091053473,8.404637314668548,9.118897480273649,9.118897480273649
5,198,5.601855550229137,8.79946981422097,4.465502865205309,9.935822499244798,4.939607952537598,9.46171741191251,True,True,True,3.1976142639918326,5.470319634039489,4.522109459374912,7.2164050766657954,6.6642928676126445,7.200662682225054,7.200662682225054
5,199,10.59929166140834,13.796905925400175,9.462938976384514,14.933258610424001,9.937044063716801,14.459153523091715,True,True,True,3.1976142639918343,5.4703196340394875,4.522109459374914,12.011078091963453,11.856034790122875,12.198098793404258,12.198098793404258
6,0,10.05671325701321,13.335499742943265,8.891513980520372,14.500699019436102,9.377654341714283,14.01455865824219,False,True,True,3.2787864859300555,5.609185038915729,4.636904316527907,9.677421024026742,10.233610451995844,11.696106499978237,11.696106499978237
6,1,7.414297244380315,10.69308373031037,6.249097967887478,11.858283006803207,6.735238329081389,11.372142645609296,True,True,True,3.2787864859300555,5.609185038915729,4.636904316527907,8.236929745312434,9.204522705912511,9.053690487345342,9.053690487345342
6,2,1.2923476785807566,4.571134164510813,0.12714840208791944,5.73633344100365,0.6132887632818314,5.250193079809738,True,True,True,3.2787864859300564,5.60918503891573,4.6369043165279065,3.31665878371145,3.084256341755004,2.9317409215457846,2.9317409215457846
6,3,13.947313060729108,17.226099546659164,12.782113784236271,18.391298823152002,13.268254145430182,17.905158461958088,True,True,True,3.2787864859300555,5.609185038915731,4.636904316527906,16.300218862644602,15.332036137321074,15.586706303694136,15.586706303694136
6,4,8.8295339765737,12.108320462503755,7.664334700080863,13.273519738996592,8.150475061274774,12.787379377802681,True,True,True,3.2787864859300555,5.609185038915729,4.636904316527907,10.708142455665278,9.453857829385342,10.468927219538728,10.468927219538728
6,5,7.082013940521096,10.360800426451151,5.916814664028259,11.525999702943988,6.40295502522217,11.039859341750077,True,True,True,3.2787864859300555,5.609185038915729,4.636904316527907,9.345912206386279,7.000961308125488,8.721407183486123,8.721407183486123
6,6,5.64026100563807,8.919047491568126,4.475061729145233,10.084246768060963,4.961202090339144,9.598106406867052,True,True,True,3.2787864859300555,5.609185038915729,4.636904316527907,6.7886738382519445,6.847258793851187,7.279654248603098,7.279654248603098
6,7,4.8560251670848835,8.134811653014939,3.690825890592046,9.300010929507776,4.176966251785958,8.813870568313865,True,True,True,3.2787864859300555,5.609185038915729,4.636904316527907,5.115058086898646,6.726430306769733,6.495418410049911,6.495418410049911
6,8,4.4709596261100435,7.749746112040099,3.305760349617206,8.914945388532937,3.791900710811118,8.428805027339024,True,True,True,3.2787864859300555,5.609185038915731,4.636904316527906,5.083980739024075,5.318806927501379,6.110352869075071,6.110352869075071
6,9,6.830441095560225,10.10922758149028,5.665241819067388,11.274426857983118,6.151382180261299,10.788286496789206,True,True,True,3.2787864859300555,5.609185038915729,4.636904316527907,7.849803780726068,7.522052745433534,8.469834338525253,8.469834338525253
6,10,9.467209168175186,12.745995654105242,8.30200989168235,13.911194930598079,8.78815025287626,13.425054569404168,True,True,True,3.2787864859300555,5.609185038915729,4.636904316527907,11.20346224519847,11.288555860554128,11.106602411140214,11.106602411140214
6,11,6.657862664680367,9.936649150610423,5.49266338818753,11.10184842710326,5.978803749381441,10.615708065909349,True,True,True,3.2787864859300555,5.609185038915729,4.636904316527907,8.57672964102176,8.27110343213202,8.297255907645395,8.297255907645395
6,12,8.655698357151017,11.934484843081073,7.49049908065818,13.09968411957391,7.976639441852091,12.613543758379999,True,True,True,3.2787864859300555,5.609185038915729,4.636904316527907,10.5184614351255,9.992270804691408,10.295091600116045,10.295091600116045
6,13,10.629324716784675,13.90811120271473,9.464125440291838,15.073310479207567,9.950265801485749,14.587170118013656,True,True,True,3.2787864859300555,5.609185038915729,4.636904316527907,12.090390792639727,13.5047723301369,12.268717959749702,12.268717959749702
6,14,11.47343786574897,14.752224351679025,10.308238589256133,15.917423628171862,10.794378950450044,15.431283266977951,True,True,True,3.2787864859300555,5.609185038915729,4.636904316527907,13.183070522294802,14.322083794007284,13.112831108713998,13.112831108713998
6,15,5.7169607876844575,8.995747273614514,4.55176151119162,10.16094655010735,5.037901872385532,9.674806188913438,True,True,True,3.2787864859300564,5.609185038915731,4.636904316527906,7.341568901305147,8.27623343281086,7.356354030649485,7.356354030649485
6,16,3.814823737725722,7.093610223655777,2.6496244612328845,8.258809500148615,3.1357648224267964,7.7726691389547025,True,True,True,3.2787864859300555,5.609185038915731,4.636904316527906,5.024654158144337,5.969485419897131,5.45421698069075,5.45421698069075
6,17,10.914535373164496,14.193321859094551,9.749336096671659,15.358521135587388,10.23547645786557,14.872380774393477,True,True,True,3.2787864859300555,5.609185038915729,4.636904316527907,12.74419515779679,12.413657274283855,12.553928616129523,12.553928616129523
6,18,11.713897799806814,14.99268428573687,10.548698523313977,16.157883562229706,11.034838884507888,15.671743201035795,True,True,True,3.2787864859300555,5.609185038915729,4.636904316527907,12.576676450102607,12.757573268256492,13.353291042771842,13.353291042771842
6,19,9.950595303426223,13.229381789356278,8.785396026933386,14.394581065849115,9.271536388127297,13.908440704655204,True,True,True,3.2787864859300555,5.609185038915729,4.636904316527907,12.273348551137724,11.412284975923738,11.58998854639125,11.58998854639125
6,20,8.149378952249863,11.428165438179919,6.9841796757570265,12.593364714672756,7.4703200369509375,12.107224353478845,True,True,True,3.2787864859300555,5.609185038915729,4.636904316527907,9.959553986102785,11.277321359765416,9.788772195214891,9.788772195214891
6,21,7.977697445452485,11.25648393138254,6.812498168959648,12.421683207875377,7.298638530153559,11.935542846681466,True,True,True,3.2787864859300555,5.609185038915729,4.636904316527907,9.137244921088504,9.183489200536545,9.617090688417512,9.617090688417512
6,22,10.997055465350034,14.27584195128009,9.831856188857197,15.441041227772926,10.317996550051108,14.954900866579015,True,True,True,3.2787864859300555,5.609185038915729,4.636904316527907,12.826821150608087,13.281020107983302,12.636448708315061,12.636448708315061
6,23,3.7376117284794343,7.01639821440949,2.572412451986597,8.181597490902327,3.058552813180509,7.695457129708416,True,False,True,3.2787864859300555,5.609185038915729,4.636904316527907,4.0340226891057185,2.5350083760675144,5.377004971444462,5.377004971444462
6,24,2.667353531749626,5.9461400176796815,1.5021542552567886,7.111339294172518,1.9882946164507005,6.625198932978607,True,True,True,3.2787864859300555,5.609185038915729,4.636904316527907,4.086953331805917,4.431146911409457,4.306746774714654,4.306746774714654
6,25,4.19827332939053,7.477059815320586,3.033074052897693,8.642259091813424,3.519214414091605,8.15611873061951,True,True,True,3.2787864859300555,5.609185038915731,4.636904316527906,5.363059800724821,4.900350443443108,5.837666572355558,5.837666572355558
6,26,11.769508673122022,15.048295159052078,10.604309396629185,16.213494435544916,11.090449757823096,15.727354074351004,True,True,True,3.2787864859300555,5.609185038915731,4.636904316527907,14.035293106517056,14.58814776483491,13.40890191608705,13.40890191608705
6,27,4.654848992469495,7.933635478399551,3.489649715976658,9.098834754892389,3.97579007717057,8.612694393698476,True,True,True,3.2787864859300555,5.609185038915731,4.636904316527906,7.42553796050786,6.352629288456827,6.294242235434523,6.294242235434523
6,28,9.09406924616188,12.372855732091935,7.928869969669043,13.538055008584772,8.415010330862954,13.051914647390861,True,True,True,3.2787864859300555,5.609185038915729,4.636904316527907,11.288331150112288,11.275946284451392,10.733462489126907,10.733462489126907
6,29,6.2406036244936525,9.519390110423709,5.075404348000815,10.684589386916546,5.561544709194727,10.198449025722633,True,True,True,3.2787864859300564,5.609185038915731,4.636904316527906,7.141725665510935,7.247224728028664,7.87999686745868,7.87999686745868
6,30,9.034102366879114,12.31288885280917,7.8689030903862776,13.478088129302007,8.355043451580189,12.991947768108096,True,True,True,3.2787864859300555,5.609185038915729,4.636904316527907,10.849616894352305,11.63760563670826,10.673495609844142,10.673495609844142
6,31,2.7714619120959423,6.050248398025998,1.606262635603105,7.215447674518835,2.092402996797017,6.729307313324924,True,True,True,3.2787864859300555,5.609185038915729,4.636904316527907,5.336794910096408,4.421328404403682,4.41085515506097,4.41085515506097
6,32,3.102608559943243,6.381395045873298,1.9374092834504055,7.546594322366136,2.4235496446443174,7.0604539611722235,True,True,True,3.2787864859300555,5.609185038915731,4.636904316527906,4.697850449815967,5.280488301045321,4.742001802908271,4.742001802908271
6,33,11.237296164605032,14.516082650535088,10.072096888112196,15.681281927027925,10.558237249306107,15.195141565834014,True,True,True,3.2787864859300555,5.609185038915729,4.636904316527907,13.101550864178575,12.48018644836395,12.87668940757006,12.87668940757006
6,34,6.012747689219928,9.291534175149984,4.847548412727091,10.45673345164282,5.333688773921002,9.97059309044891,True,True,True,3.2787864859300555,5.609185038915729,4.636904316527907,7.697807904476628,8.126434405924421,7.652140932184956,7.652140932184956
6,35,8.777117259497636,12.055903745427692,7.611917983004799,13.221103021920529,8.09805834419871,12.734962660726618,True,True,True,3.2787864859300555,5.609185038915729,4.636904316527907,10.633635606748019,11.27392749486211,10.416510502462664,10.416510502462664
6,36,8.241274369994716,11.520060855924772,7.0760750935018795,12.685260132417609,7.5622154546957905,12.199119771223698,True,True,True,3.2787864859300555,5.609185038915729,4.636904316527907,11.065304707012412,11.424771553381767,9.880667612959744,9.880667612959744
6,37,7.41123935367,10.690025839600056,6.246040077177163,11.855225116092893,6.732180438371074,11.369084754898982,True,True,True,3.2787864859300555,5.609185038915729,4.636904316527907,9.402530889946124,8.038930126739974,9.050632596635028,9.050632596635028
6,38,6.927125921197563,10.205912407127618,5.761926644704726,11.371111683620455,6.248067005898637,10.884971322426544,True,True,True,3.2787864859300555,5.609185038915729,4.636904316527907,8.483543288543942,8.214562018259523,8.56651916416259,8.56651916416259
6,39,7.983633221991916,11.262419707921971,6.818433945499079,12.427618984414808,7.30457430669299,11.941478623220897,True,True,True,3.2787864859300555,5.609185038915729,4.636904316527907,9.804350804877187,8.997698083915093,9.623026464956943,9.623026464956943
6,40,7.132775111473821,10.411561597403876,5.967575834980984,11.576760873896713,6.453716196174895,11.090620512702802,True,True,True,3.2787864859300555,5.609185038915729,4.636904316527907,8.439718773816788,8.88203690760913,8.772168354438849,8.772168354438849
6,41,12.239047869707784,15.51783435563784,11.073848593214947,16.683033632130677,11.559988954408858,16.196893270936766,True,True,True,3.2787864859300555,5.609185038915729,4.636904316527907,14.850087355750528,13.945018121668834,13.878441112672812,13.878441112672812
6,42,9.473236236765675,12.752022722695731,8.308036960272839,13.917221999188568,8.79417732146675,13.431081637994657,True,True,True,3.2787864859300555,5.609185038915729,4.636904316527907,10.09697857825559,11.458303982619672,11.112629479730703,11.112629479730703
6,43,8.336066301547252,11.614852787477307,7.170867025054415,12.780052063970144,7.657007386248326,12.293911702776233,True,True,True,3.2787864859300555,5.609185038915729,4.636904316527907,9.396511063638993,9.632414489907772,9.97545954451228,9.97545954451228
6,44,6.307177480955584,9.58596396688564,5.141978204462747,10.751163243378477,5.628118565656658,10.265022882184565,True,True,True,3.2787864859300555,5.609185038915729,4.636904316527907,7.374152109580468,6.18317802532848,7.946570723920612,7.946570723920612
6,45,6.249619062816314,9.52840554874637,5.084419786323476,10.693604825239207,5.570560147517389,10.207464464045295,True,True,True,3.2787864859300564,5.609185038915731,4.636904316527906,7.945097699390861,8.365799842592192,7.889012305781342,7.889012305781342
6,46,11.961494921936968,15.240281407867023,10.79629564544413,16.405480684359862,11.282436006638042,15.91934032316595,True,True,True,3.2787864859300555,5.609185038915731,4.636904316527907,14.416001154650253,14.581625487592005,13.600888164901995,13.600888164901995
6,47,8.196371661906008,11.475158147836064,7.031172385413171,12.6403574243289,7.517312746607082,12.15421706313499,True,True,True,3.2787864859300555,5.609185038915729,4.636904316527907,9.777968042499735,9.207992918797263,9.835764904871036,9.835764904871036
6,48,9.602683062112572,12.881469548042627,8.437483785619735,14.046668824535464,8.923624146813646,13.560528463341553,True,True,True,3.2787864859300555,5.609185038915729,4.636904316527907,11.574074827947413,11.429180426250626,11.2420763050776,11.2420763050776
6,49,14.53406918438797,17.812855670318026,13.368869907895133,18.978054946810865,13.855010269089044,18.49191458561695,True,True,True,3.2787864859300555,5.609185038915731,4.636904316527906,15.171587212316444,15.063644835247507,16.173462427352998,16.173462427352998
6,50,8.013678457381388,11.292464943311444,6.8484791808885515,12.45766421980428,7.3346195420824625,11.97152385861037,True,True,True,3.2787864859300555,5.609185038915729,4.636904316527907,9.430004138910995,10.988417907899365,9.653071700346416,9.653071700346416
6,51,10.179486073432649,13.458272559362705,9.014286796939812,14.623471835855542,9.500427158133723,14.13733147466163,True,True,True,3.2787864859300555,5.609185038915729,4.636904316527907,12.096124955170527,11.339853596165058,11.818879316397677,11.818879316397677
6,52,12.30599570127361,15.584782187203665,11.140796424780772,16.749981463696503,11.626936785974683,16.26384110250259,True,True,True,3.2787864859300555,5.609185038915731,4.636904316527906,14.170127122187939,15.640739804257835,13.945388944238637,13.945388944238637
6,53,6.819195451254847,10.097981937184903,5.65399617476201,11.26318121367774,6.1401365359559215,10.777040852483829,True,True,True,3.2787864859300555,5.609185038915729,4.636904316527907,8.820237582722891,7.2077643169665,8.458588694219875,8.458588694219875
6,54,2.8357800795772103,6.114566565507266,1.670580803084373,7.279765842000103,2.156721164278285,6.793625480806192,True,False,True,3.2787864859300555,5.609185038915729,4.636904316527907,3.475216642495681,1.4016343374608078,4.475173322542238,4.475173322542238
6,55,13.431736335563782,16.71052282149384,12.266537059070945,17.875722097986674,12.752677420264856,17.389581736792763,True,True,True,3.2787864859300573,5.609185038915729,4.636904316527907,15.128580510661719,13.40704496612613,15.07112957852881,15.07112957852881
6,56,14.779468554250037,18.058255040180093,13.6142692777572,19.22345431667293,14.100409638951112,18.737313955479017,True,False,True,3.2787864859300555,5.609185038915731,4.636904316527906,16.961898329978467,20.49203157457315,16.418861797215065,16.418861797215065
6,57,1.5584060170908354,4.8371925030208915,0.3932067405979982,6.0023917795137285,0.8793471017919101,5.516251418319817,True,True,True,3.2787864859300564,5.60918503891573,4.6369043165279065,1.7314575594482344,1.224477719151027,3.1977992600558633,3.1977992600558633
6,58,12.532328588959297,15.811115074889353,11.36712931246646,16.97631435138219,11.853269673660371,16.49017399018828,True,True,True,3.2787864859300555,5.609185038915729,4.636904316527907,13.978933627501348,13.126371258922555,14.171721831924325,14.171721831924325
6,59,10.65641696484405,13.935203450774106,9.491217688351213,15.100402727266943,9.977358049545124,14.614262366073032,True,True,True,3.2787864859300555,5.609185038915729,4.636904316527907,12.12467375299844,11.06575485524711,12.295810207809078,12.295810207809078
6,60,11.341989513968262,14.620775999898317,10.176790237475425,15.785975276391154,10.662930598669336,15.299834915197243,True,True,True,3.2787864859300555,5.609185038915729,4.636904316527907,13.80418618442819,13.651263514448516,12.98138275693329,12.98138275693329
6,61,9.553012555238826,12.831799041168882,8.38781327874599,13.996998317661719,8.8739536399399,13.510857956467808,True,True,True,3.2787864859300555,5.609185038915729,4.636904316527907,11.632064421599948,11.84864278152915,11.192405798203854,11.192405798203854
6,62,7.529285870285825,10.808072356215881,6.3640865937929885,11.973271632708718,6.8502269549868995,11.487131271514807,True,True,True,3.2787864859300555,5.609185038915729,4.636904316527907,8.58087030130958,8.524138102388871,9.168679113250853,9.168679113250853
6,63,7.340208324447676,10.618994810377732,6.175009047954839,11.784194086870569,6.66114940914875,11.298053725676658,True,True,True,3.2787864859300555,5.609185038915729,4.636904316527907,9.900823071946586,7.532586960747109,8.979601567412704,8.979601567412704
6,64,5.526607871507492,8.805394357437548,4.361408595014655,9.970593633930385,4.847548956208566,9.484453272736474,True,True,True,3.2787864859300555,5.609185038915729,4.636904316527907,7.208056172809785,8.916374244857304,7.16600111447252,7.16600111447252
6,65,13.573380437496805,16.85216692342686,12.408181161003968,18.0173661999197,12.89432152219788,17.531225838725785,True,True,True,3.2787864859300555,5.609185038915731,4.636904316527906,14.79369395444639,14.367609083895127,15.212773680461833,15.212773680461833
6,66,9.579988291314725,12.858774777244781,8.414789014821888,14.023974053737618,8.9009293760158,13.537833692543707,True,True,True,3.2787864859300555,5.609185038915729,4.636904316527907,12.392127835387843,10.815590135886135,11.219381534279753,11.219381534279753
6,67,8.069055032451638,11.347841518381694,6.903855755958801,12.51304079487453,7.389996117152712,12.02690043368062,True,True,True,3.2787864859300555,5.609185038915729,4.636904316527907,9.96269545009811,9.464026519466108,9.708448275416666,9.708448275416666
6,68,6.890514038294944,10.169300524225,5.725314761802107,11.334499800717836,6.211455122996018,10.848359439523925,True,True,True,3.2787864859300555,5.609185038915729,4.636904316527907,8.30894369458795,7.354561348925868,8.529907281259971,8.529907281259971
6,69,4.964364992734643,8.243151478664698,3.7991657162418053,9.408350755157535,4.285306077435717,8.922210393963624,True,True,True,3.2787864859300555,5.609185038915729,4.636904316527907,6.04687308438759,6.575338980549924,6.6037582356996705,6.6037582356996705
6,70,10.427653376765392,13.706439862695447,9.262454100272555,14.871639139188284,9.748594461466466,14.385498777994373,True,True,True,3.2787864859300555,5.609185038915729,4.636904316527907,11.795107686682872,10.5717399300949,12.06704661973042,12.06704661973042
6,71,6.976518169290227,10.255304655220282,5.81131889279739,11.42050393171312,6.297459253991301,10.934363570519208,True,True,True,3.2787864859300555,5.609185038915729,4.636904316527907,8.9999373038224,8.732249316188755,8.615911412255254,8.615911412255254
6,72,4.340974516562662,7.619761002492718,3.1757752400698247,8.784960278985555,3.6619156012637366,8.298819917791644,True,True,True,3.2787864859300555,5.609185038915729,4.636904316527907,6.154049502142031,6.166616572227851,5.98036775952769,5.98036775952769
6,73,14.408052361389323,17.68683884731938,13.242853084896486,18.852038123812218,13.728993446090398,18.365897762618303,True,True,True,3.2787864859300555,5.609185038915731,4.636904316527906,16.090500712214343,14.80602134152882,16.04744560435435,16.04744560435435
6,74,10.89408346648969,14.172869952419745,9.728884189996853,15.338069228912582,10.215024551190764,14.851928867718671,True,True,True,3.2787864859300555,5.609185038915729,4.636904316527907,12.268299425520812,13.231232040734941,12.533476709454717,12.533476709454717
6,75,12.908373483551486,16.18715996948154,11.74317420705865,17.35235924597438,12.22931456825256,16.866218884780466,True,True,True,3.2787864859300555,5.609185038915731,4.636904316527906,15.508972638313129,16.56421673583081,14.547766726516514,14.547766726516514
6,76,12.323311354104344,15.6020978400344,11.158112077611507,16.76729711652724,11.644252438805418,16.281156755333324,True,True,True,3.2787864859300555,5.609185038915731,4.636904316527906,14.147994063193945,12.10328511456087,13.962704597069372,13.962704597069372
6,77,12.268677328504223,15.547463814434279,11.103478052011386,16.712663090927116,11.589618413205297,16.226522729733205,True,True,True,3.2787864859300555,5.609185038915729,4.636904316527907,14.096356667443509,13.208837007023714,13.908070571469251,13.908070571469251
6,78,7.429184774654166,10.707971260584221,6.263985498161329,11.873170537077058,6.75012585935524,11.387030175883147,True,True,True,3.2787864859300555,5.609185038915729,4.636904316527907,8.801945290113633,9.437204577886499,9.068578017619194,9.068578017619194
6,79,11.43977392880513,14.718560414735185,10.274574652312292,15.883759691228022,10.760715013506204,15.39761933003411,True,True,True,3.2787864859300555,5.609185038915729,4.636904316527907,12.608275063303795,11.315904360441849,13.079167171770157,13.079167171770157
6,80,4.918112608366712,8.196899094296768,3.752913331873875,9.362098370789605,4.2390536930677865,8.875958009595694,True,True,True,3.2787864859300555,5.609185038915729,4.636904316527907,6.620534496096486,5.876798394027941,6.55750585133174,6.55750585133174
6,81,1.4124225178416123,4.691209003771668,0.24722324134877516,5.856408280264505,0.7333636025426871,5.370267919070594,True,True,True,3.2787864859300555,5.609185038915729,4.636904316527907,4.107653489864554,5.36484127743389,3.0518157608066403,3.0518157608066403
6,82,11.23424424285021,14.513030728780265,10.069044966357373,15.678230005273102,10.555185327551284,15.192089644079191,True,True,True,3.2787864859300555,5.609185038915729,4.636904316527907,12.581184527743577,13.414684004647038,12.873637485815237,12.873637485815237
6,83,8.707688240306851,11.986474726236906,7.542488963814014,13.151674002729743,8.028629325007925,12.665533641535832,True,True,True,3.2787864859300555,5.609185038915729,4.636904316527907,10.116248442395761,10.851311266261645,10.347081483271879,10.347081483271879
6,84,14.035661881534473,17.31444836746453,12.870462605041636,18.479647643957367,13.356602966235547,17.993507282763453,True,True,True,3.2787864859300555,5.609185038915731,4.636904316527906,15.915382827361276,15.298250835008059,15.675055124499501,15.675055124499501
6,85,1.1218850528409534,4.400671538771009,-0.043314223651883754,5.565870815263846,0.44282613754202815,5.079730454069935,True,True,True,3.2787864859300555,5.609185038915729,4.636904316527907,2.378681839205014,1.016233854609139,2.7612782958059814,2.7612782958059814
6,86,12.617562535910762,15.896349021840818,11.452363259417925,17.061548298333655,11.938503620611836,16.575407937139744,True,True,True,3.2787864859300555,5.609185038915729,4.636904316527907,14.202476390579358,14.695400648058692,14.25695577887579,14.25695577887579
6,87,6.857856901046572,10.136643386976628,5.6926576245537355,11.301842663469465,6.1787979857476465,10.815702302275554,True,True,True,3.2787864859300555,5.609185038915729,4.636904316527907,8.266050064287132,7.946410928205796,8.4972501440116,8.4972501440116
6,88,8.162304134868617,11.441090620798672,6.99710485837578,12.606289897291509,7.483245219569691,12.120149536097598,True,True,True,3.2787864859300555,5.609185038915729,4.636904316527907,9.335126902531963,9.510828997254801,9.801697377833644,9.801697377833644
6,89,10.232711150961842,13.511497636891898,9.067511874469005,14.676696913384735,9.553652235662916,14.190556552190824,True,True,True,3.2787864859300555,5.609185038915729,4.636904316527907,12.128224735505574,11.141692385704182,11.87210439392687,11.87210439392687
6,90,9.589246488524251,12.868032974454307,8.424047212031414,14.033232250947144,8.910187573225326,13.547091889753233,True,True,True,3.2787864859300555,5.609185038915729,4.636904316527907,10.79410612902151,10.168496231779708,11.22863973148928,11.22863973148928
6,91,7.881596674190893,11.160383160120949,6.716397397698056,12.325582436613786,7.2025377588919675,11.839442075419875,True,True,True,3.2787864859300555,5.609185038915729,4.636904316527907,9.194964116170134,8.31137515763963,9.520989917155921,9.520989917155921
6,92,6.600311052619954,9.87909753855001,5.435111776127117,11.044296815042847,5.921252137321028,10.558156453848936,True,True,True,3.2787864859300555,5.609185038915729,4.636904316527907,8.727672594564366,7.907493850974247,8.239704295584982,8.239704295584982
6,93,6.163835821173515,9.442622307103571,4.998636544680677,10.607821583596408,5.48477690587459,10.121681222402495,True,True,True,3.2787864859300564,5.609185038915731,4.636904316527906,7.719399596369171,7.804178554820472,7.8032290641385424,7.8032290641385424
6,94,6.433299540857977,9.712086026788032,5.26810026436514,10.87728530328087,5.754240625559051,10.391144942086958,True,True,True,3.2787864859300555,5.609185038915729,4.636904316527907,7.119755274126972,6.077355391303853,8.072692783823005,8.072692783823005
6,95,16.04876290226263,19.327549388192686,14.883563625769794,20.492748664685525,15.369703986963705,20.00660830349161,True,True,True,3.2787864859300555,5.609185038915731,4.636904316527906,17.48459218676519,17.562057810297656,17.68815614522766,17.68815614522766
6,96,5.108685552783979,8.387472038714035,3.9434862762911416,9.552671315206872,4.429626637485054,9.06653095401296,True,True,True,3.2787864859300564,5.609185038915731,4.636904316527906,6.144538172530928,6.071614154659372,6.748078795749007,6.748078795749007
6,97,2.4328502588227643,5.71163674475282,1.267650982329927,6.876836021245657,1.7537913435238388,6.390695660051746,True,True,True,3.2787864859300555,5.609185038915729,4.636904316527907,3.4045658090071775,4.10012323473698,4.072243501787792,4.072243501787792
6,98,13.223213863389661,16.50200034931972,12.058014586896824,17.667199625812554,12.544154948090736,17.181059264618643,True,True,True,3.2787864859300573,5.609185038915729,4.636904316527907,14.89028015072992,14.71003546330175,14.86260710635469,14.86260710635469
6,99,6.405960889478999,9.684747375409055,5.240761612986162,10.849946651901892,5.726901974180073,10.36380629070798,True,True,True,3.2787864859300555,5.609185038915729,4.636904316527907,7.832007588941203,8.89309921908729,8.045354132444027,8.045354132444027
6,100,3.230168842368534,6.5089553282985895,2.0649695658756966,7.674154604791427,2.5511099270696085,7.1880142435975145,True,True,True,3.2787864859300555,5.609185038915731,4.636904316527906,4.395993619293319,5.033903144953917,4.869562085333562,4.869562085333562
6,101,7.456531383167377,10.735317869097432,6.29133210667454,11.90051714559027,6.777472467868451,11.414376784396358,True,True,True,3.2787864859300555,5.609185038915729,4.636904316527907,8.74829194829035,9.41629590751367,9.095924626132405,9.095924626132405
6,102,11.639434342548661,14.918220828478717,10.474235066055824,16.083420104971555,10.960375427249735,15.597279743777642,True,True,True,3.2787864859300555,5.609185038915731,4.636904316527907,13.549126851078753,15.554898660649801,13.278827585513689,13.278827585513689
6,103,12.2602570878305,15.539043573760555,11.095057811337663,16.704242850253394,11.581198172531574,16.21810248905948,True,False,True,3.2787864859300555,5.609185038915731,4.636904316527906,12.95138721170816,10.949542259690595,13.899650330795527,13.899650330795527
6,104,5.4666609453913875,8.745447431321443,4.3014616688985505,9.91064670781428,4.7876020300924615,9.424506346620369,True,True,True,3.2787864859300555,5.609185038915729,4.636904316527907,7.402142456546967,7.2180341109396835,7.106054188356415,7.106054188356415
6,105,4.13471481824841,7.413501304178466,2.9695155417555728,8.578700580671303,3.4556559029494847,8.092560219477392,True,True,True,3.2787864859300555,5.609185038915729,4.636904316527907,5.589624205218587,5.0277375559586295,5.774108061213438,5.774108061213438
6,106,9.988992038454246,13.267778524384301,8.823792761961409,14.432977800877138,9.30993312315532,13.946837439683227,True,True,True,3.2787864859300555,5.609185038915729,4.636904316527907,11.531098081600152,9.60884207021915,11.628385281419273,11.628385281419273
6,107,0.9601543092658227,4.238940795195878,-0.20504496722701449,5.404140071688715,0.2810953939668974,4.917999710494804,True,True,True,3.2787864859300555,5.609185038915729,4.636904316527907,1.8567983338659806,2.6637989722150794,2.5995475522308507,2.5995475522308507
6,108,11.19576266697622,14.474549152906276,10.030563390483383,15.639748429399113,10.516703751677294,15.153608068205202,True,True,True,3.2787864859300555,5.609185038915729,4.636904316527907,13.39609102468754,14.974261647435144,12.835155909941248,12.835155909941248
6,109,4.772133605091922,8.050920091021977,3.6069343285990842,9.216119367514814,4.093074689792996,8.729979006320903,True,True,True,3.2787864859300555,5.609185038915729,4.636904316527907,5.27928464453408,3.8935663276036925,6.411526848056949,6.411526848056949
6,110,6.072906393253032,9.351692879183087,4.907707116760195,10.516892155675924,5.393847477954106,10.030751794482013,True,True,True,3.2787864859300555,5.609185038915729,4.636904316527907,8.51570901845558,8.031581859751547,7.712299636218059,7.712299636218059
6,111,8.427303170366605,11.70608965629666,7.262103893873768,12.871288932789497,7.748244255067679,12.385148571595586,True,True,True,3.2787864859300555,5.609185038915729,4.636904316527907,11.193933710411422,11.357402553553825,10.066696413331632,10.066696413331632
6,112,9.228990038870041,12.507776524800096,8.063790762377204,13.672975801292933,8.549931123571115,13.186835440099022,True,True,True,3.2787864859300555,5.609185038915729,4.636904316527907,10.799034041803344,12.7573634256685,10.868383281835069,10.868383281835069
6,113,14.837127531992262,18.115914017922318,13.671928255499425,19.281113294415157,14.158068616693336,18.794972933221242,True,True,True,3.2787864859300555,5.609185038915731,4.636904316527906,16.849605685266937,15.576552307940565,16.47652077495729,16.47652077495729
6,114,7.786504765242798,11.065291251172853,6.621305488749961,12.23049052766569,7.107445849943872,11.74435016647178,True,True,True,3.2787864859300555,5.609185038915729,4.636904316527907,9.56196854856721,10.384469366893725,9.425898008207826,9.425898008207826
6,115,8.821865969769469,12.100652455699525,7.656666693276632,13.265851732192361,8.142807054470543,12.77971137099845,True,True,True,3.2787864859300555,5.609185038915729,4.636904316527907,10.81911060936504,9.235714549346193,10.461259212734497,10.461259212734497
6,116,6.244917343952851,9.523703829882907,5.079718067460014,10.688903106375744,5.565858428653925,10.202762745181833,True,True,True,3.2787864859300555,5.609185038915729,4.636904316527907,7.362084346956731,6.192994124521976,7.884310586917879,7.884310586917879
6,117,7.085360696266042,10.364147182196097,5.920161419773205,11.529346458688934,6.406301780967116,11.043206097495023,True,True,True,3.2787864859300555,5.609185038915729,4.636904316527907,9.176569655357133,7.296193187140604,8.72475393923107,8.72475393923107
6,118,1.0821615407700775,4.360948026700133,-0.08303773572275963,5.526147303192971,0.4031026254711523,5.040006941999058,True,True,True,3.2787864859300555,5.609185038915731,4.636904316527906,2.4360049769195693,2.1006263941875494,2.7215547837351055,2.7215547837351055
6,119,6.821662526443239,10.100449012373295,5.656463249950402,11.265648288866132,6.142603611144313,10.77950792767222,True,True,True,3.2787864859300555,5.609185038915729,4.636904316527907,8.419867461873924,9.2141868244653,8.461055769408267,8.461055769408267
6,120,6.714217332337869,9.993003818267924,5.549018055845032,11.158203094760761,6.035158417038943,10.67206273356685,True,True,True,3.2787864859300555,5.609185038915729,4.636904316527907,8.042248987715247,8.54631754410384,8.353610575302897,8.353610575302897
6,121,9.049815743098433,12.328602229028489,7.884616466605596,13.493801505521326,8.370756827799507,13.007661144327415,True,True,True,3.2787864859300555,5.609185038915729,4.636904316527907,11.275767758657647,11.37686808755165,10.689208986063461,10.689208986063461
6,122,5.7940771029207365,9.072863588850792,4.6288778264279,10.238062865343629,5.115018187621811,9.751922504149718,True,True,True,3.2787864859300555,5.609185038915729,4.636904316527907,7.101657799285107,7.037805310495264,7.433470345885764,7.433470345885764
6,123,6.048069771091014,9.32685625702107,4.882870494598176,10.492055533513907,5.369010855792089,10.005915172319995,True,True,True,3.2787864859300564,5.609185038915731,4.636904316527906,8.104101194802125,7.386073579360453,7.687463014056042,7.687463014056042
6,124,5.43178447882552,8.710570964755576,4.266585202332683,9.875770241248413,4.752725563526594,9.389629880054501,True,True,True,3.2787864859300555,5.609185038915729,4.636904316527907,7.142339688390193,5.9729202706158695,7.071177721790548,7.071177721790548
6,125,7.86562214711606,11.144408633046115,6.700422870623223,12.309607909538952,7.186563231817134,11.823467548345041,True,True,True,3.2787864859300555,5.609185038915729,4.636904316527907,9.905726328409031,10.059129296110909,9.505015390081088,9.505015390081088
6,126,3.4714370554131726,6.750223541343228,2.306237778920335,7.915422817836065,2.792378140114247,7.429282456642154,True,True,True,3.2787864859300555,5.609185038915729,4.636904316527907,5.3271266009669045,4.170366563659569,5.1108302983782,5.1108302983782
6,127,2.414317480181521,5.693103966111576,1.2491182036886834,6.858303242604414,1.7352585648825953,6.372162881410501,True,True,True,3.2787864859300555,5.609185038915731,4.636904316527906,3.3218458367003167,3.399053835861527,4.053710723146549,4.053710723146549
6,128,1.0752846351003866,4.354071121030443,-0.08991464139245053,5.51927039752328,0.3962257198014614,5.033130036329368,True,True,True,3.2787864859300564,5.60918503891573,4.6369043165279065,2.551096774864634,1.0473245780002964,2.7146778780654146,2.7146778780654146
6,129,2.4419905540960274,5.720777040026083,1.27679127760319,6.885976316518921,1.762931638797102,6.399835955325008,True,True,True,3.2787864859300555,5.609185038915731,4.636904316527906,3.838292855959663,6.04427899679202,4.081383797061055,4.081383797061055
6,130,11.211799860752754,14.490586346682809,10.046600584259917,15.655785623175646,10.532740945453828,15.169645261981735,True,True,True,3.2787864859300555,5.609185038915729,4.636904316527907,12.173079628434092,12.164100517899309,12.851193103717781,12.851193103717781
6,131,7.405961573176997,10.684748059107052,6.24076229668416,11.84994733559989,6.726902657878071,11.363806974405978,True,True,True,3.2787864859300555,5.609185038915729,4.636904316527907,8.836993093249944,8.052738210351308,9.045354816142025,9.045354816142025
6,132,1.5779587083763282,4.856745194306384,0.41275943188349107,6.021944470799221,0.898899793077403,5.535804109605309,True,True,True,3.2787864859300564,5.60918503891573,4.6369043165279065,2.773275563939328,3.1828567994153683,3.217351951341356,3.217351951341356
6,133,2.1669416564485466,5.445728142378602,1.0017423799557093,6.610927418871439,1.4878827411496212,6.124787057677528,True,True,True,3.2787864859300555,5.609185038915729,4.636904316527907,3.3644101456442064,3.017971766942397,3.8063348994135744,3.8063348994135744
6,134,4.350594902808613,7.629381388738668,3.1853956263157754,8.794580665231505,3.6715359875096873,8.308440304037594,True,True,True,3.2787864859300555,5.609185038915729,4.636904316527907,6.361637803205891,6.385998781848805,5.989988145773641,5.989988145773641
6,135,5.74048405758727,9.019270543517326,4.5752847810944335,10.184469820010163,5.0614251422883445,9.698329458816252,True,True,True,3.2787864859300555,5.609185038915729,4.636904316527907,7.473320904099987,8.117958833250464,7.379877300552298,7.379877300552298
6,136,4.487449318660385,7.7662358045904405,3.3222500421675476,8.931435081083277,3.8083904033614595,8.445294719889366,True,True,True,3.2787864859300555,5.609185038915729,4.636904316527907,5.914235575960487,4.01361074961372,6.126842561625413,6.126842561625413
6,137,6.763965170434096,10.042751656364151,5.598765893941259,11.207950932856988,6.08490625513517,10.721810571663077,True,True,True,3.2787864859300555,5.609185038915729,4.636904316527907,7.853112836817798,8.2128660366373,8.403358413399124,8.403358413399124
6,138,5.260959052441307,8.539745538371363,4.095759775948469,9.7049448148642,4.581900137142382,9.218804453670288,True,True,True,3.2787864859300564,5.609185038915731,4.636904316527906,5.539942571266124,5.712917433222332,6.900352295406335,6.900352295406335
6,139,2.9361365850322834,6.214923070962339,1.770937308539446,7.380122347455176,2.257077669733358,6.893981986261265,True,True,True,3.2787864859300555,5.609185038915729,4.636904316527907,4.101079307254743,5.802640114408163,4.575529827997311,4.575529827997311
6,140,9.15989505161804,12.438681537548096,7.994695775125203,13.603880814040933,8.480836136319114,13.117740452847022,True,True,True,3.2787864859300555,5.609185038915729,4.636904316527907,10.825321714498987,10.500055713779437,10.799288294583068,10.799288294583068
6,141,7.85378226718997,11.132568753120026,6.6885829906971335,12.297768029612863,7.1747233518910445,11.811627668418952,True,True,True,3.2787864859300555,5.609185038915729,4.636904316527907,9.385784776952928,9.667108996454196,9.493175510154998,9.493175510154998
6,142,3.4718042531376625,6.750590739067718,2.306604976644825,7.915790015560555,2.792745337838737,7.429649654366644,True,True,True,3.2787864859300555,5.609185038915729,4.636904316527907,5.0844522504676615,4.720964815627742,5.11119749610269,5.11119749610269
6,143,8.394802076958404,11.67358856288846,7.2296028004655675,12.838787839381297,7.7157431616594785,12.352647478187386,True,False,True,3.2787864859300555,5.609185038915729,4.636904316527907,9.183033228686522,6.806385610663099,10.034195319923432,10.034195319923432
6,144,6.861922247598708,10.140708733528763,5.696722971105871,11.3059080100216,6.182863332299782,10.819767648827689,True,True,True,3.2787864859300555,5.609185038915729,4.636904316527907,8.443123008443209,8.23192631788067,8.501315490563735,8.501315490563735
6,145,5.420201712351303,8.69898819828136,4.255002435858465,9.864187474774196,4.741142797052378,9.378047113580283,True,True,True,3.2787864859300564,5.609185038915731,4.636904316527906,6.906739709580968,7.7231474031981655,7.059594955316331,7.059594955316331
6,146,2.2745050419710093,5.553291527901065,1.109305765478172,6.718490804393902,1.5954461266720839,6.232350443199991,True,True,True,3.2787864859300555,5.609185038915729,4.636904316527907,3.862607286210251,3.1368665272306524,3.913898284936037,3.913898284936037
6,147,7.402420151645018,10.681206637575073,6.237220875152181,11.84640591406791,6.723361236346092,11.360265552873999,True,True,True,3.2787864859300555,5.609185038915729,4.636904316527907,8.561883846259182,10.425420367765055,9.041813394610045,9.041813394610045
6,148,11.280367063152438,14.559153549082493,10.115167786659601,15.72435282557533,10.601308147853512,15.23821246438142,True,True,True,3.2787864859300555,5.609185038915729,4.636904316527907,12.736542648816583,14.07609277157051,12.919760306117466,12.919760306117466
6,149,7.680179813375329,10.958966299305384,6.514980536882492,12.124165575798221,7.001120898076403,11.63802521460431,True,True,True,3.2787864859300555,5.609185038915729,4.636904316527907,8.971175010894962,7.936265664155111,9.319573056340356,9.319573056340356
6,150,9.493847884342504,12.77263437027256,8.328648607849667,13.937833646765396,8.814788969043578,13.451693285571485,True,True,True,3.2787864859300555,5.609185038915729,4.636904316527907,11.216543615309556,10.996129371325267,11.133241127307532,11.133241127307532
6,151,4.3461539086312575,7.624940394561313,3.18095463213842,8.79013967105415,3.667094993332332,8.303999309860238,True,True,True,3.2787864859300555,5.609185038915731,4.636904316527906,5.922746768934681,6.602574204603501,5.985547151596285,5.985547151596285
6,152,11.258393853902177,14.537180339832233,10.09319457740934,15.70237961632507,10.579334938603251,15.216239255131159,True,True,True,3.2787864859300555,5.609185038915729,4.636904316527907,12.854062231805697,13.616851870596214,12.897787096867205,12.897787096867205
6,153,3.0220057104723166,6.300792196402372,1.8568064339794792,7.46599147289521,2.342946795173391,6.979851111701297,True,True,True,3.2787864859300555,5.609185038915731,4.636904316527906,4.731900076527661,5.242335864084401,4.661398953437344,4.661398953437344
6,154,10.740078094730402,14.018864580660457,9.574878818237565,15.184063857153294,10.061019179431476,14.697923495959383,True,True,True,3.2787864859300555,5.609185038915729,4.636904316527907,12.055382495870337,13.675293691497787,12.37947133769543,12.37947133769543
6,155,6.7910921672184354,10.069878653148491,5.6258928907255985,11.235077929641328,6.1120332519195095,10.748937568447417,True,True,True,3.2787864859300555,5.609185038915729,4.636904316527907,9.140326466518573,10.821340097203382,8.430485410183463,8.430485410183463
6,156,8.691305964053095,11.97009244998315,7.526106687560258,13.135291726475987,8.012247048754169,12.649151365282076,True,True,True,3.2787864859300555,5.609185038915729,4.636904316527907,10.047611521494446,9.581984994442315,10.330699207018123,10.330699207018123
6,157,3.5454944951308285,6.824280981060884,2.380295218637991,7.989480257553721,2.866435579831903,7.50333989635981,True,True,True,3.2787864859300555,5.609185038915729,4.636904316527907,4.357401133795066,4.834572118096965,5.184887738095856,5.184887738095856
6,158,5.612724769850635,8.89151125578069,4.447525493357798,10.056710532273527,4.933665854551709,9.570570171079616,True,True,True,3.2787864859300555,5.609185038915729,4.636904316527907,6.848846302476092,8.105254850486038,7.252118012815663,7.252118012815663
6,159,8.69995791177499,11.978744397705045,7.534758635282152,13.143943674197882,8.020898996476063,12.65780331300397,True,True,True,3.2787864859300555,5.609185038915729,4.636904316527907,10.40181652835668,9.239252807172312,10.339351154740017,10.339351154740017
6,160,8.734548841335906,12.013335327265962,7.569349564843069,13.178534603758798,8.05548992603698,12.692394242564887,True,True,True,3.2787864859300555,5.609185038915729,4.636904316527907,9.362649515842634,8.85774753084058,10.373942084300934,10.373942084300934
6,161,7.894981120334348,11.173767606264404,6.729781843841511,12.33896688275724,7.215922205035422,11.85282652156333,True,True,True,3.2787864859300555,5.609185038915729,4.636904316527907,9.116947138407134,9.18861523120255,9.534374363299376,9.534374363299376
6,162,4.181018689179443,7.459805175109499,3.015819412686606,8.625004451602337,3.5019597738805177,8.138864090408424,True,True,True,3.2787864859300555,5.609185038915731,4.636904316527906,5.8562671316560015,5.749144146765922,5.820411932144471,5.820411932144471
6,163,8.169935390971283,11.448721876901338,7.004736114478446,12.613921153394175,7.490876475672357,12.127780792200264,True,True,True,3.2787864859300555,5.609185038915729,4.636904316527907,8.175344264679467,8.185105898670614,9.80932863393631,9.80932863393631
6,164,9.116655750557273,12.395442236487328,7.951456474064436,13.560641512980165,8.437596835258347,13.074501151786254,True,True,True,3.2787864859300555,5.609185038915729,4.636904316527907,10.903874866487742,11.180260386557384,10.7560489935223,10.7560489935223
6,165,9.093656634037991,12.372443119968047,7.928457357545154,13.537642396460884,8.414597718739065,13.051502035266973,True,True,True,3.2787864859300555,5.609185038915729,4.636904316527907,10.946723305573219,11.37721514567039,10.733049877003019,10.733049877003019
6,166,9.37791105008219,12.656697536012246,8.212711773589353,13.821896812505083,8.698852134783264,13.335756451311171,True,True,True,3.2787864859300555,5.609185038915729,4.636904316527907,11.363881536736942,11.099191032075746,11.017304293047218,11.017304293047218
6,167,10.152129770361729,13.430916256291784,8.986930493868892,14.596115532784621,9.473070855062803,14.10997517159071,True,True,True,3.2787864859300555,5.609185038915729,4.636904316527907,11.884985167986333,11.863106200772258,11.791523013326756,11.791523013326756
6,168,9.591437318455105,12.87022380438516,8.426238041962268,14.035423080877997,8.912378403156179,13.549282719684086,True,True,True,3.2787864859300555,5.609185038915729,4.636904316527907,10.656421271566078,10.538216721358452,11.230830561420133,11.230830561420133
6,169,1.6831306871172849,4.961917173047341,0.5179314106244477,6.127116449540178,1.0040717718183596,5.640976088346266,True,True,True,3.2787864859300555,5.609185038915731,4.636904316527906,3.35215528438858,3.6848617756806976,3.322523930082313,3.322523930082313
6,170,1.9474307591606952,5.226217245090751,0.782231482667858,6.391416521583588,1.26837184386177,5.905276160389676,True,True,True,3.2787864859300564,5.60918503891573,4.6369043165279065,3.6659890371606845,2.9756415151905617,3.586824002125723,3.586824002125723
6,171,10.627168626540456,13.905955112470512,9.46196935004762,15.071154388963349,9.94810971124153,14.585014027769438,True,True,True,3.2787864859300555,5.609185038915729,4.636904316527907,12.541371306586619,11.711767475279494,12.266561869505484,12.266561869505484
6,172,9.791933501694746,13.070719987624802,8.62673422520191,14.235919264117639,9.11287458639582,13.749778902923728,True,True,True,3.2787864859300555,5.609185038915729,4.636904316527907,11.366903688164797,10.377086258777824,11.431326744659774,11.431326744659774
6,173,7.559350937126164,10.838137423056219,6.394151660633327,12.003336699549056,6.880292021827238,11.517196338355145,True,True,True,3.2787864859300555,5.609185038915729,4.636904316527907,9.086253352040867,8.552166145343055,9.198744180091191,9.198744180091191
6,174,3.6943971210675475,6.973183606997603,2.52919784457471,8.13838288349044,3.015338205768622,7.652242522296529,True,True,True,3.2787864859300555,5.609185038915729,4.636904316527907,4.550595760293507,4.932733428759575,5.333790364032575,5.333790364032575
6,175,7.8691696182204485,11.147956104150504,6.7039703417276115,12.313155380643341,7.1901107029215225,11.82701501944943,True,True,True,3.2787864859300555,5.609185038915729,4.636904316527907,9.515728351015037,10.771374859139781,9.508562861185476,9.508562861185476
6,176,4.03606536665726,7.314851852587315,2.8708660901644225,8.480051129080152,3.3570064513583344,7.993910767886241,True,True,True,3.2787864859300555,5.609185038915729,4.636904316527907,5.557215093225629,5.159563975638813,5.675458609622288,5.675458609622288
6,177,0.06991723287603002,3.348703718806086,-1.0952820436168071,4.513902995298923,-0.6091416824228952,4.027762634105011,True,True,True,3.2787864859300564,5.60918503891573,4.6369043165279065,1.336443947317894,1.6320486165776393,1.709310475841058,1.709310475841058
6,178,4.347536570709385,7.626323056639441,3.182337294216548,8.791522333132278,3.66847765541046,8.305381971938367,True,True,True,3.2787864859300555,5.609185038915729,4.636904316527907,5.344902393197403,8.385351085539199,5.986929813674413,5.986929813674413
6,179,5.543115130137194,8.82190161606725,4.377915853644357,9.987100892560086,4.864056214838268,9.500960531366175,True,True,True,3.2787864859300555,5.609185038915729,4.636904316527907,7.7769305905935315,9.277490939068374,7.1825083731022215,7.1825083731022215
6,180,12.097568025678267,15.376354511608323,10.93236874918543,16.54155378810116,11.418509110379341,16.055413426907247,True,True,True,3.2787864859300555,5.609185038915731,4.636904316527906,12.867484138652816,11.612915829801834,13.736961268643295,13.736961268643295
6,181,7.505556649762823,10.784343135692879,6.3403573732699865,11.949542412185716,6.8264977344638975,11.463402050991805,True,True,True,3.2787864859300555,5.609185038915729,4.636904316527907,8.71519738031941,8.897453372053548,9.144949892727851,9.144949892727851
6,182,1.0091966568124244,4.287983142742481,-0.15600261968041274,5.4531824192353175,0.33013774151349917,4.967042058041406,True,True,True,3.2787864859300564,5.60918503891573,4.6369043165279065,2.263243262228205,0.7563727895393886,2.6485898997774524,2.6485898997774524
6,183,3.7548172622557585,7.033603748185814,2.589617985762921,8.198803024678652,3.075758346956833,7.712662663484739,True,True,True,3.2787864859300555,5.609185038915731,4.636904316527906,4.7732581840377915,5.7327255830450135,5.394210505220786,5.394210505220786
6,184,13.109409727973969,16.388196213904024,11.944210451481132,17.553395490396863,12.430350812675043,17.067255129202948,True,True,True,3.2787864859300555,5.609185038915731,4.636904316527906,14.738564007686115,13.301020302527036,14.748802970938996,14.748802970938996
6,185,8.430088990676262,11.708875476606318,7.264889714183425,12.874074753099155,7.7510300753773365,12.387934391905244,True,True,True,3.2787864859300555,5.609185038915729,4.636904316527907,11.150961998995788,11.330113416931425,10.06948223364129,10.06948223364129
6,186,6.382389246439557,9.661175732369612,5.21718996994672,10.826375008862449,5.703330331140631,10.340234647668538,True,True,True,3.2787864859300555,5.609185038915729,4.636904316527907,8.338791115213159,6.531861447006484,8.021782489404584,8.021782489404584
6,187,7.960824913179721,11.239611399109776,6.795625636686884,12.404810675602613,7.281765997880795,11.918670314408702,True,True,True,3.2787864859300555,5.609185038915729,4.636904316527907,10.411240765352074,10.541612268870859,9.600218156144749,9.600218156144749
6,188,9.146493773527453,12.425280259457509,7.981294497034616,13.590479535950346,8.467434858228527,13.104339174756435,True,True,True,3.2787864859300555,5.609185038915729,4.636904316527907,10.247112983094231,8.269786098612805,10.785887016492481,10.785887016492481
6,189,11.803775120592016,15.082561606522072,10.63857584409918,16.24776088301491,11.12471620529309,15.761620521820998,True,True,True,3.2787864859300555,5.609185038915729,4.636904316527907,14.66073452536081,15.71554791374209,13.443168363557044,13.443168363557044
6,190,14.483583334146186,17.76236982007624,13.318384057653349,18.92756909656908,13.80452441884726,18.441428735375165,True,True,True,3.2787864859300555,5.609185038915731,4.636904316527906,16.542120512839464,17.489880576195656,16.122976577111213,16.122976577111213
6,191,3.0291008781703255,6.307887364100381,1.863901601677488,7.473086640593218,2.3500419628714,6.986946279399307,True,True,True,3.2787864859300555,5.609185038915729,4.636904316527907,4.576567170706616,3.2751562390685134,4.668494121135353,4.668494121135353
6,192,6.435319718221606,9.714106204151662,5.2701204417287695,10.879305480644499,5.7562608029226805,10.393165119450588,True,True,True,3.2787864859300555,5.609185038915729,4.636904316527907,7.896502065807959,7.187346089251598,8.074712961186634,8.074712961186634
6,193,9.885371348223389,13.164157834153444,8.720172071730552,14.329357110646281,9.206312432924463,13.84321674945237,True,True,True,3.2787864859300555,5.609185038915729,4.636904316527907,11.446508830431082,11.306507275920517,11.524764591188417,11.524764591188417
6,194,12.011396539514765,15.29018302544482,10.846197263021928,16.455382301937657,11.332337624215839,15.969241940743746,True,True,True,3.2787864859300555,5.609185038915729,4.636904316527907,13.449708002853505,14.2463840844928,13.650789782479793,13.650789782479793
6,195,9.241026663177946,12.519813149108002,8.07582738668511,13.685012425600839,8.56196774787902,13.198872064406928,True,True,True,3.2787864859300555,5.609185038915729,4.636904316527907,10.970291888401306,10.374205774492449,10.880419906142974,10.880419906142974
6,196,11.66438485370519,14.943171339635246,10.499185577212353,16.108370616128084,10.985325938406264,15.622230254934172,True,True,True,3.2787864859300555,5.609185038915731,4.636904316527907,13.679038068474085,14.046997250685214,13.303778096670218,13.303778096670218
6,197,5.949606557946345,9.228393043876402,4.7844072814535075,10.393592320369239,5.27054764264742,9.907451959175326,True,True,True,3.2787864859300564,5.609185038915731,4.636904316527906,7.62332980242346,6.530695023634798,7.588999800911373,7.588999800911373
6,198,10.596022809724023,13.874809295654078,9.430823533231186,15.040008572146915,9.916963894425097,14.553868210953004,True,True,True,3.2787864859300555,5.609185038915729,4.636904316527907,11.991961905578208,11.969799327377773,12.23541605268905,12.23541605268905
6,199,7.770935971304192,11.049722457234248,6.605736694811355,12.214921733727085,7.091877056005266,11.728781372533174,True,True,True,3.2787864859300555,5.609185038915729,4.636904316527907,10.008582032267329,9.511645127579467,9.41032921426922,9.41032921426922
7,0,6.17941497244022,9.358294046001388,5.0497203087387454,10.487988709702863,5.5210475597336925,10.016661458707915,True,True,True,3.178879073561168,5.438268400964118,4.495613898974223,8.712554347784224,8.541208448804333,7.768854509220804,7.768854509220804
7,1,9.193633606577496,12.372512680138666,8.063938942876023,13.502207343840139,8.535266193870969,13.030880092845193,True,True,True,3.17887907356117,5.438268400964116,4.495613898974224,11.648002726347016,11.296841694432114,10.78307314335808,10.78307314335808
7,2,1.4929829910675512,4.671862064628719,0.36328832736607675,5.801556728330194,0.8346155783610234,5.330229477335247,True,True,True,3.178879073561168,5.438268400964118,4.495613898974224,1.9121499772191428,1.1517868676193552,3.082422527848135,3.082422527848135
7,3,3.438518743190559,6.617397816751727,2.3088240794890846,7.747092480453201,2.7801513304840313,7.275765229458255,True,True,True,3.178879073561168,5.438268400964116,4.495613898974224,4.508723737102672,5.482548492332835,5.027958279971143,5.027958279971143
7,4,7.1858895930213444,10.364768666582513,6.0561949293198705,11.494463330283986,6.527522180314817,11.02313607928904,True,True,True,3.178879073561169,5.438268400964116,4.495613898974224,8.648699776263909,9.530706301347045,8.775329129801928,8.775329129801928
7,5,5.573558105206863,8.75243717876803,4.443863441505389,9.882131842469505,4.915190692500335,9.410804591474559,True,True,True,3.178879073561167,5.438268400964116,4.495613898974224,7.033717967992942,6.072165746827225,7.162997641987447,7.162997641987447
7,6,3.3786550737716166,6.557534147332785,2.248960410070142,7.6872288110342595,2.720287661065089,7.215901560039312,True,True,True,3.178879073561168,5.438268400964118,4.495613898974224,4.55327733293473,3.8846552319874648,4.968094610552201,4.968094610552201
7,7,7.859518305402436,11.038397378963605,6.729823641700962,12.168092042665078,7.2011508926959085,11.696764791670132,True,True,True,3.178879073561169,5.438268400964116,4.495613898974224,8.545788377143555,7.77426544896158,9.44895784218302,9.44895784218302
7,8,10.754939691343267,13.933818764904434,9.625245027641792,15.063513428605908,10.096572278636739,14.592186177610962,True,True,True,3.1788790735611663,5.438268400964116,4.495613898974224,12.612146667412746,12.345187161908678,12.34437922812385,12.34437922812385
7,9,10.4764072254372,13.65528629899837,9.346712561735727,14.784980962699843,9.818039812730673,14.313653711704896,True,True,True,3.17887907356117,5.438268400964116,4.495613898974224,11.736709553707069,10.884435741952544,12.065846762217785,12.065846762217785
7,10,3.0138421394968047,6.192721213057973,1.8841474757953303,7.322415876759447,2.355474726790277,6.8510886257645005,True,True,True,3.178879073561168,5.438268400964116,4.495613898974224,4.922405976488221,5.472052244978524,4.603281676277389,4.603281676277389
7,11,1.6617977730807922,4.84067684664196,0.5321031093793178,5.970371510343435,1.0034303603742645,5.499044259348488,True,True,True,3.178879073561168,5.438268400964118,4.495613898974224,2.614759592180543,3.6275875488283997,3.2512373098613763,3.2512373098613763
7,12,3.233046995429606,6.411926068990774,2.1033523317281317,7.541620732692248,2.5746795827230784,7.070293481697302,True,True,True,3.178879073561168,5.438268400964116,4.495613898974224,4.071401491588262,3.2419422175222055,4.82248653221019,4.82248653221019
7,13,9.61824947396731,12.79712854752848,8.488554810265837,13.926823211229953,8.959882061260783,13.455495960235007,True,True,True,3.17887907356117,5.438268400964116,4.495613898974224,11.654997905794449,11.509814063134847,11.207689010747895,11.207689010747895
7,14,6.776015005771961,9.95489407933313,5.646320342070487,11.084588743034603,6.117647593065433,10.613261492039657,True,True,True,3.178879073561169,5.438268400964116,4.495613898974224,7.761290588094724,6.458046476656315,8.365454542552545,8.365454542552545
7,15,12.663770591681828,15.842649665242998,11.534075927980355,16.972344328944473,12.005403178975302,16.501017077949527,True,True,True,3.17887907356117,5.438268400964118,4.495613898974225,14.081398812503364,15.42161380310905,14.253210128462413,14.253210128462413
7,16,7.516195606377917,10.695074679939086,6.386500942676443,11.82476934364056,6.85782819367139,11.353442092645613,True,True,True,3.178879073561169,5.438268400964116,4.495613898974224,8.05986939618227,9.185981085124473,9.105635143158501,9.105635143158501
7,17,10.283969096465572,13.462848170026739,9.154274432764097,14.592542833728213,9.625601683759044,14.121215582733267,True,True,True,3.1788790735611663,5.438268400964116,4.495613898974224,11.976113250150272,11.303882415043375,11.873408633246155,11.873408633246155
7,18,0.3373371701394732,3.516216243700641,-0.7923574935620012,4.645910907402116,-0.3210302425670546,4.174583656407169,True,True,True,3.178879073561168,5.438268400964117,4.495613898974224,0.9681013840616295,1.1024686075817873,1.9267767069200572,1.9267767069200572
7,19,5.487916880497953,8.666795954059122,4.358222216796479,9.796490617760595,4.829549467791425,9.325163366765649,True,True,True,3.178879073561169,5.438268400964116,4.495613898974224,6.379714762386931,6.1959207710912105,7.077356417278537,7.077356417278537
7,20,8.928334282429354,12.107213355990524,7.798639618727881,13.236908019691997,8.269966869722827,12.76558076869705,True,True,True,3.17887907356117,5.438268400964116,4.495613898974224,10.169080728276082,8.519547916859787,10.517773819209939,10.517773819209939
7,21,12.130233810347487,15.309112883908657,11.000539146646014,16.438807547610132,11.47186639764096,15.967480296615184,True,True,True,3.17887907356117,5.438268400964118,4.495613898974224,14.115193601478015,14.696079330898344,13.719673347128072,13.719673347128072
7,22,12.462501153491917,15.641380227053084,11.332806489790443,16.77107489075456,11.804133740785389,16.299747639759612,True,True,True,3.1788790735611663,5.438268400964116,4.495613898974224,14.12100903920249,15.198826381184341,14.0519406902725,14.0519406902725
7,23,9.651416535322607,12.830295608883777,8.521721871621134,13.95999027258525,8.99304912261608,13.488663021590304,True,True,True,3.17887907356117,5.438268400964116,4.495613898974224,10.677120156741589,11.156732243266374,11.240856072103192,11.240856072103192
7,24,4.1230624718692175,7.3019415454303855,2.993367808167743,8.43163620913186,3.4646950591626897,7.960308958136913,True,True,True,3.178879073561168,5.438268400964116,4.495613898974224,5.132049684239993,3.389092978630365,5.7125020086498015,5.7125020086498015
7,25,4.896886177547682,8.07576525110885,3.7671915138462073,9.205459914810325,4.238518764841154,8.734132663815377,True,True,True,3.178879073561168,5.438268400964118,4.495613898974223,5.552782215548238,5.558493626646156,6.486325714328266,6.486325714328266
7,26,1.2781808733885884,4.457059946949757,0.148486209687114,5.586754610651231,0.6198134606820607,5.115427359656284,True,True,True,3.1788790735611685,5.438268400964117,4.495613898974224,2.5974825239072654,1.5880690516722928,2.8676204101691725,2.8676204101691725
7,27,6.912584024054779,10.091463097615947,5.782889360353305,11.221157761317421,6.254216611348252,10.749830510322475,True,True,True,3.178879073561167,5.438268400964116,4.495613898974224,7.952974066907418,8.762910518757696,8.502023560835363,8.502023560835363
7,28,0.750280806938469,3.929159880499637,-0.37941385676300543,5.058854544201111,0.09191339423194123,4.587527293206165,True,True,True,3.178879073561168,5.438268400964116,4.495613898974224,2.3182298087290136,2.7071482228842894,2.339720343719053,2.339720343719053
7,29,9.663377726932996,12.842256800494166,8.533683063231523,13.971951464195639,9.00501031422647,13.500624213200693,True,True,True,3.17887907356117,5.438268400964116,4.495613898974224,11.251206649233227,10.414309457943256,11.252817263713581,11.252817263713581
7,30,14.782079654421338,17.960958727982508,13.652384990719865,19.090653391683983,14.123712241714811,18.619326140689033,True,False,True,3.17887907356117,5.438268400964118,4.495613898974222,17.633881409673684,19.8363301115399,16.371519191201923,16.371519191201923
7,31,4.718067148994375,7.896946222555543,3.5883724852929,9.026640886257017,4.059699736287847,8.55531363526207,True,True,True,3.178879073561168,5.438268400964116,4.495613898974224,5.606092488531989,5.3677544724052115,6.307506685774959,6.307506685774959
7,32,6.865375770506252,10.04425484406742,5.735681106804778,11.173949507768894,6.207008357799724,10.702622256773948,True,True,True,3.178879073561169,5.438268400964116,4.495613898974224,8.021657351222036,6.420158097575736,8.454815307286836,8.454815307286836
7,33,7.025922815484441,10.204801889045608,5.896228151782967,11.334496552747083,6.3675554027779135,10.863169301752137,True,True,True,3.178879073561167,5.438268400964116,4.495613898974224,9.250339754343862,6.989588050828506,8.615362352265025,8.615362352265025
7,34,0.591874878977332,3.7707539525385,-0.5378197847241424,4.9004486162399745,-0.06649253372919572,4.429121365245027,True,True,True,3.178879073561168,5.438268400964117,4.495613898974224,1.1030015661725483,0.10843947656300745,2.181314415757916,2.181314415757916
7,35,2.0580895734999602,5.236968647061128,0.9283949097984858,6.366663310762602,1.3997221607934325,5.895336059767656,True,True,True,3.178879073561168,5.438268400964116,4.495613898974224,3.2570787703539925,2.862401729539159,3.6475291102805443,3.6475291102805443
7,36,5.867992500901597,9.046871574462765,4.738297837200122,10.17656623816424,5.209625088195069,9.705238987169292,True,True,True,3.178879073561168,5.438268400964118,4.495613898974223,8.399090908245734,7.246524285930053,7.457432037682181,7.457432037682181
7,37,6.469966925864997,9.648845999426165,5.3402722621635235,10.77854066312764,5.81159951315847,10.307213412132693,True,True,True,3.178879073561167,5.438268400964116,4.495613898974224,8.079963501710433,7.701687289093463,8.059406462645581,8.059406462645581
7,38,10.891427461658875,14.070306535220041,9.7617327979574,15.200001198921516,10.233060048952346,14.72867394792657,True,True,True,3.1788790735611663,5.438268400964116,4.495613898974224,12.834650595308322,13.353646399414664,12.480866998439458,12.480866998439458
7,39,11.394879539724311,14.573758613285477,10.265184876022836,15.703453276986952,10.736512127017782,15.232126025992006,True,True,True,3.1788790735611663,5.438268400964116,4.495613898974224,13.598687878499078,13.917061809615497,12.984319076504894,12.984319076504894
7,40,1.3179091164453967,4.496788190006565,0.18821445274392223,5.626482853708039,0.6595417037388689,5.1551556027130925,True,True,True,3.178879073561168,5.438268400964116,4.495613898974224,2.502041392393869,2.678175567085279,2.9073486532259807,2.9073486532259807
7,41,5.312805421584344,8.491684495145513,4.18311075788287,9.621379158846986,4.654438008877817,9.15005190785204,True,True,True,3.178879073561169,5.438268400964116,4.495613898974224,7.744288305101267,6.822924969678903,6.902244958364928,6.902244958364928
7,42,5.993359898414059,9.172238971975226,4.863665234712585,10.3019336356767,5.334992485707531,9.830606384681754,True,True,True,3.178879073561167,5.438268400964116,4.495613898974224,7.534385994088318,9.36201790597051,7.582799435194643,7.582799435194643
7,43,7.400054456944409,10.578933530505576,6.270359793242935,11.708628194207051,6.741687044237882,11.237300943212105,True,True,True,3.178879073561167,5.438268400964116,4.495613898974224,9.601919417958278,9.743128697211027,8.989493993724993,8.989493993724993
7,44,9.843339904639894,13.022218978201064,8.71364524093842,14.151913641902537,9.184972491933367,13.68058639090759,True,True,True,3.17887907356117,5.438268400964116,4.495613898974224,11.619704726820459,12.544355208915603,11.432779441420479,11.432779441420479
7,45,10.748399477303849,13.927278550865015,9.618704813602374,15.05697321456649,10.09003206459732,14.585645963571544,True,True,True,3.1788790735611663,5.438268400964116,4.495613898974224,11.768451428599578,10.431776997265978,12.337839014084432,12.337839014084432
7,46,4.4771311058242516,7.65601017938542,3.347436442122777,8.785704843086894,3.818763693117724,8.314377592091947,True,True,True,3.178879073561168,5.438268400964116,4.495613898974224,5.995239524575701,6.011316215056729,6.066570642604836,6.066570642604836
7,47,6.756509935705275,9.935389009266444,5.626815272003801,11.065083672967917,6.098142522998748,10.593756421972971,True,True,True,3.178879073561169,5.438268400964116,4.495613898974224,9.261152877121782,9.18527083331175,8.34594947248586,8.34594947248586
7,48,3.024342652697843,6.203221726259011,1.8946479889963688,7.332916389960486,2.3659752399913154,6.861589138965539,True,True,True,3.178879073561168,5.438268400964118,4.495613898974224,3.9076434860525,4.283735263088821,4.613782189478427,4.613782189478427
7,49,8.62411427287332,11.80299334643449,7.494419609171848,12.932688010135964,7.965746860166794,12.461360759141018,True,True,True,3.17887907356117,5.438268400964116,4.495613898974224,10.191931838519041,10.960472611413623,10.213553809653906,10.213553809653906
7,50,8.571423162449602,11.750302236010768,7.441728498748127,12.879996899712243,7.913055749743073,12.408669648717296,True,True,True,3.1788790735611663,5.438268400964116,4.495613898974224,8.671335049622144,8.887748512370313,10.160862699230185,10.160862699230185
7,51,1.1237843366628057,4.302663410223974,-0.005910327038668672,5.432358073925448,0.465416923956278,4.961030822930502,True,True,True,3.178879073561168,5.438268400964116,4.495613898974224,1.9586495235771422,2.714398997930757,2.7132238734433898,2.7132238734433898
7,52,12.503723455522891,15.682602529084061,11.374028791821418,16.812297192785536,11.845356042816364,16.34096994179059,True,True,True,3.17887907356117,5.438268400964118,4.495613898974225,14.083343093610864,15.735395440032132,14.093162992303476,14.093162992303476
7,53,4.22413528135403,7.403014354915198,3.094440617652556,8.532709018616673,3.5657678686475025,8.061381767621725,True,True,True,3.178879073561168,5.438268400964118,4.495613898974223,5.41590930492831,4.494041572205373,5.813574818134614,5.813574818134614
7,54,7.794727132945282,10.97360620650645,6.665032469243808,12.103300870207924,7.1363597202387545,11.631973619212978,True,True,True,3.178879073561167,5.438268400964116,4.495613898974224,9.459375833437123,9.583967910517144,9.384166669725866,9.384166669725866
7,55,5.926073103176686,9.104952176737854,4.796378439475211,10.234646840439328,5.267705690470158,9.763319589444382,True,True,True,3.178879073561168,5.438268400964118,4.4956138989742245,7.278256554177678,8.852291712300275,7.51551263995727,7.51551263995727
7,56,8.080899673601287,11.259778747162457,6.951205009899814,12.38947341086393,7.42253226089476,11.918146159868984,True,True,True,3.17887907356117,5.438268400964116,4.495613898974224,8.649052359324564,8.58467126602379,9.670339210381872,9.670339210381872
7,57,6.657990923870018,9.836869997431187,5.528296260168544,10.96656466113266,5.99962351116349,10.495237410137713,True,True,True,3.178879073561169,5.438268400964116,4.495613898974224,7.261639022136325,9.495787790908368,8.247430460650602,8.247430460650602
7,58,3.854656554724045,7.033535628285213,2.7249618910225704,8.163230291986688,3.196289142017517,7.691903040991741,True,True,True,3.178879073561168,5.438268400964118,4.495613898974224,6.396908746845511,4.6830041866098995,5.444096091504629,5.444096091504629
7,59,4.30391209773356,7.482791171294728,3.174217434032086,8.612485834996203,3.6455446850270325,8.141158584001257,True,True,True,3.178879073561168,5.438268400964118,4.4956138989742245,6.3905450129620665,6.753812943000749,5.893351634514144,5.893351634514144
7,60,1.9407573598685413,5.11963643342971,0.8110626961670668,6.249331097131184,1.2823899471620135,5.778003846136237,True,True,True,3.1788790735611685,5.438268400964117,4.495613898974224,3.508036304220151,4.534212828696028,3.5301968966491253,3.5301968966491253
7,61,11.54150186125462,14.72038093481579,10.411807197553147,15.850075598517263,10.883134448548093,15.378748347522317,True,True,True,3.17887907356117,5.438268400964116,4.495613898974224,13.942687938074897,13.90906336735009,13.130941398035205,13.130941398035205
7,62,6.608307741813744,9.787186815374913,5.47861307811227,10.916881479076386,5.949940329107216,10.44555422808144,True,True,True,3.178879073561169,5.438268400964116,4.495613898974224,7.343692988569161,7.45856629946565,8.197747278594328,8.197747278594328
7,63,5.5076478117591865,8.686526885320355,4.377953148057712,9.81622154902183,4.849280399052659,9.344894298026883,True,True,True,3.178879073561168,5.438268400964118,4.4956138989742245,7.1564490900203825,6.142330253768717,7.0970873485397705,7.0970873485397705
7,64,0.2903751360172404,3.4692542095784082,-0.839319527684234,4.598948873279883,-0.36799227668928736,4.127621622284936,True,True,True,3.178879073561168,5.438268400964117,4.495613898974224,2.4467601666583745,3.2161590279616816,1.8798146727978244,1.8798146727978244
7,65,5.373366583266641,8.55224565682781,4.243671919565166,9.681940320529284,4.714999170560113,9.210613069534336,True,True,True,3.178879073561168,5.438268400964118,4.495613898974223,7.241722474151043,8.619120033777826,6.962806120047225,6.962806120047225
7,66,7.965284238786849,11.144163312348017,6.8355895750853755,12.273857976049491,7.306916826080322,11.802530725054545,True,True,True,3.178879073561167,5.438268400964116,4.495613898974224,10.21517856427141,8.81554321582872,9.554723775567433,9.554723775567433
7,67,7.58102278164283,10.759901855204,6.451328117941356,11.889596518905472,6.922655368936303,11.418269267910526,True,True,True,3.178879073561169,5.438268400964116,4.495613898974224,9.529802808777465,9.202537234351835,9.170462318423414,9.170462318423414
7,68,12.511706294290452,15.690585367851618,11.382011630588977,16.820280031553093,11.853338881583923,16.348952780558147,True,True,True,3.1788790735611663,5.438268400964116,4.495613898974224,14.748641685106438,14.336480036798175,14.101145831071035,14.101145831071035
7,69,7.14405676845815,10.32293584201932,6.014362104756676,11.452630505720792,6.485689355751623,10.981303254725846,True,True,True,3.178879073561169,5.438268400964116,4.495613898974224,7.861169915051542,9.283135764827524,8.733496305238734,8.733496305238734
7,70,3.726984825084969,6.905863898646137,2.5972901613834947,8.035558562347612,3.0686174123784413,7.564231311352665,True,True,True,3.178879073561168,5.438268400964118,4.495613898974224,4.946524298738575,6.193605614136254,5.316424361865553,5.316424361865553
7,71,9.903156828794675,13.082035902355845,8.773462165093202,14.211730566057318,9.244789416088148,13.740403315062371,True,True,True,3.17887907356117,5.438268400964116,4.495613898974224,12.700005913030765,12.517327160457393,11.49259636557526,11.49259636557526
7,72,1.6315876894234185,4.8104667629845865,0.501893025721944,5.9401614266860605,0.9732202767168907,5.468834175691114,True,True,True,3.178879073561168,5.438268400964116,4.495613898974224,2.3970518215544883,2.2968171105102155,3.2210272262040025,3.2210272262040025
7,73,6.399719967090573,9.578599040651742,5.270025303389099,10.708293704353215,5.741352554384045,10.236966453358269,True,True,True,3.178879073561169,5.438268400964116,4.495613898974224,7.129299160607381,8.095960919715646,7.989159503871157,7.989159503871157
7,74,1.681825544616403,4.8607046181775715,0.5521308809149286,5.9903992818790455,1.0234581319098752,5.519072030884098,True,True,True,3.1788790735611685,5.438268400964117,4.495613898974224,2.3251006474531133,2.4696446342704284,3.271265081396987,3.271265081396987
7,75,11.326350854927043,14.505229928488212,10.19665619122557,15.634924592189686,10.667983442220516,15.16359734119474,True,True,True,3.17887907356117,5.438268400964116,4.495613898974224,11.97192521750625,12.026438307586643,12.915790391707628,12.915790391707628
7,76,9.356533363221505,12.535412436782675,8.226838699520032,13.665107100484148,8.698165950514978,13.193779849489202,True,True,True,3.17887907356117,5.438268400964116,4.495613898974224,11.258815382762613,11.395926772018019,10.94597290000209,10.94597290000209
7,77,8.31993263985838,11.498811713419549,7.190237976156906,12.628506377121022,7.661565227151852,12.157179126126076,True,True,True,3.17887907356117,5.438268400964116,4.495613898974224,10.022487246056631,10.206279802797894,9.909372176638964,9.909372176638964
7,78,5.889844029866982,9.06872310342815,4.760149366165507,10.198417767129625,5.231476617160454,9.727090516134677,True,True,True,3.178879073561168,5.438268400964118,4.495613898974223,7.473372490566187,6.340842604774437,7.479283566647566,7.479283566647566
7,79,11.604712273065285,14.783591346626451,10.47501760936381,15.913286010327926,10.946344860358757,15.44195875933298,True,True,True,3.1788790735611663,5.438268400964116,4.495613898974224,13.643019788388749,14.044788408450213,13.194151809845868,13.194151809845868
7,80,7.059823158844602,10.238702232405771,5.930128495143128,11.368396896107244,6.401455746138074,10.897069645112298,True,True,True,3.178879073561169,5.438268400964116,4.495613898974224,8.51139120923406,8.29073367564773,8.649262695625186,8.649262695625186
7,81,4.155612871397644,7.334491944958812,3.02591820769617,8.464186608660286,3.4972454586911166,7.99285935766534,True,True,True,3.178879073561168,5.438268400964116,4.495613898974224,4.896907504884757,5.079657549409164,5.745052408178228,5.745052408178228
7,82,8.554848319264444,11.73372739282561,7.425153655562969,12.863422056527085,7.896480906557915,12.392094805532139,True,True,True,3.1788790735611663,5.438268400964116,4.495613898974224,11.051824161993967,10.81314773490394,10.144287856045027,10.144287856045027
7,83,9.00812209997467,12.18700117353584,7.878427436273197,13.316695837237313,8.349754687268144,12.845368586242367,True,True,True,3.17887907356117,5.438268400964116,4.495613898974224,10.480335769453264,11.24427562934032,10.597561636755255,10.597561636755255
7,84,10.924173701625172,14.103052775186338,9.794479037923697,15.232747438887813,10.265806288918643,14.761420187892867,True,True,True,3.1788790735611663,5.438268400964116,4.495613898974224,12.67839414243102,12.732497758287186,12.513613238405755,12.513613238405755
7,85,7.843551559220455,11.022430632781624,6.7138568955189815,12.152125296483097,7.185184146513928,11.680798045488151,True,True,True,3.178879073561169,5.438268400964116,4.495613898974224,9.319943193571019,8.570671621405754,9.43299109600104,9.43299109600104
7,86,6.899686119280346,10.078565192841513,5.769991455578872,11.208259856542988,6.241318706573818,10.736932605548041,True,True,True,3.178879073561167,5.438268400964116,4.495613898974224,8.415543164547245,7.58496101893889,8.48912565606093,8.48912565606093
7,87,1.553560070283575,4.7324391438447435,0.4238654065821006,5.8621338075462175,0.8951926575770472,5.39080655655127,True,True,True,3.1788790735611685,5.438268400964117,4.495613898974224,2.6395325460384447,3.538078191563004,3.142999607064159,3.142999607064159
7,88,7.467345906167282,10.646224979728451,6.3376512424658085,11.775919643429924,6.808978493460755,11.304592392434978,True,True,True,3.178879073561169,5.438268400964116,4.495613898974224,8.727358862753974,8.571242126950212,9.056785442947866,9.056785442947866
7,89,8.427429606521411,11.606308680082577,7.297734942819936,12.736003343784052,7.769062193814882,12.264676092789106,True,True,True,3.1788790735611663,5.438268400964116,4.495613898974224,10.393317619672537,10.315484425111785,10.016869143301994,10.016869143301994
7,90,4.9623526188433935,8.141231692404562,3.832657955141919,9.270926356106036,4.303985206136866,8.799599105111088,True,True,True,3.178879073561168,5.438268400964118,4.495613898974223,5.40931246392912,5.132895598280925,6.5517921556239775,6.5517921556239775
7,91,9.842185204673566,13.021064278234732,8.712490540972091,14.150758941936207,9.183817791967037,13.67943169094126,True,True,True,3.1788790735611663,5.438268400964116,4.495613898974224,11.383055529984334,12.23176870916821,11.431624741454149,11.431624741454149
7,92,9.682794969736882,12.861674043298049,8.553100306035407,13.991368706999523,9.024427557030354,13.520041456004577,True,True,True,3.1788790735611663,5.438268400964116,4.495613898974224,11.850012153891909,11.875007316565483,11.272234506517465,11.272234506517465
7,93,2.9450544825018428,6.123933556063011,1.8153598188003683,7.253628219764485,2.286687069795315,6.782300968769539,True,True,True,3.178879073561168,5.438268400964116,4.495613898974224,3.574698426327249,2.708969370948026,4.534494019282427,4.534494019282427
7,94,9.150054645752505,12.328933719313675,8.020359982051032,13.458628383015148,8.491687233045978,12.987301132020201,True,True,True,3.17887907356117,5.438268400964116,4.495613898974224,10.623450974493675,9.818751584515367,10.73949418253309,10.73949418253309
7,95,13.105670140787534,16.284549214348704,11.975975477086061,17.41424387805018,12.447302728081008,16.942916627055233,True,True,True,3.17887907356117,5.438268400964118,4.495613898974225,15.523451479901247,17.262131079276514,14.69510967756812,14.69510967756812
7,96,1.4488305550482061,4.627709628609374,0.3191358913467317,5.757404292310849,0.7904631423416784,5.286077041315902,True,True,True,3.1788790735611676,5.438268400964117,4.495613898974224,3.021143279834508,3.4780932309796926,3.03827009182879,3.03827009182879
7,97,1.7562866576183862,4.935165731179554,0.6265919939169118,6.064860394881029,1.0979192449118584,5.5935331438860825,True,True,True,3.1788790735611676,5.438268400964117,4.495613898974224,2.096217714172293,2.0911323722150605,3.3457261943989702,3.3457261943989702
7,98,12.827645590116806,16.006524663677972,11.69795092641533,17.136219327379447,12.169278177410277,16.6648920763845,True,True,True,3.1788790735611663,5.438268400964116,4.495613898974224,15.281745824922044,15.083394205153274,14.417085126897389,14.417085126897389
7,99,10.530821331763509,13.709700405324675,9.401126668062034,14.83939506902615,9.87245391905698,14.368067818031204,True,True,True,3.1788790735611663,5.438268400964116,4.495613898974224,12.896849315872533,12.797286440035457,12.120260868544092,12.120260868544092
7,100,5.344187982145678,8.523067055706846,4.2144933184442035,9.652761719408321,4.685820569439151,9.181434468413375,True,True,True,3.178879073561168,5.438268400964118,4.4956138989742245,5.861960055820576,5.347188029243977,6.933627518926262,6.933627518926262
7,101,14.093166588137095,17.272045661698264,12.963471924435622,18.40174032539974,13.434799175430568,17.93041307440479,False,True,True,3.17887907356117,5.438268400964118,4.495613898974222,17.37904952186909,18.29398371570131,15.68260612491768,15.68260612491768
7,102,4.830784603734167,8.009663677295336,3.7010899400326926,9.139358340996809,4.172417191027639,8.668031090001863,True,True,True,3.178879073561169,5.438268400964116,4.495613898974224,5.699316858229141,6.1549697194144475,6.420224140514751,6.420224140514751
7,103,7.799346817592858,10.978225891154025,6.669652153891384,12.1079205548555,7.14097940488633,11.636593303860554,True,True,True,3.178879073561167,5.438268400964116,4.495613898974224,9.059260390023276,9.684991204199248,9.388786354373442,9.388786354373442
7,104,8.861965077207916,12.040844150769086,7.732270413506443,13.170538814470559,8.20359766450139,12.699211563475613,True,True,True,3.17887907356117,5.438268400964116,4.495613898974224,10.496964145175575,10.42567703613939,10.451404613988501,10.451404613988501
7,105,8.805185524134924,11.984064597696094,7.675490860433451,13.113759261397567,8.146818111428397,12.64243201040262,True,True,True,3.17887907356117,5.438268400964116,4.495613898974224,10.904672012449284,10.378370724782808,10.394625060915509,10.394625060915509
7,106,4.6294230445079725,7.8083021180691405,3.499728380806498,8.937996781770615,3.9710556318014447,8.466669530775668,True,True,True,3.178879073561168,5.438268400964116,4.495613898974224,6.933871108672778,4.797766707479928,6.2188625812885565,6.2188625812885565
7,107,7.606465187687562,10.785344261248731,6.476770523986088,11.915038924950204,6.948097774981035,11.443711673955258,True,True,True,3.178879073561169,5.438268400964116,4.495613898974224,8.834895446808131,8.509165635231236,9.195904724468146,9.195904724468146
7,108,2.8850125431245885,6.063891616685757,1.7553178794231141,7.1935862803872315,2.226645130418061,6.722259029392284,True,True,True,3.178879073561168,5.438268400964118,4.495613898974224,4.417674071295927,3.9318272225287387,4.474452079905173,4.474452079905173
7,109,13.220713621209057,16.399592694770224,12.091018957507583,17.5292873584717,12.562346208502529,17.057960107476752,True,True,True,3.1788790735611663,5.438268400964116,4.495613898974224,15.582794856194404,16.33553049788501,14.81015315798964,14.81015315798964
7,110,7.715094022275749,10.893973095836916,6.585399358574275,12.023667759538391,7.056726609569221,11.552340508543445,True,True,True,3.178879073561167,5.438268400964116,4.495613898974224,8.466598875836073,7.27645068880822,9.304533559056333,9.304533559056333
7,111,7.244479287481004,10.423358361042173,6.11478462377953,11.553053024743646,6.586111874774476,11.0817257737487,True,True,True,3.178879073561169,5.438268400964116,4.495613898974224,9.164829280350864,7.7818424407266225,8.833918824261588,8.833918824261588
7,112,12.529894079174209,15.708773152735379,11.400199415472736,16.838467816436854,11.871526666467682,16.367140565441908,True,True,True,3.17887907356117,5.438268400964118,4.495613898974225,14.105474266304007,13.969244871176796,14.119333615954794,14.119333615954794
7,113,6.736874155657614,9.915753229218783,5.60717949195614,11.045447892920256,6.078506742951086,10.57412064192531,True,True,True,3.178879073561169,5.438268400964116,4.495613898974224,7.737620602692427,5.917834414212299,8.326313692438198,8.326313692438198
7,114,4.9030326129459825,8.081911686507151,3.773337949244508,9.211606350208625,4.244665200239455,8.740279099213678,True,True,True,3.178879073561169,5.438268400964116,4.495613898974224,6.30141863131665,6.219429351375669,6.4924721497265665,6.4924721497265665
7,115,6.295808852234988,9.474687925796157,5.1661141885335145,10.60438258949763,5.637441439528461,10.133055338502684,True,True,True,3.178879073561169,5.438268400964116,4.495613898974224,7.82170911333659,7.675128758992184,7.8852483890155725,7.8852483890155725
7,116,7.774952668816698,10.953831742377865,6.645258005115224,12.08352640607934,7.11658525611017,11.612199155084394,True,True,True,3.178879073561167,5.438268400964116,4.495613898974224,9.66334033701347,9.357793047521682,9.364392205597282,9.364392205597282
7,117,10.823964522492524,14.00284359605369,9.69426985879105,15.132538259755165,10.165597109785995,14.661211008760219,True,True,True,3.1788790735611663,5.438268400964116,4.495613898974224,12.578505302927976,13.762977493933477,12.413404059273107,12.413404059273107
7,118,7.125253814616655,10.304132888177822,5.995559150915181,11.433827551879297,6.466886401910127,10.96250030088435,True,True,True,3.178879073561167,5.438268400964116,4.495613898974224,9.236869466471937,9.564101144835618,8.714693351397239,8.714693351397239
7,119,2.740667525680248,5.919546599241416,1.6109728619787735,7.049241262942891,2.08230011297372,6.577914011947944,True,True,True,3.178879073561168,5.438268400964118,4.495613898974224,4.5037047311585425,4.993855837377037,4.330107062460832,4.330107062460832
7,120,13.759443972913392,16.93832304647456,12.629749309211919,18.068017710176036,13.101076560206865,17.59669045918109,True,True,True,3.17887907356117,5.438268400964118,4.495613898974225,15.14697098654874,13.60258910552718,15.348883509693977,15.348883509693977
7,121,15.356953920824683,18.535832994385853,14.22725925712321,19.665527658087328,14.698586508118156,19.19420040709238,True,True,True,3.17887907356117,5.438268400964118,4.495613898974225,17.328455030119084,17.14505063008614,16.946393457605268,16.946393457605268
7,122,8.774377679563528,11.953256753124698,7.644683015862055,13.082951416826171,8.116010266857002,12.611624165831225,True,True,True,3.17887907356117,5.438268400964116,4.495613898974224,10.105169172288658,9.187174515017741,10.363817216344113,10.363817216344113
7,123,10.55627591302839,13.73515498658956,9.426581249326917,14.864849650291033,9.897908500321863,14.393522399296087,True,True,True,3.17887907356117,5.438268400964116,4.495613898974224,12.129474634543167,12.834672994202712,12.145715449808975,12.145715449808975
7,124,4.18973591424997,7.368614987811138,3.0600412505484953,8.498309651512612,3.531368501543442,8.026982400517666,True,True,True,3.178879073561168,5.438268400964116,4.495613898974224,4.728390779608639,4.131053576587,5.779175451030554,5.779175451030554
7,125,10.06201260222916,13.240891675790326,8.932317938527685,14.370586339491801,9.403645189522631,13.899259088496855,True,True,True,3.1788790735611663,5.438268400964116,4.495613898974224,11.167067950157126,11.540890375286438,11.651452139009743,11.651452139009743
7,126,7.053523282750526,10.232402356311695,5.923828619049052,11.362097020013168,6.3951558700439985,10.890769769018222,True,True,True,3.178879073561169,5.438268400964116,4.495613898974224,7.732348922650125,9.080726684054891,8.64296281953111,8.64296281953111
7,127,7.685957810928746,10.864836884489915,6.556263147227272,11.994531548191388,7.027590398222218,11.523204297196441,True,True,True,3.178879073561169,5.438268400964116,4.495613898974224,9.873849135598736,9.906768756148187,9.27539734770933,9.27539734770933
7,128,9.697076173194848,12.875955246756014,8.567381509493373,14.005649910457489,9.03870876048832,13.534322659462543,True,True,True,3.1788790735611663,5.438268400964116,4.495613898974224,10.958912029209168,12.59437354691752,11.286515709975431,11.286515709975431
7,129,13.699320965451758,16.878200039012924,12.569626301750283,18.0078947027144,13.04095355274523,17.536567451719453,True,True,True,3.1788790735611663,5.438268400964116,4.495613898974224,15.882440060441319,17.262218800658207,15.288760502232341,15.288760502232341
7,130,12.172436348660803,15.351315422221969,11.042741684959328,16.481010085923444,11.514068935954274,16.009682834928498,True,True,True,3.1788790735611663,5.438268400964116,4.495613898974224,13.746946904913088,14.433215688823834,13.761875885441386,13.761875885441386
7,131,9.878894088002227,13.057773161563397,8.749199424300754,14.18746782526487,9.2205266752957,13.716140574269923,True,True,True,3.17887907356117,5.438268400964116,4.495613898974224,12.180738138611298,12.460082639222124,11.468333624782812,11.468333624782812
7,132,5.67550214778014,8.854381221341308,4.545807484078665,9.984075885042783,5.017134735073612,9.512748634047835,True,True,True,3.178879073561168,5.438268400964118,4.495613898974223,7.302535906087722,5.454846319174944,7.264941684560724,7.264941684560724
7,133,7.388823327703904,10.567702401265073,6.25912866400243,11.697397064966546,6.730455914997377,11.2260698139716,True,True,True,3.178879073561169,5.438268400964116,4.495613898974224,9.49964443566475,9.417370402227416,8.978262864484488,8.978262864484488
7,134,9.545443713835603,12.724322787396769,8.415749050134128,13.854017451098244,8.887076301129074,13.382690200103298,True,True,True,3.1788790735611663,5.438268400964116,4.495613898974224,11.391926596186407,9.945715172581725,11.134883250616186,11.134883250616186
7,135,12.41732268126433,15.5962017548255,11.287628017562858,16.725896418526975,11.758955268557804,16.254569167532026,True,True,True,3.17887907356117,5.438268400964118,4.495613898974222,14.532916600237161,14.563702200566148,14.006762218044916,14.006762218044916
7,136,6.139074611453141,9.31795368501431,5.0093799477516665,10.447648348715784,5.480707198746614,9.976321097720838,True,True,True,3.178879073561168,5.438268400964118,4.4956138989742245,7.652606260832004,7.760123921041048,7.728514148233725,7.728514148233725
7,137,4.565714818474962,7.74459389203613,3.436020154773488,8.874288555737605,3.9073474057684345,8.402961304742657,True,True,True,3.178879073561168,5.438268400964118,4.495613898974223,6.637471092758371,7.530821667130233,6.155154355255546,6.155154355255546
7,138,2.696592421909372,5.87547149547054,1.5668977582078978,7.005166159172015,2.0382250092028444,6.533838908177068,True,True,True,3.178879073561168,5.438268400964118,4.495613898974224,3.760585375990006,4.969023149458962,4.286031958689956,4.286031958689956
7,139,7.536989067267293,10.715868140828462,6.407294403565819,11.845562804529935,6.8786216545607655,11.374235553534989,True,True,True,3.178879073561169,5.438268400964116,4.495613898974224,7.846893765929986,7.911648027565213,9.126428604047877,9.126428604047877
7,140,12.320552594677277,15.499431668238444,11.190857930975803,16.62912633193992,11.662185181970749,16.157799080944972,True,True,True,3.1788790735611663,5.438268400964116,4.495613898974224,13.889131418223238,13.400521126486488,13.90999213145786,13.90999213145786
7,141,8.504706671955862,11.683585745517028,7.375012008254387,12.813280409218503,7.8463392592493335,12.341953158223557,True,True,True,3.1788790735611663,5.438268400964116,4.495613898974224,10.148987661336726,11.374123304657063,10.094146208736445,10.094146208736445
7,142,9.063437219192465,12.242316292753635,7.933742555490992,13.372010956455108,8.405069806485939,12.900683705460162,True,True,True,3.17887907356117,5.438268400964116,4.495613898974224,11.073919547663678,9.94140981521511,10.65287675597305,10.65287675597305
7,143,10.371528398310058,13.550407471871225,9.241833734608583,14.6801021355727,9.71316098560353,14.208774884577753,True,True,True,3.1788790735611663,5.438268400964116,4.495613898974224,11.722847111305935,10.141254244814863,11.960967935090641,11.960967935090641
7,144,7.575426661555102,10.754305735116269,6.445731997853628,11.884000398817744,6.917059248848574,11.412673147822797,True,True,True,3.178879073561167,5.438268400964116,4.495613898974224,8.720180588758174,8.899529471480824,9.164866198335686,9.164866198335686
7,145,1.5654634515668842,4.744342525128053,0.43576878786540973,5.874037188829527,0.9070960388603564,5.4027099378345795,True,True,True,3.1788790735611685,5.438268400964117,4.495613898974224,2.2719548887738683,2.258817424100606,3.154902988347468,3.154902988347468
7,146,2.980699785308974,6.159578858870142,1.8510051216074994,7.289273522571616,2.322332372602446,6.81794627157667,True,True,True,3.178879073561168,5.438268400964116,4.495613898974224,4.1821323185974775,1.9806317892066683,4.570139322089558,4.570139322089558
7,147,5.211239065481119,8.390118139042286,4.081544401779645,9.519812802743761,4.552871652774591,9.048485551748815,True,True,True,3.178879073561167,5.438268400964116,4.495613898974224,6.871738258008088,7.624253457395745,6.800678602261703,6.800678602261703
7,148,4.86012840681654,8.039007480377709,3.7304337431150656,9.168702144079182,4.201760994110012,8.697374893084236,True,True,True,3.178879073561169,5.438268400964116,4.495613898974224,6.208382604452166,6.392434863631601,6.449567943597124,6.449567943597124
7,149,3.852985490261334,7.031864563822502,2.7232908265598597,8.161559227523977,3.1946180775548063,7.69023197652903,True,True,True,3.178879073561168,5.438268400964118,4.495613898974224,5.078327500128216,6.6430532385357735,5.442425027041918,5.442425027041918
7,150,13.48615815466247,16.665037228223635,12.356463490960994,17.79473189192511,12.82779074195594,17.323404640930164,True,True,True,3.1788790735611663,5.438268400964116,4.495613898974224,16.349909617207025,16.32190619723102,15.075597691443052,15.075597691443052
7,151,7.977796859506177,11.156675933067344,6.848102195804703,12.286370596768819,7.319429446799649,11.815043345773873,True,True,True,3.178879073561167,5.438268400964116,4.495613898974224,8.237369675281085,8.278063382088265,9.567236396286761,9.567236396286761
7,152,8.84820139944716,12.027080473008326,7.7185067357456845,13.1567751367098,8.18983398674063,12.685447885714854,True,True,True,3.1788790735611663,5.438268400964116,4.495613898974224,11.359145369743732,11.107851522343765,10.437640936227742,10.437640936227742
7,153,12.569412938981152,15.748292012542318,11.439718275279677,16.877986676243793,11.911045526274624,16.406659425248847,True,True,True,3.1788790735611663,5.438268400964116,4.495613898974224,15.007035701737985,13.924858710889627,14.158852475761735,14.158852475761735
7,154,6.49071731745254,9.669596391013709,5.361022653751066,10.799291054715182,5.832349904746012,10.327963803720236,True,True,True,3.178879073561169,5.438268400964116,4.495613898974224,8.20981616578719,8.24145363920233,8.080156854233124,8.080156854233124
7,155,2.623402138060565,5.802281211621733,1.4937074743590908,6.931975875323207,1.9650347253540374,6.460648624328261,True,True,True,3.178879073561168,5.438268400964116,4.495613898974224,4.0658552334123765,4.717508391314234,4.212841674841149,4.212841674841149
7,156,5.709448812025222,8.88832788558639,4.579754148323747,10.018022549287865,5.0510813993186945,9.546695298292917,True,True,True,3.178879073561168,5.438268400964118,4.495613898974223,6.808548780612771,6.829812338631281,7.298888348805806,7.298888348805806
7,157,8.281413251883809,11.460292325444975,7.151718588182334,12.58998698914645,7.62304583917728,12.118659738151504,True,False,True,3.1788790735611663,5.438268400964116,4.495613898974224,9.375504872713154,7.024026021670839,9.870852788664392,9.870852788664392
7,158,5.214439395342045,8.393318468903214,4.084744731640571,9.523013132604687,4.556071982635517,9.05168588160974,True,True,True,3.178879073561169,5.438268400964116,4.495613898974224,5.429231469365259,4.254371149162372,6.803878932122629,6.803878932122629
7,159,0.5123519942380375,3.6912310677992055,-0.617342669463437,4.8209257315006795,-0.1460154184684903,4.349598480505733,True,True,True,3.178879073561168,5.438268400964116,4.495613898974224,2.209298389723327,3.4675179215703302,2.1017915310186215,2.1017915310186215
7,160,11.68554989423004,14.86442896779121,10.555855230528566,15.994123631492682,11.027182481523512,15.522796380497736,True,True,True,3.17887907356117,5.438268400964116,4.495613898974224,13.689630487545022,12.700513121971913,13.274989431010624,13.274989431010624
7,161,4.913256846108829,8.092135919669996,3.7835621824073544,9.22183058337147,4.254889433402301,8.750503332376525,True,True,True,3.178879073561167,5.438268400964116,4.495613898974224,6.274200898462633,6.733895918478907,6.502696382889413,6.502696382889413
7,162,6.061331038761502,9.24021011232267,4.931636375060027,10.369904776024145,5.402963626054974,9.898577525029197,True,True,True,3.178879073561168,5.438268400964118,4.495613898974223,7.776275572061314,8.74887571050763,7.650770575542086,7.650770575542086
7,163,8.701424358739501,11.880303432300668,7.571729695038027,13.009998096002143,8.043056946032973,12.538670845007196,True,True,True,3.1788790735611663,5.438268400964116,4.495613898974224,11.248852267244795,10.16688831101073,10.290863895520085,10.290863895520085
7,164,12.531765913067684,15.71064498662885,11.402071249366209,16.840339650330325,11.873398500361155,16.36901239933538,True,True,True,3.1788790735611663,5.438268400964116,4.495613898974224,14.764002427239436,14.941687996247735,14.121205449848267,14.121205449848267
7,165,12.807849026823998,15.986728100385164,11.678154363122523,17.11642276408664,12.14948161411747,16.645095513091693,True,True,True,3.1788790735611663,5.438268400964116,4.495613898974224,15.194966222931972,16.553256905954147,14.397288563604581,14.397288563604581
7,166,11.107404627775043,14.28628370133621,9.977709964073568,15.415978365037684,10.449037215068515,14.944651114042738,True,True,True,3.1788790735611663,5.438268400964116,4.495613898974224,12.874724542241648,12.007796240391428,12.696844164555626,12.696844164555626
7,167,13.437189383379145,16.61606845694031,12.30749471967767,17.745763120641787,12.778821970672617,17.27443586964684,True,True,True,3.1788790735611663,5.438268400964116,4.495613898974224,15.160904250880066,15.266580078247733,15.026628920159729,15.026628920159729
7,168,10.843377937086586,14.022257010647753,9.713683273385112,15.151951674349228,10.185010524380058,14.680624423354281,True,True,True,3.1788790735611663,5.438268400964116,4.495613898974224,11.95131036070173,12.580384133172487,12.43281747386717,12.43281747386717
7,169,4.703718737947461,7.882597811508629,3.5740240742459863,9.012292475210103,4.045351325240933,8.540965224215157,True,True,True,3.178879073561168,5.438268400964116,4.495613898974224,6.466430851712742,6.0036027043950515,6.293158274728045,6.293158274728045
7,170,7.20369658949076,10.382575663051927,6.074001925789286,11.512270326753402,6.545329176784232,11.040943075758456,True,True,True,3.178879073561167,5.438268400964116,4.495613898974224,10.146082279382084,9.202020015741084,8.793136126271344,8.793136126271344
7,171,10.89129588247173,14.0701749560329,9.761601218770258,15.199869619734374,10.232928469765204,14.728542368739427,True,True,True,3.17887907356117,5.438268400964116,4.495613898974224,11.90953887513362,12.937348007648735,12.480735419252316,12.480735419252316
7,172,7.454970960016767,10.633850033577936,6.325276296315293,11.763544697279409,6.796603547310239,11.292217446284463,True,True,True,3.178879073561169,5.438268400964116,4.495613898974224,8.011076469083239,8.209010094713545,9.04441049679735,9.04441049679735
7,173,7.014810899561128,10.193689973122297,5.885116235859654,11.32338463682377,6.3564434868546,10.852057385828823,True,True,True,3.178879073561169,5.438268400964116,4.495613898974224,8.980808338839589,9.230446981749452,8.604250436341712,8.604250436341712
7,174,6.85632393098762,10.035203004548787,5.726629267286146,11.164897668250262,6.197956518281092,10.693570417255316,True,False,True,3.178879073561167,5.438268400964116,4.495613898974224,7.494683287604795,5.424955169200588,8.445763467768204,8.445763467768204
7,175,8.89692880316137,12.075807876722536,7.7672341394598945,13.20550254042401,8.23856139045484,12.734175289429064,True,True,True,3.1788790735611663,5.438268400964116,4.495613898974224,10.856502067175512,11.248435946732915,10.486368339941952,10.486368339941952
7,176,6.639261223349032,9.818140296910201,5.509566559647558,10.947834960611674,5.980893810642504,10.476507709616728,True,True,True,3.178879073561169,5.438268400964116,4.495613898974224,7.2523763504200165,7.742221067281916,8.228700760129616,8.228700760129616
7,177,12.323472272662226,15.502351346223392,11.193777608960751,16.632046009924867,11.665104859955697,16.16071875892992,True,False,True,3.1788790735611663,5.438268400964116,4.495613898974224,15.110569356204735,16.639130705593164,13.912911809442809,13.912911809442809
7,178,7.697234353190269,10.876113426751438,6.567539689488795,12.005808090452911,7.038866940483741,11.534480839457965,True,True,True,3.178879073561169,5.438268400964116,4.495613898974224,8.82589694707439,7.542823227497202,9.286673889970853,9.286673889970853
7,179,1.1929498074987483,4.371828881059916,0.06325514379727393,5.50152354476139,0.5345823947922206,5.030196293766444,True,True,True,3.178879073561168,5.438268400964116,4.495613898974224,3.0794962007351034,4.004432334660568,2.7823893442793324,2.7823893442793324
7,180,6.781996205898673,9.960875279459842,5.652301542197199,11.090569943161315,6.123628793192145,10.619242692166369,True,True,True,3.178879073561169,5.438268400964116,4.495613898974224,8.937469322411381,9.644293256358491,8.371435742679257,8.371435742679257
7,181,7.218253662092638,10.397132735653805,6.088558998391164,11.52682739935528,6.5598862493861105,11.055500148360334,True,True,True,3.178879073561167,5.438268400964116,4.495613898974224,8.636461297911382,8.025188725932416,8.807693198873222,8.807693198873222
7,182,9.405356026201638,12.584235099762804,8.275661362500163,13.713929763464279,8.746988613495109,13.242602512469333,True,True,True,3.1788790735611663,5.438268400964116,4.495613898974224,10.440327395730858,11.702088543365392,10.99479556298222,10.99479556298222
7,183,8.67644075798798,11.85531983154915,7.546746094286506,12.985014495250622,8.018073345281453,12.513687244255676,True,True,True,3.17887907356117,5.438268400964116,4.495613898974224,10.803166221055161,10.707323874956737,10.265880294768564,10.265880294768564
7,184,8.450560871626145,11.629439945187315,7.320866207924672,12.759134608888788,7.792193458919618,12.287807357893842,True,True,True,3.17887907356117,5.438268400964116,4.495613898974224,10.414834623814626,12.5357226173,10.04000040840673,10.04000040840673
7,185,8.236420596699254,11.41529967026042,7.106725932997779,12.544994333961895,7.578053183992726,12.07366708296695,True,True,True,3.1788790735611663,5.438268400964116,4.495613898974224,9.733800878869484,8.965166540178993,9.825860133479837,9.825860133479837
7,186,1.8205471399862354,4.9994262135474035,0.690852476284761,6.129120877248878,1.1621797272797076,5.657793626253931,True,True,True,3.178879073561168,5.438268400964118,4.495613898974224,3.8064116824570204,3.9268005014169804,3.4099866767668194,3.4099866767668194
7,187,5.46368260820337,8.642561681764537,4.333987944501896,9.772256345466012,4.805315195496842,9.300929094471066,True,True,True,3.178879073561167,5.438268400964116,4.495613898974224,6.947454003171905,6.254097560559807,7.053122144983954,7.053122144983954
7,188,8.788977779234411,11.967856852795578,7.659283115532936,13.097551516497052,8.130610366527883,12.626224265502106,True,True,True,3.1788790735611663,5.438268400964116,4.495613898974224,10.10206239597846,9.579295719725135,10.378417316014994,10.378417316014994
7,189,3.1622730278834226,6.341152101444591,2.032578364181948,7.4708467651460655,2.503905615176895,6.999519514151118,True,True,True,3.178879073561168,5.438268400964118,4.495613898974224,4.048812034873123,3.1625808916691414,4.751712564664007,4.751712564664007
7,190,4.472176346207949,7.651055419769117,3.3424816825064743,8.780750083470592,3.813808933501421,8.309422832475644,True,True,True,3.178879073561168,5.438268400964118,4.495613898974223,5.580595562900173,6.364062092148266,6.061615882988533,6.061615882988533
7,191,4.237884825524827,7.416763899085995,3.108190161823353,8.54645856278747,3.5795174128182996,8.075131311792523,True,True,True,3.178879073561168,5.438268400964116,4.495613898974224,4.897441879787062,6.033869667236293,5.827324362305411,5.827324362305411
7,192,11.684728628422267,14.863607701983437,10.555033964720794,15.99330236568491,11.02636121571574,15.521975114689964,True,True,True,3.17887907356117,5.438268400964116,4.495613898974224,13.93460467537927,12.920075600303152,13.274168165202852,13.274168165202852
7,193,1.485166755727676,4.664045829288844,0.35547209202620156,5.7937404929903185,0.8267993430211482,5.322413241995372,True,True,True,3.1788790735611676,5.438268400964117,4.495613898974224,2.4194842053861,3.4428449314405256,3.07460629250826,3.07460629250826
7,194,10.629112021367625,13.807991094928791,9.49941735766615,14.937685758630266,9.970744608661096,14.46635850763532,True,True,True,3.1788790735611663,5.438268400964116,4.495613898974224,11.70538989316125,12.32987696927503,12.218551558148208,12.218551558148208
7,195,0.7501955140730576,3.9290745876342257,-0.3794991496284168,5.0587692513357005,0.09182810136652986,4.5874420003407534,True,True,True,3.178879073561168,5.438268400964118,4.495613898974224,1.700589787789466,1.732088934631199,2.3396350508536417,2.3396350508536417
7,196,5.98060856324396,9.159487636805128,4.850913899542485,10.289182300506603,5.322241150537432,9.817855049511657,True,True,True,3.178879073561168,5.438268400964118,4.4956138989742245,7.4352722638252615,7.6010446521106925,7.570048100024544,7.570048100024544
7,197,8.61059006852031,11.78946914208148,7.4808954048188365,12.919163805782953,7.952222655813783,12.447836554788006,True,True,True,3.17887907356117,5.438268400964116,4.495613898974224,10.16700245701744,10.055169451819044,10.200029605300895,10.200029605300895
7,198,3.9682940884192046,7.147173161980373,2.83859942471773,8.276867825681848,3.309926675712677,7.8055405746869,True,True,True,3.178879073561168,5.438268400964118,4.495613898974224,5.706188987692538,4.8788630941808,5.557733625199789,5.557733625199789
7,199,11.750748724673134,14.929627798234304,10.62105406097166,16.05932246193578,11.092381311966607,15.58799521094083,True,True,True,3.17887907356117,5.438268400964118,4.495613898974224,12.876312072347254,11.980140590416678,13.340188261453719,13.340188261453719
